"ticker","volatility_ratio","sharpe_ratio","treynor_ratio","jensen_alpha","beta_index","sortino_ratio","max_drawdown","r_squared","created_at","updated_at"
"LTMT11",NULL,NULL,NULL,NULL,NULL,NULL,NULL,NULL,"2025-07-02 00:00:00","2025-11-22 00:00:00"
"ELDO11",NULL,NULL,NULL,NULL,NULL,NULL,NULL,NULL,"2025-07-02 00:00:00","2025-11-22 00:00:00"
"LRDI11",NULL,NULL,NULL,NULL,NULL,NULL,NULL,NULL,"2025-07-02 00:00:00","2025-11-22 00:00:00"
"LPLP11",NULL,NULL,NULL,NULL,NULL,NULL,NULL,NULL,"2025-07-02 00:00:00","2025-11-22 00:00:00"
"LLAO11",NULL,NULL,NULL,NULL,NULL,NULL,NULL,NULL,"2025-07-02 00:00:00","2025-11-22 00:00:00"
"LKDV11",NULL,NULL,NULL,NULL,NULL,NULL,NULL,NULL,"2024-05-22 00:00:00","2025-11-22 00:00:00"
"LIFE11","3.0898","-1.2876","-0.0033","-0.001","0.420","-0.1158","0.2485","0.0185","2024-06-10 00:00:00","2025-11-22 00:00:00"
"LFTT11","10.6237","-0.7991","-0.0399","-0.003","0.074","-0.0611","0.8042","0.0000","2024-05-22 00:00:00","2025-11-22 00:00:00"
"LASC11","2.5269","-1.8483","-0.0166","-0.002","0.096","-0.1425","0.3338","0.0014","2024-05-22 00:00:00","2025-11-22 00:00:00"
"KORE11","2.9508","-2.3768","-0.0031","-0.002","0.773","-0.1928","0.4009","0.0686","2024-05-22 00:00:00","2025-11-22 00:00:00"
"KNUQ11","1.3089","-1.5022","-0.0014","-0.001","0.470","-0.1368","0.1008","0.1287","2024-05-22 00:00:00","2025-11-22 00:00:00"
"KNSC11","1.6579","-1.6456","-0.0016","-0.001","0.573","-0.1350","0.1766","0.1193","2024-05-22 00:00:00","2025-11-22 00:00:00"
"KNRI11","1.8736","-1.2012","-0.0020","-0.001","0.378","-0.0915","0.1526","0.0408","2024-05-22 00:00:00","2025-11-22 00:00:00"
"KNRE11","10.6929","-0.4756","-0.0034","-0.001","0.497","-0.0428","0.5908","0.0022","2024-05-22 00:00:00","2025-11-22 00:00:00"
"KNIP11","1.3818","-2.0238","-0.0038","-0.001","0.255","-0.1978","0.1239","0.0339","2024-05-22 00:00:00","2025-11-22 00:00:00"
"KNHY11","1.3115","-2.1169","-0.0029","-0.001","0.326","-0.1866","0.1321","0.0616","2024-05-22 00:00:00","2025-11-22 00:00:00"
"KNHF11","2.0424","-0.5966","-0.0007","0.000","0.624","-0.0547","0.1827","0.0932","2024-05-22 00:00:00","2025-11-22 00:00:00"
"KNCR11","1.1425","-1.5831","-0.0043","-0.001","0.146","-0.1306","0.0829","0.0162","2024-05-22 00:00:00","2025-11-22 00:00:00"
"KIVO11","2.9098","-1.5348","-0.0020","-0.001","0.755","-0.1391","0.3236","0.0672","2024-05-22 00:00:00","2025-11-22 00:00:00"
"KISU11","2.1284","-1.5799","-0.0024","-0.001","0.490","-0.1362","0.1876","0.0530","2024-05-22 00:00:00","2025-11-22 00:00:00"
"KFOF11","1.9189","-0.8528","-0.0011","0.000","0.493","-0.0797","0.1878","0.0660","2024-05-22 00:00:00","2025-11-22 00:00:00"
"KFEN11",NULL,NULL,NULL,NULL,NULL,NULL,NULL,NULL,"2025-07-02 00:00:00","2025-11-22 00:00:00"
"KEVE11","5.7273","-1.6184","-0.0075","-0.003","0.428","-0.1332","0.3841","0.0056","2024-05-22 00:00:00","2025-11-22 00:00:00"
"KCRE11","1.8968","-2.0206","-0.0024","-0.001","0.559","-0.1701","0.2275","0.0869","2024-05-22 00:00:00","2025-11-22 00:00:00"
"JSRE11","2.2647","-0.3555","-0.0008","0.000","0.346","-0.0315","0.1477","0.0234","2024-05-22 00:00:00","2025-11-22 00:00:00"
"JSCR11","4.3826","-2.2516","-0.0062","-0.002","0.321","-0.2027","0.2008","0.0054","2025-07-02 00:00:00","2025-11-22 00:00:00"
"JSAF11","2.7811","-1.6230","-0.0020","-0.001","0.763","-0.1471","0.3763","0.0753","2024-05-22 00:00:00","2025-11-22 00:00:00"
"JPPC11","15.6894","1.9635","0.0103","0.008","0.785","0.1937","0.2907","0.0025","2024-05-22 00:00:00","2025-11-22 00:00:00"
"JPPA11","1.7022","-1.4111","-0.0019","-0.001","0.426","-0.1311","0.1450","0.0626","2024-05-22 00:00:00","2025-11-22 00:00:00"
"JFLL11","2.2626","-0.8393","-0.0019","-0.001","0.351","-0.0633","0.1773","0.0241","2024-05-22 00:00:00","2025-11-22 00:00:00"
"JCIN11",NULL,NULL,NULL,NULL,NULL,NULL,NULL,NULL,"2025-07-02 00:00:00","2025-11-22 00:00:00"
"JCCJ11","8.0919","0.0327",NULL,"0.000","-0.046","0.0027","0.1634","0.0000","2024-05-22 00:00:00","2025-11-22 00:00:00"
"JBFO11",NULL,NULL,NULL,NULL,NULL,NULL,NULL,NULL,"2024-05-22 00:00:00","2025-11-22 00:00:00"
"JASC11",NULL,NULL,NULL,NULL,NULL,NULL,NULL,NULL,"2024-05-22 00:00:00","2025-11-22 00:00:00"
"ITRI11","2.0897","-1.0623","-0.0018","-0.001","0.427","-0.0916","0.2497","0.0418","2024-05-29 00:00:00","2025-11-22 00:00:00"
"ITIT11","1.4691","-1.5764","-0.0023","-0.001","0.343","-0.1573","0.1204","0.0545","2024-05-22 00:00:00","2025-11-22 00:00:00"
"ITIP11","1.4925","-2.1234","-0.0030","-0.001","0.369","-0.1995","0.1808","0.0611","2024-05-22 00:00:00","2025-11-22 00:00:00"
"ISCJ11",NULL,NULL,NULL,NULL,NULL,NULL,NULL,NULL,"2024-05-22 00:00:00","2025-11-22 00:00:00"
"IRIM11","2.2385","0.1101","0.0002","0.000","0.504","0.0102","0.1694","0.0507","2024-05-22 00:00:00","2025-11-22 00:00:00"
"IRDM11","1.8796","-1.1609","-0.0015","-0.001","0.499","-0.1020","0.1667","0.0705","2024-05-22 00:00:00","2025-11-22 00:00:00"
"INRD11","5.1855","0.1346","0.0003","0.000","0.369","0.0141","0.0811","0.0051","2025-07-02 00:00:00","2025-11-22 00:00:00"
"INLG11","1.5509","-1.3649","-0.0021","-0.001","0.363","-0.1275","0.1021","0.0547","2024-12-02 00:00:00","2025-11-22 00:00:00"
"ICRI11","2.3378","-1.3460","-0.0020","-0.001","0.544","-0.1077","0.2001","0.0541","2024-05-29 00:00:00","2025-11-22 00:00:00"
"ICNE11",NULL,NULL,NULL,NULL,NULL,NULL,NULL,NULL,"2024-05-22 00:00:00","2025-11-22 00:00:00"
"IBFF11",NULL,NULL,NULL,NULL,NULL,NULL,NULL,NULL,"2024-05-22 00:00:00","2025-11-22 00:00:00"
"IBCR11","2.0727","-2.6590","-0.0127","-0.002","0.149","-0.1913","0.3165","0.0051","2024-05-22 00:00:00","2025-11-22 00:00:00"
"IBBP11","16.2579","-0.7578","-0.0005","-0.001","4.200","-0.0657","0.2584","0.0667","2025-07-02 00:00:00","2025-11-22 00:00:00"
"HYPI11",NULL,NULL,NULL,NULL,NULL,NULL,NULL,NULL,"2025-07-02 00:00:00","2025-11-22 00:00:00"
"HUSI11",NULL,NULL,NULL,NULL,NULL,NULL,NULL,NULL,"2024-05-22 00:00:00","2025-11-22 00:00:00"
"HUSC11","5.1050","-0.5368","-0.0056","-0.001","0.162","-0.0456","0.2638","0.0010","2024-05-22 00:00:00","2025-11-22 00:00:00"
"HUCG11","8.6335","-0.3733","-0.0027","-0.001","0.386","-0.0326","0.3135","0.0020","2024-05-22 00:00:00","2025-11-22 00:00:00"
"HTMX11","2.5254","-2.6313","-0.0723","-0.002","0.032","-0.1510","0.4119","0.0002","2024-05-22 00:00:00","2025-11-22 00:00:00"
"HSRE11","1.9913","-1.1417","-0.0059","-0.001","0.127","-0.0972","0.1737","0.0040","2024-05-22 00:00:00","2025-11-22 00:00:00"
"HSML11","1.9966","-1.2335","-0.0020","-0.001","0.424","-0.1090","0.2367","0.0450","2024-05-22 00:00:00","2025-11-22 00:00:00"
"HSLG11","1.9668","-0.6819","-0.0012","0.000","0.371","-0.0691","0.2176","0.0355","2024-05-22 00:00:00","2025-11-22 00:00:00"
"HSAF11","2.5365","-0.6814","-0.0008","0.000","0.742","-0.0579","0.2094","0.0856","2024-05-22 00:00:00","2025-11-22 00:00:00"
"HRES11",NULL,NULL,NULL,NULL,NULL,NULL,NULL,NULL,"2025-07-02 00:00:00","2025-11-22 00:00:00"
"HREC11","2.2863","-0.6618","-0.0008","0.000","0.636","-0.0671","0.1534","0.0773","2024-05-22 00:00:00","2025-11-22 00:00:00"
"HRDF11","7.4517","-1.6449","-0.0595","-0.004","0.066","-0.1286","0.5504","0.0001","2024-05-22 00:00:00","2025-11-22 00:00:00"
"HPDP11","3.0679","-0.5177","-0.0019","0.000","0.268","-0.0427","0.1250","0.0076","2024-05-22 00:00:00","2025-11-22 00:00:00"
"HOSI11","3.8442","-0.4266","-0.0407","-0.001","0.014","-0.0409","0.1698","0.0000","2024-05-22 00:00:00","2025-11-22 00:00:00"
"HOMS11",NULL,NULL,NULL,NULL,NULL,NULL,NULL,NULL,"2025-07-02 00:00:00","2025-11-22 00:00:00"
"HOFC11","5.1764","-1.0807",NULL,"-0.002","-0.382","-0.1037","0.3577","0.0054","2024-05-22 00:00:00","2025-11-22 00:00:00"
"HLOG11","1.5422","-0.5716","-0.0015","0.000","0.198","-0.0477","0.1624","0.0165","2024-05-22 00:00:00","2025-11-22 00:00:00"
"HILG11",NULL,NULL,NULL,NULL,NULL,NULL,NULL,NULL,"2024-05-22 00:00:00","2025-11-22 00:00:00"
"HGRU11","1.4752","-1.3034","-0.0017","-0.001","0.396","-0.1333","0.1255","0.0721","2024-05-22 00:00:00","2025-11-22 00:00:00"
"HGRE11","2.4736","-0.1971","-0.0003","0.000","0.560","-0.0190","0.1670","0.0512","2024-05-22 00:00:00","2025-11-22 00:00:00"
"HGPO11","1.3356","1.1018","0.0025","0.001","0.201","0.0960","0.0454","0.0226","2024-05-22 00:00:00","2025-11-22 00:00:00"
"HGLG11","1.4444","-1.0501","-0.0013","0.000","0.404","-0.0993","0.1121","0.0781","2024-05-22 00:00:00","2025-11-22 00:00:00"
"HGIC11","5.7131","-1.4314","-0.0487","-0.003","0.057","-0.1119","0.4837","0.0001","2024-05-22 00:00:00","2025-11-22 00:00:00"
"HGFF11","2.0711","-1.9301","-0.0038","-0.001","0.364","-0.1761","0.2518","0.0308","2024-05-22 00:00:00","2025-11-22 00:00:00"
"HGCR11","1.5847","-1.9032","-0.0022","-0.001","0.467","-0.1681","0.1288","0.0870","2024-05-22 00:00:00","2025-11-22 00:00:00"
"HGBS11","1.7013","-1.7301","-0.0018","-0.001","0.553","-0.1530","0.2033","0.1055","2024-05-22 00:00:00","2025-11-22 00:00:00"
"HGBL11","1.6797","-2.1026","-0.0403","-0.001","0.030","-0.1500","0.2188","0.0003","2024-05-29 00:00:00","2025-11-22 00:00:00"
"HFOF11","1.6970","-1.6489","-0.0020","-0.001","0.491","-0.1414","0.2186","0.0837","2024-05-22 00:00:00","2025-11-22 00:00:00"
"HDOF11",NULL,NULL,NULL,NULL,NULL,NULL,NULL,NULL,"2024-05-22 00:00:00","2025-11-22 00:00:00"
"HDEL11",NULL,NULL,NULL,NULL,NULL,NULL,NULL,NULL,"2024-06-10 00:00:00","2025-11-22 00:00:00"
"HCTR11","3.5998","-1.1047","-0.0034","-0.001","0.405","-0.1018","0.2967","0.0127","2024-05-22 00:00:00","2025-11-22 00:00:00"
"HCST11",NULL,NULL,NULL,NULL,NULL,NULL,NULL,NULL,"2024-05-22 00:00:00","2025-11-22 00:00:00"
"HCRI11","4.1928","-0.5130","-0.0020","-0.001","0.373","-0.0338","0.2750","0.0079","2024-05-22 00:00:00","2025-11-22 00:00:00"
"HCHG11","3.5410","-0.4937","-0.0032","-0.001","0.187","-0.0417","0.1791","0.0028","2024-05-22 00:00:00","2025-11-22 00:00:00"
"HBCR11","2.3068","-0.2152","-0.0018","0.000","0.110","-0.0188","0.1162","0.0023","2024-05-22 00:00:00","2025-11-22 00:00:00"
"HABT11","1.8988","-2.1869","-0.0023","-0.001","0.616","-0.2104","0.2146","0.1053","2024-05-22 00:00:00","2025-11-22 00:00:00"
"HAAA11","9.8690","-0.4146","-0.0414","-0.001","0.030","-0.0362","0.4493","0.0000","2024-05-22 00:00:00","2025-11-22 00:00:00"
"GZIT11","3.2853","-0.8495","-0.0013","-0.001","0.731","-0.0842","0.3045","0.0495","2024-06-10 00:00:00","2025-11-22 00:00:00"
"GTWR11","1.5413","-1.9451","-0.0028","-0.001","0.374","-0.1568","0.2240","0.0588","2024-05-22 00:00:00","2025-11-22 00:00:00"
"GTLG11",NULL,NULL,NULL,NULL,NULL,NULL,NULL,NULL,"2024-05-22 00:00:00","2025-11-22 00:00:00"
"GSFI11","1.6300","0.9025","0.0031","0.001","0.164","0.0760","0.1140","0.0102","2024-05-22 00:00:00","2025-11-22 00:00:00"
"GRUL11","4.3848","-1.0190","-0.0016","-0.001","0.590","-0.0847","0.1348","0.0181","2025-04-01 00:00:00","2025-11-22 00:00:00"
"GLPF11","0.9407","-4.7604","-0.0236","-0.001","0.031","-0.2676","0.0137","0.0011","2025-07-02 00:00:00","2025-11-22 00:00:00"
"GLOG11","3.0253","-0.7847","-0.0023","-0.001","0.356","-0.0682","0.2900","0.0139","2024-05-22 00:00:00","2025-11-22 00:00:00"
"GLCR11",NULL,NULL,NULL,NULL,NULL,NULL,NULL,NULL,"2025-07-02 00:00:00","2025-11-22 00:00:00"
"GGRC11","1.4112","-1.2626","-0.0016","-0.001","0.395","-0.1053","0.1199","0.0784","2024-05-22 00:00:00","2025-11-22 00:00:00"
"GFDL11",NULL,NULL,NULL,NULL,NULL,NULL,NULL,NULL,"2025-07-02 00:00:00","2025-11-22 00:00:00"
"GCRI11","2.1561","-1.7420","-0.0125","-0.001","0.103","-0.1628","0.1777","0.0023","2024-05-22 00:00:00","2025-11-22 00:00:00"
"GCOI11",NULL,NULL,NULL,NULL,NULL,NULL,NULL,NULL,"2024-05-22 00:00:00","2025-11-22 00:00:00"
"GCDL11",NULL,NULL,NULL,NULL,NULL,NULL,NULL,NULL,"2025-07-02 00:00:00","2025-11-22 00:00:00"
"GARE11","1.5909","-1.0690","-0.0014","0.000","0.431","-0.0845","0.1422","0.0735","2024-05-22 00:00:00","2025-11-22 00:00:00"
"GAME11","1.4604","-1.4102","-0.0031","-0.001","0.228","-0.1300","0.1357","0.0245","2024-05-22 00:00:00","2025-11-22 00:00:00"
"FYTO11","2.4203","-2.1700","-0.0013","-0.001","0.751","-0.1791","0.0687","0.0962","2025-06-12 00:00:00","2025-11-22 00:00:00"
"FVPQ11","3.5449","-0.0629","-0.0001","0.000","0.585","-0.0069","0.3954","0.0272","2024-05-22 00:00:00","2025-11-22 00:00:00"
"FTCE11",NULL,NULL,NULL,NULL,NULL,NULL,NULL,NULL,"2025-07-02 00:00:00","2025-11-22 00:00:00"
"FPNG11","7.1101","3.6572",NULL,"0.010","-0.046","0.5522","0.1227","0.0000","2024-05-22 00:00:00","2025-11-22 00:00:00"
"FPAB11","7.4791","0.0394","0.0002","0.000","0.543","0.0033","0.2981","0.0053","2024-05-22 00:00:00","2025-11-22 00:00:00"
"FMOF11","9.6950","0.0079","0.0000","0.000","0.730","0.0007","0.2940","0.0057","2024-05-22 00:00:00","2025-11-22 00:00:00"
"LVBI11","2.1344","-0.1890","-0.0002","0.000","0.579","-0.0186","0.1909","0.0735","2024-05-22 00:00:00","2025-11-22 00:00:00"
"FLMA11","2.5822","-0.0604","-0.0001","0.000","0.419","-0.0054","0.1134","0.0264","2024-05-22 00:00:00","2025-11-22 00:00:00"
"FLCR11","1.0928","-1.7700","-0.0103","-0.001","0.064","-0.1571","0.0666","0.0035","2024-05-22 00:00:00","2025-11-22 00:00:00"
"FIVN11","8.4197","-0.9976",NULL,"-0.003","-0.151","-0.0822","0.6770","0.0003","2024-05-22 00:00:00","2025-11-22 00:00:00"
"FISC11","9.7830","-0.5265","-0.0023","-0.001","0.749","-0.0424","0.4472","0.0059","2024-05-22 00:00:00","2025-11-22 00:00:00"
"FIIP11","6.3010","1.2815","0.0025","0.001","0.537","0.1293","0.1087","0.0073","2025-07-02 00:00:00","2025-11-22 00:00:00"
"FIIB11","1.3818","-1.3808","-0.0044","-0.001","0.149","-0.1333","0.0699","0.0116","2024-05-22 00:00:00","2025-11-22 00:00:00"
"FIGS11","1.8408","-1.0775","-0.0013","-0.001","0.516","-0.1069","0.1408","0.0785","2024-05-22 00:00:00","2025-11-22 00:00:00"
"FCFL11","1.9881","-0.7273",NULL,"-0.001","-0.038","-0.0655","0.1172","0.0004","2024-05-22 00:00:00","2025-11-22 00:00:00"
"FATN11","1.2001","-1.9636","-0.0025","-0.001","0.318","-0.1679","0.1714","0.0700","2024-05-22 00:00:00","2025-11-22 00:00:00"
"FAMB11","6.0269","0.7707","0.0366","0.002","0.043","0.0642","0.2547","0.0001","2024-06-10 00:00:00","2025-11-22 00:00:00"
"FAED11","2.2108","-0.4354","-0.0071","0.000","0.046","-0.0396","0.1095","0.0004","2024-05-22 00:00:00","2025-11-22 00:00:00"
"EXES11","1.6390","-0.4762","-0.0028","0.000","0.094","-0.0450","0.0664","0.0033","2024-05-22 00:00:00","2025-11-22 00:00:00"
"EURO11","3.3185","0.2891","0.0012","0.000","0.272","0.0286","0.1905","0.0067","2024-05-22 00:00:00","2025-11-22 00:00:00"
"ERPA11","2.2644","-1.1420",NULL,"-0.001","-0.296","-0.0966","0.0670","0.0171","2024-05-22 00:00:00","2025-11-22 00:00:00"
"ERCR11",NULL,NULL,NULL,NULL,NULL,NULL,NULL,NULL,"2024-05-22 00:00:00","2025-11-22 00:00:00"
"EQIR11","1.8283","-1.7967","-0.0032","-0.001","0.358","-0.1400","0.2376","0.0384","2024-05-22 00:00:00","2025-11-22 00:00:00"
"EMET11","15.7303","-0.4614","-0.0004","-0.001","3.497","-0.0413","0.2021","0.0494","2025-07-02 00:00:00","2025-11-22 00:00:00"
"EIRA11",NULL,NULL,NULL,NULL,NULL,NULL,NULL,NULL,"2025-07-02 00:00:00","2025-11-22 00:00:00"
"EGYR11","7.5798","-0.1190","-0.0005","0.000","0.655","-0.0110","0.2194","0.0075","2024-05-22 00:00:00","2025-11-22 00:00:00"
"EGDB11","3.1646","1.9630","0.0030","0.001","0.351","7.8721","0.0000","0.0123","2025-07-02 00:00:00","2025-11-22 00:00:00"
"EDGE11",NULL,NULL,NULL,NULL,NULL,NULL,NULL,NULL,"2025-07-02 00:00:00","2025-11-22 00:00:00"
"EDGA11","3.3451","-0.8093","-0.0043","-0.001","0.214","-0.0730","0.1511","0.0041","2024-05-22 00:00:00","2025-11-22 00:00:00"
"EDFO11","6.9463","-0.6970","-0.0062","-0.001","0.246","-0.0533","0.3774","0.0013","2024-06-10 00:00:00","2025-11-22 00:00:00"
"EAGL11",NULL,NULL,NULL,NULL,NULL,NULL,NULL,NULL,"2025-07-02 00:00:00","2025-11-22 00:00:00"
"DVLT11",NULL,NULL,NULL,NULL,NULL,NULL,NULL,NULL,"2025-07-02 00:00:00","2025-11-22 00:00:00"
"DVLP11",NULL,NULL,NULL,NULL,NULL,NULL,NULL,NULL,"2025-07-02 00:00:00","2025-11-22 00:00:00"
"DVFF11","3.8624","-1.2139","-0.0132","-0.002","0.122","-0.1071","0.2741","0.0010","2024-05-22 00:00:00","2025-11-22 00:00:00"
"DPRO11","5.5371","-0.5444",NULL,"-0.001","-0.463","-0.0436","0.2532","0.0070","2024-05-22 00:00:00","2025-11-22 00:00:00"
"DOVL11",NULL,NULL,NULL,NULL,NULL,NULL,NULL,NULL,"2024-06-10 00:00:00","2025-11-22 00:00:00"
"DEVA11","2.9757","-2.8928","-0.0050","-0.003","0.594","-0.2239","0.4746","0.0399","2024-05-22 00:00:00","2025-11-22 00:00:00"
"DAYM11","8.7357","-1.5411","-0.0023","-0.002","0.970","-0.1247","0.2313","0.0123","2025-07-02 00:00:00","2025-11-22 00:00:00"
"DAMT11","11.7361","-1.9638","-0.1241","-0.005","0.040","-0.1642","0.4777","0.0000","2025-07-02 00:00:00","2025-11-22 00:00:00"
"DAMA11","4.6569","-0.0903","-0.0012","0.000","0.125","-0.0074","0.1865","0.0007","2024-05-29 00:00:00","2025-11-22 00:00:00"
"CYLD11",NULL,NULL,NULL,NULL,NULL,NULL,NULL,NULL,"2025-07-02 00:00:00","2025-11-22 00:00:00"
"CYCR11","1.8847","-1.8204","-0.0065","-0.001","0.182","-0.1572","0.2177","0.0094","2024-05-22 00:00:00","2025-11-22 00:00:00"
"CXTL11","6.2434","0.2261","0.0109","0.000","0.042","0.0184","0.3397","0.0000","2024-05-22 00:00:00","2025-11-22 00:00:00"
"CXRI11","5.1041","-0.3754","-0.0094","-0.001","0.070","-0.0363","0.2218","0.0002","2024-05-22 00:00:00","2025-11-22 00:00:00"
"CXCO11","2.4819","-1.8599","-0.0041","-0.001","0.388","-0.1528","0.3255","0.0244","2024-05-22 00:00:00","2025-11-22 00:00:00"
"CXCI11","1.9315","-2.3372","-0.0039","-0.001","0.400","-0.1867","0.2670","0.0429","2024-05-22 00:00:00","2025-11-22 00:00:00"
"CXCE11","1.9356","-1.3493","-0.0078","-0.001","0.115","-0.1150","0.1340","0.0036","2024-06-10 00:00:00","2025-11-22 00:00:00"
"CXAG11","1.5028","-2.3512","-0.0095","-0.001","0.128","-0.2271","0.1777","0.0073","2024-05-22 00:00:00","2025-11-22 00:00:00"
"CVBI11",NULL,NULL,NULL,NULL,NULL,NULL,NULL,NULL,"2025-10-14 00:00:00","2025-11-22 00:00:00"
"CTXT11","7.1009","-0.6383","-0.0030","-0.001","0.512","-0.0562","0.3783","0.0052","2024-05-22 00:00:00","2025-11-22 00:00:00"
"CSMC11",NULL,NULL,NULL,NULL,NULL,NULL,NULL,NULL,"2024-05-22 00:00:00","2025-11-22 00:00:00"
"CRFF11","4.1646","-0.1093","-0.0012","0.000","0.135","-0.0095","0.1892","0.0010","2024-05-22 00:00:00","2025-11-22 00:00:00"
"CPUR11","1.8477","0.2364","0.0004","0.000","0.224","0.0220","0.0312","0.0147","2025-06-12 00:00:00","2025-11-22 00:00:00"
"CPTS11","1.7834","-1.3161","-0.0016","-0.001","0.510","-0.1114","0.2411","0.0819","2024-05-22 00:00:00","2025-11-22 00:00:00"
"CPSH11","1.6109","0.3567","0.0005","0.000","0.383","0.0398","0.1364","0.0566","2024-05-22 00:00:00","2025-11-22 00:00:00"
"CPOF11","0.3964","-2.3126",NULL,"0.000","-0.025","-0.2617","0.0116","0.0039","2024-05-22 00:00:00","2025-11-22 00:00:00"
"CPLG11","2.2220","1.8270","0.0024","0.001","0.347","0.4260","0.0153","0.0244","2025-07-02 00:00:00","2025-11-22 00:00:00"
"CNES11","5.9459","0.3906","0.0034","0.001","0.233","0.0416","0.2644","0.0015","2024-05-22 00:00:00","2025-11-22 00:00:00"
"CLIN11","2.1162","-1.2670","-0.0018","-0.001","0.512","-0.1129","0.2043","0.0586","2024-05-22 00:00:00","2025-11-22 00:00:00"
"CJCT11","3.2535","-0.2564","-0.0007","0.000","0.376","-0.0246","0.2119","0.0134","2024-05-22 00:00:00","2025-11-22 00:00:00"
"CIXM11",NULL,NULL,NULL,NULL,NULL,NULL,NULL,NULL,"2024-05-22 00:00:00","2025-11-22 00:00:00"
"CIXF11",NULL,NULL,NULL,NULL,NULL,NULL,NULL,NULL,"2025-07-02 00:00:00","2025-11-22 00:00:00"
"CFII11",NULL,NULL,NULL,NULL,NULL,NULL,NULL,NULL,"2025-07-02 00:00:00","2025-11-22 00:00:00"
"CFHI11",NULL,NULL,NULL,NULL,NULL,NULL,NULL,NULL,"2025-07-02 00:00:00","2025-11-22 00:00:00"
"CEOC11","2.1834","-0.6048","-0.0013","0.000","0.339","-0.0590","0.1376","0.0241","2024-05-22 00:00:00","2025-11-22 00:00:00"
"CENU11",NULL,NULL,NULL,NULL,NULL,NULL,NULL,NULL,"2024-06-10 00:00:00","2025-11-22 00:00:00"
"CCVA11",NULL,NULL,NULL,NULL,NULL,NULL,NULL,NULL,"2025-07-02 00:00:00","2025-11-22 00:00:00"
"CCME11","2.9822","-0.6366","-0.0009","0.000","0.711","-0.0554","0.2209","0.0569","2024-06-10 00:00:00","2025-11-22 00:00:00"
"CBOP11","6.0140","-0.0003","0.0000","0.000","0.531","0.0000","0.2724","0.0078","2024-05-22 00:00:00","2025-11-22 00:00:00"
"CARE11","4.5636","-0.5533","-0.0016","-0.001","0.552","-0.0588","0.2011","0.0147","2024-05-22 00:00:00","2025-11-22 00:00:00"
"CACR11","3.3510","-1.6791","-0.0057","-0.002","0.340","-0.1353","0.4121","0.0103","2024-05-22 00:00:00","2025-11-22 00:00:00"
"BVAR11",NULL,NULL,NULL,NULL,NULL,NULL,NULL,NULL,"2024-05-22 00:00:00","2025-11-22 00:00:00"
"BTYU11","7.1431","-0.7403","-0.0029","-0.001","0.536","-0.0553","0.3130","0.0056","2024-05-29 00:00:00","2025-11-22 00:00:00"
"BTWR11",NULL,NULL,NULL,NULL,NULL,NULL,NULL,NULL,"2024-05-22 00:00:00","2025-11-22 00:00:00"
"BTSI11",NULL,NULL,NULL,NULL,NULL,NULL,NULL,NULL,"2025-07-02 00:00:00","2025-11-22 00:00:00"
"BTSG11",NULL,NULL,NULL,NULL,NULL,NULL,NULL,NULL,"2024-05-22 00:00:00","2025-11-22 00:00:00"
"BTRA11","3.3280","0.2142","0.0012","0.000","0.198","0.0230","0.1729","0.0035","2024-05-22 00:00:00","2025-11-22 00:00:00"
"BTML11",NULL,NULL,NULL,NULL,NULL,NULL,NULL,NULL,"2024-05-22 00:00:00","2025-11-22 00:00:00"
"BTLG11","1.6574","-0.8231","-0.0036","0.000","0.129","-0.0755","0.1438","0.0061","2024-05-22 00:00:00","2025-11-22 00:00:00"
"BTHI11","3.6138","-0.6655","-0.0138","-0.001","0.061","-0.0528","0.1834","0.0003","2024-05-22 00:00:00","2025-11-22 00:00:00"
"BTHF11","2.1822","-0.7707","-0.0081","-0.001","0.062","-0.0727","0.2003","0.0008","2024-12-20 00:00:00","2025-11-22 00:00:00"
"BTCI11","1.9185","-1.4833","-0.0016","-0.001","0.612","-0.1167","0.2314","0.1017","2024-05-22 00:00:00","2025-11-22 00:00:00"
"BTAL11","1.8907","-0.7824","-0.0019","0.000","0.273","-0.0694","0.1281","0.0209","2024-05-22 00:00:00","2025-11-22 00:00:00"
"BSLT11",NULL,NULL,NULL,NULL,NULL,NULL,NULL,NULL,"2025-07-02 00:00:00","2025-11-22 00:00:00"
"BROF11","2.6814","-0.3464","-0.0015","0.000","0.219","-0.0351","0.1339","0.0067","2024-05-22 00:00:00","2025-11-22 00:00:00"
"BRIP11","6.6458","-1.0174",NULL,"-0.002","-0.562","-0.0861","0.4382","0.0072","2024-05-22 00:00:00","2025-11-22 00:00:00"
"BRIM11","9.3055","-2.2519","-0.0062","-0.007","1.155","-0.1786","0.8312","0.0154","2024-05-22 00:00:00","2025-11-22 00:00:00"
"BRCR11","1.7462","-1.5298","-0.0022","-0.001","0.414","-0.1281","0.1983","0.0562","2024-05-22 00:00:00","2025-11-22 00:00:00"
"BRCO11","1.7363","-0.9416","-0.0013","0.000","0.436","-0.0821","0.1727","0.0630","2024-05-22 00:00:00","2025-11-22 00:00:00"
"BPML11","2.0015","-1.7137","-0.0048","-0.001","0.246","-0.1398","0.2888","0.0151","2024-05-22 00:00:00","2025-11-22 00:00:00"
"BPFF11","1.9631","-1.7646","-0.0029","-0.001","0.418","-0.1581","0.2678","0.0453","2024-05-22 00:00:00","2025-11-22 00:00:00"
"BNFS11","2.4444","-2.7451","-0.0038","-0.002","0.612","-0.1977","0.4011","0.0627","2024-05-22 00:00:00","2025-11-22 00:00:00"
"BMLT11",NULL,NULL,NULL,NULL,NULL,NULL,NULL,NULL,"2025-07-02 00:00:00","2025-11-22 00:00:00"
"BMLC11","2.1508","-0.7471",NULL,"-0.001","-0.125","-0.0641","0.1131","0.0034","2024-05-22 00:00:00","2025-11-22 00:00:00"
"BLUR11","10.6494","-1.0787",NULL,"-0.004","-0.688","-0.0898","0.5321","0.0042","2024-05-22 00:00:00","2025-11-22 00:00:00"
"BLUE11",NULL,NULL,NULL,NULL,NULL,NULL,NULL,NULL,"2025-07-02 00:00:00","2025-11-22 00:00:00"
"BLOG11",NULL,NULL,NULL,NULL,NULL,NULL,NULL,NULL,"2025-07-02 00:00:00","2025-11-22 00:00:00"
"BLMO11","4.4719","-0.5234",NULL,"-0.001","-0.023","-0.0448","0.2172","0.0000","2024-05-22 00:00:00","2025-11-22 00:00:00"
"BLMG11","3.1741","-1.2836","-0.0070","-0.001","0.200","-0.1025","0.3498","0.0040","2024-05-22 00:00:00","2025-11-22 00:00:00"
"BLCA11","6.6130","-1.0090",NULL,"-0.002","-0.242","-0.0776","0.4259","0.0013","2024-05-22 00:00:00","2025-11-22 00:00:00"
"BIPE11",NULL,NULL,NULL,NULL,NULL,NULL,NULL,NULL,"2025-07-02 00:00:00","2025-11-22 00:00:00"
"BIPD11",NULL,NULL,NULL,NULL,NULL,NULL,NULL,NULL,"2025-07-02 00:00:00","2025-11-22 00:00:00"
"BIME11","2.1553","-1.9262","-0.0028","-0.001","0.513","-0.1516","0.2194","0.0566","2024-05-22 00:00:00","2025-11-22 00:00:00"
"BICE11",NULL,NULL,NULL,NULL,NULL,NULL,NULL,NULL,"2024-05-22 00:00:00","2025-11-22 00:00:00"
"BGRB11",NULL,NULL,NULL,NULL,NULL,NULL,NULL,NULL,"2025-07-02 00:00:00","2025-11-22 00:00:00"
"BCRI11","1.9953","-0.5954","-0.0011","0.000","0.361","-0.0513","0.1464","0.0328","2024-05-22 00:00:00","2025-11-22 00:00:00"
"BCIA11","2.0099","-1.4893","-0.0021","-0.001","0.491","-0.1252","0.2244","0.0596","2024-05-22 00:00:00","2025-11-22 00:00:00"
"BBRC11","2.1633","-0.9285","-0.0019","-0.001","0.361","-0.0867","0.1836","0.0278","2024-05-22 00:00:00","2025-11-22 00:00:00"
"BBIG11","2.5017","-2.0905","-0.0025","-0.002","0.731","-0.1741","0.3636","0.0854","2024-05-29 00:00:00","2025-11-22 00:00:00"
"BBFO11","1.8177","-1.5820","-0.0023","-0.001","0.437","-0.1479","0.2277","0.0577","2024-05-22 00:00:00","2025-11-22 00:00:00"
"BBFI11","5.6340","0.4251",NULL,"0.001","-0.131","0.0469","0.3904","0.0005","2024-06-10 00:00:00","2025-11-22 00:00:00"
"BARI11","2.3422","-0.6072","-0.0011","0.000","0.475","-0.0592","0.2753","0.0411","2024-05-22 00:00:00","2025-11-22 00:00:00"
"AZPL11","2.6495","-0.5703","-0.0004","0.000","0.630","-0.0562","0.0466","0.0566","2025-07-02 00:00:00","2025-11-22 00:00:00"
"AURB11",NULL,NULL,NULL,NULL,NULL,NULL,NULL,NULL,"2025-07-02 00:00:00","2025-11-22 00:00:00"
"ATSA11","2.3161","-1.5173","-0.0081","-0.001","0.156","-0.1269","0.1947","0.0045","2024-05-22 00:00:00","2025-11-22 00:00:00"
"ASRF11",NULL,NULL,NULL,NULL,NULL,NULL,NULL,NULL,"2024-05-22 00:00:00","2025-11-22 00:00:00"
"ARXD11","3.1801","-1.6981","-0.0132","-0.002","0.141","-0.1567","0.3478","0.0020","2024-05-22 00:00:00","2025-11-22 00:00:00"
"ARRI11","1.8535","-2.4968","-0.0081","-0.002","0.196","-0.2047","0.2463","0.0112","2024-05-22 00:00:00","2025-11-22 00:00:00"
"AROA11","3.2885","-0.1938",NULL,"0.000","-0.018","-0.0170","0.1743","0.0000","2024-05-22 00:00:00","2025-11-22 00:00:00"
"APXR11",NULL,NULL,NULL,NULL,NULL,NULL,NULL,NULL,"2025-07-02 00:00:00","2025-11-22 00:00:00"
"APXM11","6.6625","-1.3828","-0.2017","-0.003","0.015","-0.1114","0.5053","0.0000","2024-05-22 00:00:00","2025-11-22 00:00:00"
"APTO11","2.2664","-1.0609",NULL,"-0.001","-0.044","-0.0888","0.1688","0.0004","2024-05-22 00:00:00","2025-11-22 00:00:00"
"ANCR11","17.8492","0.9132",NULL,"0.002","-2.266","0.0888","0.5863","0.0161","2025-07-02 00:00:00","2025-11-22 00:00:00"
"ALZR11","1.3835","-1.0596","-0.0054","0.000","0.093","-0.0810","0.1386","0.0045","2024-05-22 00:00:00","2025-11-22 00:00:00"
"ALZC11","2.8740","-1.5558",NULL,"-0.002","-0.111","-0.1067","0.2782","0.0015","2024-06-10 00:00:00","2025-11-22 00:00:00"
"ALMI11","5.1563","-0.3219","-0.0018","0.000","0.315","-0.0267","0.2047","0.0037","2024-05-22 00:00:00","2025-11-22 00:00:00"
"AJFI11","1.5098","-1.1373","-0.0024","-0.001","0.241","-0.1006","0.1571","0.0256","2024-05-22 00:00:00","2025-11-22 00:00:00"
"AIEC11","2.0797","-1.2358","-0.0030","-0.001","0.295","-0.1021","0.2695","0.0201","2024-05-22 00:00:00","2025-11-22 00:00:00"
"AFHI11","1.3539","-1.3195","-0.0037","-0.001","0.164","-0.1209","0.1215","0.0146","2024-05-22 00:00:00","2025-11-22 00:00:00"
"ABCP11","2.8273","-0.6207","-0.0022","-0.001","0.278","-0.0499","0.1822","0.0097","2024-05-22 00:00:00","2025-11-22 00:00:00"
"FLRP11","4.0115","0.0776","0.0004","0.000","0.259","0.0069","0.1177","0.0042","2024-05-22 00:00:00","2025-11-22 00:00:00"
"MANA11","1.6936","-1.2466","-0.0019","-0.001","0.387","-0.1092","0.2023","0.0521","2024-05-22 00:00:00","2025-11-22 00:00:00"
"MAXR11","2.5705","-1.3447","-0.0020","-0.001","0.581","-0.0870","0.2740","0.0512","2024-05-22 00:00:00","2025-11-22 00:00:00"
"MCCI11","1.9065","-1.3445","-0.0019","-0.001","0.465","-0.1275","0.2089","0.0596","2024-05-22 00:00:00","2025-11-22 00:00:00"
"MCEM11","2.9757","-0.0778",NULL,"0.000","-0.188","-0.0074","0.0574","0.0040","2024-05-29 00:00:00","2025-11-22 00:00:00"
"MCLO11","7.6925","0.3434",NULL,"0.001","-1.019","0.0273","0.1061","0.0175","2025-07-02 00:00:00","2025-11-22 00:00:00"
"MCRE11","2.5374","0.5319","0.0005","0.000","0.613","0.0542","0.0468","0.0583","2025-01-23 00:00:00","2025-11-22 00:00:00"
"MFII11","2.5213","-2.2606","-0.0037","-0.002","0.528","-0.1942","0.3072","0.0438","2024-05-22 00:00:00","2025-11-22 00:00:00"
"MGCR11",NULL,NULL,NULL,NULL,NULL,NULL,NULL,NULL,"2024-05-22 00:00:00","2025-11-22 00:00:00"
"MGHT11","5.5905","-0.7398",NULL,"-0.001","-0.028","-0.0600","0.4978","0.0000","2024-05-22 00:00:00","2025-11-22 00:00:00"
"MMPD11",NULL,NULL,NULL,NULL,NULL,NULL,NULL,NULL,"2025-07-02 00:00:00","2025-11-22 00:00:00"
"MMVE11",NULL,NULL,NULL,NULL,NULL,NULL,NULL,NULL,"2024-05-22 00:00:00","2025-11-22 00:00:00"
"MXRF11","1.3061","-1.7768","-0.0043","-0.001","0.185","-0.1495","0.1377","0.0200","2024-05-22 00:00:00","2025-11-22 00:00:00"
"NAUI11",NULL,NULL,NULL,NULL,NULL,NULL,NULL,NULL,"2025-07-02 00:00:00","2025-11-22 00:00:00"
"NAVT11","3.2796","-1.7599","-0.0080","-0.002","0.248","-0.1187","0.3599","0.0057","2024-05-22 00:00:00","2025-11-22 00:00:00"
"NCRI11","4.2994","-0.2039","-0.0019","0.000","0.163","-0.0186","0.2015","0.0014","2024-05-22 00:00:00","2025-11-22 00:00:00"
"NEWL11","1.7005","-1.4143","-0.0029","-0.001","0.283","-0.1050","0.2606","0.0278","2024-05-22 00:00:00","2025-11-22 00:00:00"
"ONEF11",NULL,NULL,NULL,NULL,NULL,NULL,NULL,NULL,"2024-05-22 00:00:00","2025-11-08 00:00:00"
"NEWU11","5.4673","0.2550",NULL,"0.000","-0.269","0.0223","0.2101","0.0024","2024-05-22 00:00:00","2025-11-22 00:00:00"
"NSLU11","2.7877","0.3799","0.0014","0.000","0.264","0.0443","0.2003","0.0090","2024-05-22 00:00:00","2025-11-22 00:00:00"
"NVHO11","8.4302","-0.6433","-0.0059","-0.002","0.313","-0.0496","0.4721","0.0014","2024-05-22 00:00:00","2025-11-22 00:00:00"
"OBAL11",NULL,NULL,NULL,NULL,NULL,NULL,NULL,NULL,"2025-07-02 00:00:00","2025-11-22 00:00:00"
"OCRE11","9.0173","-0.5411","-0.0205","-0.002","0.075","-0.0440","0.5126","0.0001","2024-05-22 00:00:00","2025-11-22 00:00:00"
"OPTM11",NULL,NULL,NULL,NULL,NULL,NULL,NULL,NULL,"2024-05-22 00:00:00","2025-11-22 00:00:00"
"OUJP11","2.0088","-0.8835","-0.0017","-0.001","0.353","-0.0803","0.1593","0.0309","2024-05-22 00:00:00","2025-11-22 00:00:00"
"OULG11","3.1126","0.3844",NULL,"0.000","-0.121","0.0358","0.1529","0.0015","2024-05-22 00:00:00","2025-11-22 00:00:00"
"PABY11","5.7410","-0.5325",NULL,"-0.001","-0.414","-0.0441","0.2469","0.0052","2024-05-22 00:00:00","2025-11-22 00:00:00"
"PATA11","15.1888","-0.5235","-0.0007","-0.001","1.960","-0.0384","0.1915","0.0166","2025-07-02 00:00:00","2025-11-22 00:00:00"
"PATC11","1.4137","-0.0401","-0.0003","0.000","0.071","-0.0034","0.0640","0.0025","2024-05-22 00:00:00","2025-11-22 00:00:00"
"PATL11","2.6438","-0.8670","-0.0010","-0.001","0.810","-0.0912","0.3292","0.0939","2024-05-22 00:00:00","2025-11-22 00:00:00"
"PCIP11","2.2360","-1.1833","-0.0013","-0.001","0.683","-0.1000","0.2187","0.0932","2025-10-10 00:00:00","2025-11-22 00:00:00"
"PEMA11","11.7091","-1.2548",NULL,"-0.005","-2.082","-0.0924","0.6086","0.0316","2024-05-22 00:00:00","2025-11-22 00:00:00"
"PLAG11","2.2008","-1.9324","-0.0022","-0.001","0.326","-0.1245","0.0633","0.0220","2025-07-02 00:00:00","2025-11-22 00:00:00"
"PLCR11","2.2990","-1.0318","-0.0022","-0.001","0.374","-0.0942","0.2596","0.0265","2024-05-22 00:00:00","2025-11-22 00:00:00"
"PLRI11","9.9175","-0.9370","-0.0031","-0.003","1.011","-0.0713","0.6706","0.0104","2024-05-22 00:00:00","2025-11-22 00:00:00"
"PMFO11",NULL,NULL,NULL,NULL,NULL,NULL,NULL,NULL,"2024-05-22 00:00:00","2025-11-22 00:00:00"
"PMIS11","2.6341","-1.8283","-0.0633","-0.002","0.026","-0.1534","0.3804","0.0001","2024-05-29 00:00:00","2025-11-22 00:00:00"
"PMLL11","1.5131","-1.6481","-0.0034","-0.001","0.248","-0.1269","0.2101","0.0268","2025-08-17 00:00:00","2025-11-22 00:00:00"
"PNCR11",NULL,NULL,NULL,NULL,NULL,NULL,NULL,NULL,"2024-05-22 00:00:00","2025-11-22 00:00:00"
"PNDL11",NULL,NULL,NULL,NULL,NULL,NULL,NULL,NULL,"2025-07-02 00:00:00","2025-11-22 00:00:00"
"PNPR11",NULL,NULL,NULL,NULL,NULL,NULL,NULL,NULL,"2024-05-22 00:00:00","2025-11-22 00:00:00"
"PNRC11",NULL,NULL,NULL,NULL,NULL,NULL,NULL,NULL,"2024-05-22 00:00:00","2025-11-22 00:00:00"
"PORD11","1.9045","-1.0515","-0.0009","-0.001","0.755","-0.1012","0.2075","0.1573","2024-05-22 00:00:00","2025-11-22 00:00:00"
"PQAG11","1.9730","-1.7559","-0.0097","-0.001","0.116","-0.1365","0.1958","0.0035","2024-05-22 00:00:00","2025-11-22 00:00:00"
"PQDP11","2.5014","-0.0309","-0.0001","0.000","0.262","-0.0030","0.0984","0.0110","2024-05-22 00:00:00","2025-11-22 00:00:00"
"PRSN11","10.1808","-0.6949",NULL,"-0.002","-0.074","-0.0519","0.5719","0.0001","2024-06-10 00:00:00","2025-11-22 00:00:00"
"PRSV11","9.3033","-1.3695",NULL,"-0.004","-0.028","-0.1180","0.6791","0.0000","2024-05-22 00:00:00","2025-11-22 00:00:00"
"PSEC11",NULL,NULL,NULL,NULL,NULL,NULL,NULL,NULL,"2025-10-30 00:00:00","2025-11-22 00:00:00"
"PULV11","4.3102","-0.0520","-0.0001","0.000","0.543","-0.0051","0.1582","0.0159","2024-05-22 00:00:00","2025-11-22 00:00:00"
"PVBI11","2.4125","-1.4538","-0.0022","-0.001","0.551","-0.1510","0.2489","0.0522","2024-05-22 00:00:00","2025-11-22 00:00:00"
"RBDS11","12.3705","-0.0098",NULL,"0.000","-0.376","-0.0008","0.5305","0.0009","2024-05-22 00:00:00","2025-11-22 00:00:00"
"RBFF11","2.9066","-1.6838","-0.0056","-0.002","0.302","-0.1393","0.3135","0.0108","2024-05-22 00:00:00","2025-11-22 00:00:00"
"RBHG11","2.4576","-2.4280","-0.0080","-0.002","0.258","-0.2085","0.3255","0.0110","2024-05-22 00:00:00","2025-11-22 00:00:00"
"RBHY11","1.9993","-1.6476","-0.0060","-0.001","0.188","-0.1456","0.2014","0.0089","2024-05-22 00:00:00","2025-11-22 00:00:00"
"RBIR11","1.8571","-0.2876","-0.0009","0.000","0.205","-0.0262","0.1439","0.0122","2024-05-22 00:00:00","2025-11-22 00:00:00"
"RBLG11","6.6294","-0.3728",NULL,"-0.001","-0.395","-0.0436","0.3298","0.0035","2024-05-22 00:00:00","2025-11-22 00:00:00"
"RBOP11","5.3412","-1.5688","-0.0031","-0.003","0.934","-0.1357","0.5023","0.0306","2024-05-22 00:00:00","2025-11-22 00:00:00"
"RBRD11","2.4750","-0.7799","-0.0025","-0.001","0.263","-0.0790","0.1699","0.0113","2024-05-22 00:00:00","2025-11-22 00:00:00"
"RBRF11","1.9228","-1.1299","-0.0021","-0.001","0.360","-0.1149","0.1994","0.0350","2024-05-22 00:00:00","2025-11-22 00:00:00"
"RBRI11","7.5245","3.5575","0.0579","0.013","0.218","0.3881","0.2003","0.0008","2024-05-22 00:00:00","2025-11-22 00:00:00"
"RBRK11",NULL,NULL,NULL,NULL,NULL,NULL,NULL,NULL,"2025-07-02 00:00:00","2025-11-22 00:00:00"
"RBRL11","2.3150","-0.0446","-0.0001","0.000","0.471","-0.0043","0.2147","0.0413","2024-05-22 00:00:00","2025-11-22 00:00:00"
"RBRP11","2.4906","-0.7009","-0.0017","-0.001","0.344","-0.0662","0.2883","0.0190","2024-05-22 00:00:00","2025-11-22 00:00:00"
"RBRR11","1.6871","-1.2475","-0.0024","-0.001","0.296","-0.1083","0.1667","0.0307","2024-05-22 00:00:00","2025-11-22 00:00:00"
"RBRS11","5.1609","-0.6711","-0.0079","-0.001","0.138","-0.0496","0.2626","0.0007","2024-05-22 00:00:00","2025-11-22 00:00:00"
"RBRX11","1.9327","-1.6875","-0.0039","-0.001","0.291","-0.1508","0.2538","0.0226","2024-05-22 00:00:00","2025-11-22 00:00:00"
"RBRY11","1.6270","-1.4321","-0.0027","-0.001","0.299","-0.1281","0.2097","0.0338","2024-05-22 00:00:00","2025-11-22 00:00:00"
"RBTS11","9.4002","-1.8290","-0.0124","-0.006","0.498","-0.1497","0.5283","0.0028","2024-05-22 00:00:00","2025-11-22 00:00:00"
"RBVA11","1.8808","-0.8747","-0.0008","0.000","0.678","-0.0758","0.2318","0.1300","2024-05-22 00:00:00","2025-11-22 00:00:00"
"RCFA11","8.9507","-1.1789","-0.0109","-0.003","0.327","-0.0908","0.6514","0.0013","2024-05-22 00:00:00","2025-11-22 00:00:00"
"RCFF11",NULL,NULL,NULL,NULL,NULL,NULL,NULL,NULL,"2024-05-22 00:00:00","2025-11-22 00:00:00"
"RCRB11","3.2284","-1.0345","-0.0022","-0.001","0.527","-0.0809","0.2000","0.0266","2024-05-22 00:00:00","2025-11-22 00:00:00"
"RDLI11",NULL,NULL,NULL,NULL,NULL,NULL,NULL,NULL,"2025-07-02 00:00:00","2025-11-22 00:00:00"
"RECD11","14.1386","0.6352","0.0013","0.002","1.176","0.0538","0.1182","0.0069","2025-07-02 00:00:00","2025-11-22 00:00:00"
"RECM11","5.5078","-1.4427","-0.0020","-0.001","0.659","-0.1317","0.1758","0.0143","2025-07-02 00:00:00","2025-11-22 00:00:00"
"RECR11","2.0258","-1.8170","-0.0038","-0.001","0.330","-0.1613","0.1882","0.0265","2024-05-22 00:00:00","2025-11-22 00:00:00"
"RECT11","2.6099","-0.5447","-0.0012","0.000","0.413","-0.0548","0.2685","0.0250","2024-05-22 00:00:00","2025-11-22 00:00:00"
"REIT11",NULL,NULL,NULL,NULL,NULL,NULL,NULL,NULL,"2024-05-22 00:00:00","2025-11-22 00:00:00"
"RELG11","4.4838","-0.6989","-0.0046","-0.001","0.235","-0.0661","0.1911","0.0028","2024-05-22 00:00:00","2025-11-22 00:00:00"
"RENV11","14.0360","-0.9238","-0.0352","-0.003","0.075","-0.0773","0.5242","0.0000","2025-07-02 00:00:00","2025-11-22 00:00:00"
"RFOF11","2.7822","-1.2920","-0.0020","-0.001","0.613","-0.1113","0.2982","0.0485","2024-05-22 00:00:00","2025-11-22 00:00:00"
"RINV11","1.2938","-1.4792",NULL,"-0.001","-0.020","-0.1151","0.1147","0.0002","2024-05-22 00:00:00","2025-11-22 00:00:00"
"RMAI11","4.4359","-2.0660","-0.0692","-0.003","0.043","-0.1564","0.5009","0.0001","2024-05-22 00:00:00","2025-11-22 00:00:00"
"RNGO11","2.0312","-0.8285","-0.0038","-0.001","0.153","-0.0721","0.1487","0.0057","2024-05-22 00:00:00","2025-11-22 00:00:00"
"ROOF11",NULL,NULL,NULL,NULL,NULL,NULL,NULL,NULL,"2024-05-22 00:00:00","2025-11-22 00:00:00"
"RPRI11","1.8267","-0.3766","-0.0006","0.000","0.426","-0.0343","0.1125","0.0543","2024-05-22 00:00:00","2025-11-22 00:00:00"
"RRCI11","2.1653","-1.2500","-0.0029","-0.001","0.323","-0.1081","0.1744","0.0223","2024-05-22 00:00:00","2025-11-22 00:00:00"
"RSPD11",NULL,NULL,NULL,NULL,NULL,NULL,NULL,NULL,"2024-05-22 00:00:00","2025-11-22 00:00:00"
"RVBI11","2.0082","-2.4436","-0.0031","-0.002","0.542","-0.1908","0.3017","0.0729","2024-05-22 00:00:00","2025-11-22 00:00:00"
"RZAK11","1.4423","-1.5571","-0.0023","-0.001","0.331","-0.1145","0.1423","0.0528","2024-05-22 00:00:00","2025-11-22 00:00:00"
"RZAT11","2.1260","-1.1037","-0.0013","-0.001","0.603","-0.0940","0.1963","0.0805","2024-05-22 00:00:00","2025-11-22 00:00:00"
"RZLC11",NULL,NULL,NULL,NULL,NULL,NULL,NULL,NULL,"2025-07-02 00:00:00","2025-11-22 00:00:00"
"RZTR11","1.6045","-0.9457","-0.0018","0.000","0.294","-0.0804","0.1494","0.0336","2024-05-22 00:00:00","2025-11-22 00:00:00"
"RZZR11","9.2836","1.0631",NULL,"0.002","-0.271","0.0899","0.0868","0.0009","2025-07-02 00:00:00","2025-11-22 00:00:00"
"RZZV11",NULL,NULL,NULL,NULL,NULL,NULL,NULL,NULL,"2025-07-02 00:00:00","2025-11-22 00:00:00"
"SADI11","1.3567","-1.6162","-0.0179","-0.001","0.042","-0.1378","0.1426","0.0010","2024-05-22 00:00:00","2025-11-22 00:00:00"
"SAIC11",NULL,NULL,NULL,NULL,NULL,NULL,NULL,NULL,"2025-07-02 00:00:00","2025-11-22 00:00:00"
"SAPI11","2.1978","-0.7467","-0.0042","-0.001","0.136","-0.0678","0.2061","0.0038","2024-05-22 00:00:00","2025-11-22 00:00:00"
"SARE11","2.5060","-0.0545","-0.0009","0.000","0.052","-0.0055","0.1747","0.0004","2024-05-22 00:00:00","2025-11-22 00:00:00"
"SCPF11","6.9209","-1.0526",NULL,"-0.003","-0.988","-0.0953","0.4304","0.0204","2024-05-22 00:00:00","2025-11-22 00:00:00"
"SEED11",NULL,NULL,NULL,NULL,NULL,NULL,NULL,NULL,"2024-05-22 00:00:00","2025-11-22 00:00:00"
"SEQR11","2.0093","-1.2186","-0.0029","-0.001","0.292","-0.1066","0.1875","0.0212","2024-05-22 00:00:00","2025-11-22 00:00:00"
"SHDP11",NULL,NULL,NULL,NULL,NULL,NULL,NULL,NULL,"2025-07-02 00:00:00","2025-11-22 00:00:00"
"SHOP11","13.5623","0.3832","0.0008","0.001","1.568","0.0290","0.2946","0.0134","2024-06-10 00:00:00","2025-11-22 00:00:00"
"SHPH11","4.4088","-0.3822","-0.0021","-0.001","0.272","-0.0300","0.2151","0.0038","2024-05-22 00:00:00","2025-11-22 00:00:00"
"SHPP11",NULL,NULL,NULL,NULL,NULL,NULL,NULL,NULL,"2025-07-02 00:00:00","2025-11-22 00:00:00"
"SJAU11","15.3791","-2.3206","-0.0053","-0.008","1.759","-0.1820","0.8847","0.0131","2024-05-22 00:00:00","2025-11-22 00:00:00"
"SMRE11","5.5281","-1.2725","-0.0045","-0.002","0.537","-0.0976","0.4149","0.0094","2024-05-29 00:00:00","2025-11-22 00:00:00"
"SNCI11","2.0822","-1.4618","-0.0036","-0.001","0.288","-0.1301","0.1631","0.0192","2024-05-22 00:00:00","2025-11-22 00:00:00"
"SNEL11","1.5910","-1.7872",NULL,"-0.001","-0.232","-0.1350","0.1218","0.0212","2024-05-22 00:00:00","2025-11-22 00:00:00"
"SNFF11","1.8255","-2.4571","-0.0055","-0.001","0.280","-0.2048","0.2670","0.0235","2024-05-22 00:00:00","2025-11-22 00:00:00"
"SNLG11","7.8990","1.1571","0.0105","0.003","0.296","0.1138","0.3908","0.0014","2024-05-22 00:00:00","2025-11-22 00:00:00"
"SNME11","2.3562","-1.0403",NULL,"-0.001","-0.106","-0.0863","0.1438","0.0020","2024-05-22 00:00:00","2025-11-22 00:00:00"
"SOFF11",NULL,NULL,NULL,NULL,NULL,NULL,NULL,NULL,"2025-07-02 00:00:00","2025-11-22 00:00:00"
"SOLR11",NULL,NULL,NULL,NULL,NULL,NULL,NULL,NULL,"2024-05-22 00:00:00","2025-11-22 00:00:00"
"SPDE11",NULL,NULL,NULL,NULL,NULL,NULL,NULL,NULL,"2025-07-02 00:00:00","2025-11-22 00:00:00"
"SPG211",NULL,NULL,NULL,NULL,NULL,NULL,NULL,NULL,"2025-07-02 00:00:00","2025-11-22 00:00:00"
"SPGM11",NULL,NULL,NULL,NULL,NULL,NULL,NULL,NULL,"2025-07-02 00:00:00","2025-11-22 00:00:00"
"SPMO11",NULL,NULL,NULL,NULL,NULL,NULL,NULL,NULL,"2024-05-22 00:00:00","2025-11-22 00:00:00"
"SPTW11","2.5135","-1.1707","-0.0018","-0.001","0.569","-0.0915","0.2715","0.0513","2024-05-22 00:00:00","2025-11-22 00:00:00"
"SPXS11","2.1915","-1.7862","-0.0025","-0.001","0.546","-0.1461","0.2699","0.0621","2024-05-22 00:00:00","2025-11-22 00:00:00"
"SRVD11",NULL,NULL,NULL,NULL,NULL,NULL,NULL,NULL,"2024-05-22 00:00:00","2025-11-22 00:00:00"
"STRX11",NULL,NULL,NULL,NULL,NULL,NULL,NULL,NULL,"2025-07-02 00:00:00","2025-11-22 00:00:00"
"TCIN11",NULL,NULL,NULL,NULL,NULL,NULL,NULL,NULL,"2024-05-22 00:00:00","2025-11-22 00:00:00"
"TELM11",NULL,NULL,NULL,NULL,NULL,NULL,NULL,NULL,"2025-07-02 00:00:00","2025-11-22 00:00:00"
"TEPP11","1.8091","-1.4212","-0.0019","-0.001","0.470","-0.1165","0.1991","0.0674","2024-05-22 00:00:00","2025-11-22 00:00:00"
"TGAR11","2.7192","-1.9749","-0.0027","-0.002","0.675","-0.1732","0.3467","0.0616","2024-05-22 00:00:00","2025-11-22 00:00:00"
"TJKB11","4.1204","-0.4587","-0.0034","-0.001","0.190","-0.0365","0.2098","0.0021","2024-05-22 00:00:00","2025-11-22 00:00:00"
"TMPS11","2.0081","-1.7638","-0.0035","-0.001","0.345","-0.1642","0.1715","0.0296","2024-05-22 00:00:00","2025-11-22 00:00:00"
"TOPP11","2.7698","-1.2753","-0.0015","-0.001","0.801","-0.1130","0.1840","0.0836","2024-11-21 00:00:00","2025-11-22 00:00:00"
"TORD11","3.6963","-3.0066","-0.0059","-0.004","0.645","-0.2257","0.5680","0.0304","2024-05-22 00:00:00","2025-11-22 00:00:00"
"TRBL11","3.6959","-1.8073","-0.0023","-0.002","0.989","-0.1428","0.4741","0.0716","2024-05-22 00:00:00","2025-11-22 00:00:00"
"TRNT11","5.8282","-0.4281",NULL,"-0.001","-0.483","-0.0333","0.3344","0.0069","2024-05-22 00:00:00","2025-11-22 00:00:00"
"TRXB11","7.4776","-0.7516",NULL,"-0.002","-0.391","-0.0629","0.5149","0.0027","2024-05-22 00:00:00","2025-11-22 00:00:00"
"TRXF11","1.5146","-1.4673","-0.0041","-0.001","0.187","-0.1029","0.1341","0.0152","2024-05-22 00:00:00","2025-11-22 00:00:00"
"TRXY11","3.3765","-1.1451","-0.0010","-0.001","0.641","-0.1088","0.0808","0.0360","2025-07-02 00:00:00","2025-11-22 00:00:00"
"TSER11",NULL,NULL,NULL,NULL,NULL,NULL,NULL,NULL,"2024-05-22 00:00:00","2025-11-22 00:00:00"
"TSNC11",NULL,NULL,NULL,NULL,NULL,NULL,NULL,NULL,"2024-05-22 00:00:00","2025-11-22 00:00:00"
"TVRI11","1.7649","-1.6353","-0.0023","-0.001","0.430","-0.1297","0.1993","0.0593","2024-05-22 00:00:00","2025-11-22 00:00:00"
"URHF11","5.9100","-0.4545","-0.0022","0.000","0.250","-0.0391","0.2144","0.0018","2025-07-02 00:00:00","2025-11-22 00:00:00"
"URPR11","3.3763","-3.4920","-0.0058","-0.004","0.696","-0.2424","0.5890","0.0425","2024-05-22 00:00:00","2025-11-22 00:00:00"
"VCJR11","2.1347","-1.6981","-0.0030","-0.001","0.409","-0.1439","0.2454","0.0366","2024-05-22 00:00:00","2025-11-22 00:00:00"
"VCRI11","2.3105","-1.6947","-0.0027","-0.001","0.498","-0.1635","0.2862","0.0464","2024-05-22 00:00:00","2025-11-22 00:00:00"
"VCRR11","3.0594","-0.6069","-0.0014","-0.001","0.459","-0.0630","0.2602","0.0225","2024-05-22 00:00:00","2025-11-22 00:00:00"
"VERE11",NULL,NULL,NULL,NULL,NULL,NULL,NULL,NULL,"2025-07-02 00:00:00","2025-11-22 00:00:00"
"VGHF11","2.0870","-2.1082","-0.0030","-0.001","0.510","-0.1658","0.2509","0.0597","2024-05-22 00:00:00","2025-11-22 00:00:00"
"VGII11",NULL,NULL,NULL,NULL,NULL,NULL,NULL,NULL,"2025-07-02 00:00:00","2025-11-22 00:00:00"
"VGIP11","2.3193","-0.7278","-0.0027","-0.001","0.218","-0.0755","0.1599","0.0089","2024-05-22 00:00:00","2025-11-22 00:00:00"
"VGIR11","1.3873","-1.4918","-0.0049","-0.001","0.144","-0.1305","0.1399","0.0108","2024-05-22 00:00:00","2025-11-22 00:00:00"
"VGRI11","2.5338","-1.7665","-0.0025","-0.001","0.624","-0.1363","0.2545","0.0607","2024-05-22 00:00:00","2025-11-22 00:00:00"
"VILG11","2.1315","-0.2845","-0.0003","0.000","0.742","-0.0271","0.1873","0.1213","2024-05-22 00:00:00","2025-11-22 00:00:00"
"VINO11","2.7445","-0.9965","-0.0020","-0.001","0.478","-0.0808","0.2428","0.0303","2024-05-22 00:00:00","2025-11-22 00:00:00"
"VISC11","2.0837","-1.1414","-0.0013","-0.001","0.636","-0.1006","0.2323","0.0933","2024-05-22 00:00:00","2025-11-22 00:00:00"
"VIUR11","2.4778","-0.6101","-0.0032","0.000","0.165","-0.0552","0.1302","0.0044","2024-05-22 00:00:00","2025-11-22 00:00:00"
"VJFD11",NULL,NULL,NULL,NULL,NULL,NULL,NULL,NULL,"2025-07-02 00:00:00","2025-11-22 00:00:00"
"VOTS11","4.9402","-1.0930",NULL,"-0.002","-0.286","-0.0831","0.3594","0.0034","2024-05-22 00:00:00","2025-11-22 00:00:00"
"VPPR11","4.0157","2.0777",NULL,"0.001","-0.775","0.1881","0.0534","0.0373","2025-07-02 00:00:00","2025-11-22 00:00:00"
"VPSI11",NULL,NULL,NULL,NULL,NULL,NULL,NULL,NULL,"2025-07-02 00:00:00","2025-11-22 00:00:00"
"VRTA11","1.9141","-1.6601","-0.0016","-0.001","0.698","-0.1384","0.2090","0.1328","2024-05-22 00:00:00","2025-11-22 00:00:00"
"VRTM11","1.9078","-1.5416","-0.0024","-0.001","0.428","-0.1370","0.2346","0.0504","2024-05-29 00:00:00","2025-11-22 00:00:00"
"VSHO11","2.0342","-0.7793","-0.0025","0.000","0.215","-0.0629","0.1763","0.0111","2024-05-22 00:00:00","2025-11-22 00:00:00"
"VSLH11","2.0981","-2.6218","-0.0094","-0.002","0.201","-0.1997","0.3040","0.0092","2024-05-22 00:00:00","2025-11-22 00:00:00"
"VTLT11","1.8427","-0.9839","-0.0422","-0.001","0.015","-0.0639","0.1642","0.0001","2024-05-22 00:00:00","2025-11-22 00:00:00"
"VTPL11",NULL,NULL,NULL,NULL,NULL,NULL,NULL,NULL,"2025-07-02 00:00:00","2025-11-22 00:00:00"
"VVCO11","1.7352","0.4729","0.0009","0.000","0.311","0.0422","0.0589","0.0321","2024-05-22 00:00:00","2025-11-22 00:00:00"
"VVCR11","2.8595","0.2594","0.0014","0.000","0.187","0.0244","0.1239","0.0043","2024-05-22 00:00:00","2025-11-22 00:00:00"
"VVMR11","2.8583","-0.6979",NULL,"-0.001","-0.035","-0.0617","0.1931","0.0002","2024-05-22 00:00:00","2025-11-22 00:00:00"
"VVPR11",NULL,NULL,NULL,NULL,NULL,NULL,NULL,NULL,"2024-05-22 00:00:00","2025-11-22 00:00:00"
"VVRI11","10.0671","-0.2703","-0.0011","-0.001","0.840","-0.0231","0.5742","0.0070","2024-05-22 00:00:00","2025-11-22 00:00:00"
"VXXV11","0.6864","-2.9435",NULL,"-0.001","-0.116","-0.2304","0.0380","0.0286","2024-05-22 00:00:00","2025-11-22 00:00:00"
"WHGR11","1.8683","-1.6064","-0.0037","-0.001","0.280","-0.1428","0.2333","0.0225","2024-05-22 00:00:00","2025-11-22 00:00:00"
"WPLZ11","5.6496","-0.8990","-0.0045","-0.002","0.391","-0.0687","0.3208","0.0048","2024-05-22 00:00:00","2025-11-22 00:00:00"
"WSEC11","6.2921","-1.7828",NULL,"-0.004","-0.164","-0.1363","0.6062","0.0007","2024-05-22 00:00:00","2025-11-22 00:00:00"
"WTSP11","10.8905","0.3201",NULL,"0.000","-1.105","0.0274","0.4248","0.0103","2024-06-10 00:00:00","2025-11-22 00:00:00"
"XPCI11","2.1502","-1.2335","-0.0013","-0.001","0.701","-0.1105","0.2157","0.1062","2024-05-22 00:00:00","2025-11-22 00:00:00"
"XPCM11","4.5012","0.0024","0.0000","0.000","0.252","0.0002","0.2188","0.0031","2024-05-22 00:00:00","2025-11-22 00:00:00"
"XPIN11","1.8760","-0.6627","-0.0016","0.000","0.268","-0.0702","0.1992","0.0204","2024-05-22 00:00:00","2025-11-22 00:00:00"
"XPLG11","1.7624","-0.4806","-0.0008","0.000","0.357","-0.0453","0.1334","0.0411","2024-05-22 00:00:00","2025-11-22 00:00:00"
"XPML11","1.7109","-1.0847","-0.0015","-0.001","0.414","-0.0976","0.1749","0.0586","2024-05-22 00:00:00","2025-11-22 00:00:00"
"XPSF11","1.9306","-1.9325","-0.0021","-0.001","0.619","-0.1804","0.2580","0.1029","2024-05-22 00:00:00","2025-11-22 00:00:00"
"YEES11",NULL,NULL,NULL,NULL,NULL,NULL,NULL,NULL,"2025-07-02 00:00:00","2025-11-22 00:00:00"
"YUFI11",NULL,NULL,NULL,NULL,NULL,NULL,NULL,NULL,"2024-05-22 00:00:00","2025-11-22 00:00:00"
"ZAGH11","6.3340","0.2556",NULL,"0.001","-0.169","0.0193","0.2380","0.0007","2024-06-10 00:00:00","2025-11-22 00:00:00"
"ZAVC11","10.1945","-0.3597",NULL,"-0.001","-0.520","-0.0291","0.3281","0.0026","2024-06-10 00:00:00","2025-11-22 00:00:00"
"ZAVI11","3.2996","-0.2373","-0.0006","0.000","0.460","-0.0187","0.2479","0.0194","2024-05-22 00:00:00","2025-11-22 00:00:00"
"ZIFI11","6.8163","-0.7585","-0.0097","-0.002","0.214","-0.0519","0.3562","0.0010","2024-05-22 00:00:00","2025-11-22 00:00:00"
