"ticker","users_rank_position","users_rank_net_movement","sirios_rank_position","sirios_rank_net_movement","ifix_rank_position","ifix_rank_net_movement","ifil_rank_position","ifil_rank_net_movement","rank_dy_12m","rank_dy_monthly","rank_dividends_12m","rank_market_cap","rank_equity","rank_sharpe","rank_sortino","rank_low_volatility","rank_low_drawdown","created_at","updated_at"
"CFHI11","0","0","0","0","0","0","0","0","1","11","22","404","354","360","348","406","392","2025-07-02 00:00:00","2025-11-22 00:00:00"
"FLRP11","0","0","0","0","0","0","0","0","2","297","19","206","224","34","34","218","38","2024-05-22 00:00:00","2025-11-22 00:00:00"
"ISCJ11","0","0","0","0","0","0","0","0","3","10","26","379","346","413","401","355","341","2024-05-22 00:00:00","2025-11-22 00:00:00"
"SNLG11","0","0","0","0","0","0","0","0","4","12","251","399","382","8","8","277","268","2024-05-22 00:00:00","2025-11-22 00:00:00"
"ALZC11","0","0","0","0","0","0","0","0","5","87","179","203","201","227","186","183","225","2024-06-10 00:00:00","2025-11-22 00:00:00"
"FAMB11","0","0","0","0","0","0","0","0","6","20","1","216","410","13","13","256","204","2024-06-10 00:00:00","2025-11-22 00:00:00"
"JPPC11","0","0","0","0","0","0","0","0","7","358","15","391","379","4","5","308","230","2024-05-22 00:00:00","2025-11-22 00:00:00"
"LPLP11","0","0","0","0","0","0","0","0","8","55","6","190","205","319","411","365","351","2025-07-02 00:00:00","2025-11-22 00:00:00"
"WSEC11","0","0","0","0","0","0","0","0","9","2","312","400","366","261","238","258","303","2024-05-22 00:00:00","2025-11-22 00:00:00"
"HYPI11",NULL,NULL,NULL,NULL,NULL,NULL,NULL,NULL,"10","14","13","151","406","410","398","352","338","2025-07-02 00:00:00","2025-11-22 00:00:00"
"RBVA11","0","0","0","0","27","0","26","0","11","240","201","30","39","138","137","71","183","2024-05-22 00:00:00","2025-11-22 00:00:00"
"HFOF11","0","0","0","0","30","0","30","0","12","221","234","33","37","243","248","46","169","2024-05-22 00:00:00","2025-11-22 00:00:00"
"HLOG11","0","0","0","0","0","0","0","0","13","284","232","105","103","94","91","31","84","2024-05-22 00:00:00","2025-11-22 00:00:00"
"CFII11","0","0","0","0","0","0","0","0","14","29","5","318","263","361","349","407","393","2025-07-02 00:00:00","2025-11-22 00:00:00"
"JSCR11","0","0","0","0","106","0","0","0","15","106","238","187","192","291","300","225","142","2025-07-02 00:00:00","2025-11-22 00:00:00"
"RBRI11","0","0","0","0","0","0","0","0","16","23","3","268","256","2","4","274","139","2024-05-22 00:00:00","2025-11-22 00:00:00"
"FMOF11","0","0","0","0","0","0","0","0","17","7","67","374","314","37","37","289","231","2024-05-22 00:00:00","2025-11-22 00:00:00"
"RZLC11","0","0","0","0","0","0","0","0","18","81","2","323","327","366","354","412","398","2025-07-02 00:00:00","2025-11-22 00:00:00"
"BRIP11","0","0","0","0","0","0","0","0","19","39","7","233","243","150","153","263","278","2024-05-22 00:00:00","2025-11-22 00:00:00"
"RCFF11","0","0","0","0","0","0","0","0","20","42","34","356","343","348","336","394","380","2024-05-22 00:00:00","2025-11-22 00:00:00"
"JSAF11","0","0","0","0","64","0","58","0","21","113","247","79","84","237","255","177","262","2024-05-22 00:00:00","2025-11-22 00:00:00"
"WTSP11","0","0","0","0","0","0","0","0","22","262","66","307","405","24","24","299","275","2024-06-10 00:00:00","2025-11-22 00:00:00"
"GZIT11","0","0","0","0","46","0","0","0","23","57","105","53","25","135","150","201","238","2024-06-10 00:00:00","2025-11-22 00:00:00"
"URPR11","0","0","0","0","77","0","63","0","24","177","180","106","56","310","309","208","301","2024-05-22 00:00:00","2025-11-22 00:00:00"
"KORE11","0","0","0","0","56","0","53","0","25","52","50","71","61","298","294","186","270","2024-05-22 00:00:00","2025-11-22 00:00:00"
"CACR11","0","0","0","0","80","0","65","0","26","54","47","112","104","245","234","207","273","2024-05-22 00:00:00","2025-11-22 00:00:00"
"VGRI11","0","0","0","0","100","0","0","0","27","60","254","146","127","258","237","164","203","2024-05-22 00:00:00","2025-11-22 00:00:00"
"PATA11","0","0","0","0","0","0","0","0","28","31","243","377","361","85","74","306","127","2025-07-02 00:00:00","2025-11-22 00:00:00"
"URHF11","0","0","0","0","0","0","0","0","29","63","49","388","373","75","75","253","161","2025-07-02 00:00:00","2025-11-22 00:00:00"
"DEVA11","0","0","0","0","84","0","8","0","30","72","220","118","48","307","305","188","283","2024-05-22 00:00:00","2025-11-22 00:00:00"
"IBCR11","0","0","0","0","0","0","0","0","31","69","131","331","280","305","293","106","243","2024-05-22 00:00:00","2025-11-22 00:00:00"
"PNCR11","0","0","0","0","0","0","0","0","32","45","154","367","353","332","320","378","364","2024-05-22 00:00:00","2025-11-22 00:00:00"
"HCTR11","0","0","0","0","71","0","61","0","33","67","233","94","19","168","177","212","233","2024-05-22 00:00:00","2025-11-22 00:00:00"
"KIVO11","0","0","0","0","111","0","0","0","34","74","99","217","200","224","244","185","245","2024-05-22 00:00:00","2025-11-22 00:00:00"
"GCRI11","0","0","0","0","0","0","0","0","35","89","103","261","242","253","275","122","109","2024-05-22 00:00:00","2025-11-22 00:00:00"
"LIFE11","0","0","0","0","94","0","68","0","36","65","257","124","126","194","206","193","196","2024-06-10 00:00:00","2025-11-22 00:00:00"
"HABT11","0","0","0","0","63","0","56","0","37","83","71","76","72","290","304","75","162","2024-05-22 00:00:00","2025-11-22 00:00:00"
"HCRI11","0","0","0","0","0","0","0","0","38","33","27","312","307","82","68","222","223","2024-05-22 00:00:00","2025-11-22 00:00:00"
"RZAK11","0","0","0","0","53","0","50","0","39","82","52","65","74","228","202","20","66","2024-05-22 00:00:00","2025-11-22 00:00:00"
"MFII11","0","0","0","0","72","0","0","0","40","70","62","93","91","293","295","161","239","2024-05-22 00:00:00","2025-11-22 00:00:00"
"TRXB11","0","0","0","0","0","0","0","0","41","185","35","80","121","122","115","272","291","2024-05-22 00:00:00","2025-11-22 00:00:00"
"JPPA11","0","0","0","0","0","0","0","0","42","76","65","295","278","208","227","49","71","2024-05-22 00:00:00","2025-11-22 00:00:00"
"IRDM11","0","0","0","0","16","0","16","0","43","50","127","18","14","175","178","70","89","2024-05-22 00:00:00","2025-11-22 00:00:00"
"HBCR11","0","0","0","0","0","0","0","0","44","345","36","166","196","56","56","140","36","2024-05-22 00:00:00","2025-11-22 00:00:00"
"BIME11","0","0","0","0","0","0","0","0","45","145","304","348","326","273","263","121","174","2024-05-22 00:00:00","2025-11-22 00:00:00"
"PRSN11","0","0","0","0","0","0","0","0","46","21","335","401","396","111","96","294","298","2024-06-10 00:00:00","2025-11-22 00:00:00"
"VGIR11","0","0","0","0","36","0","36","0","47","73","255","41","43","220","225","17","63","2024-05-22 00:00:00","2025-11-22 00:00:00"
"OUJP11","0","0","0","0","102","0","0","0","48","75","70","155","148","139","142","98","82","2024-05-22 00:00:00","2025-11-22 00:00:00"
"ARRI11","0","0","0","0","110","0","0","0","49","79","297","220","207","302","301","65","193","2024-05-22 00:00:00","2025-11-22 00:00:00"
"RBHY11","0","0","0","0","0","0","0","0","50","78","75","209","210","241","253","94","144","2024-05-22 00:00:00","2025-11-22 00:00:00"
"VGIP11","0","0","0","0","51","0","48","0","51","254","81","60","58","117","136","144","83","2024-05-22 00:00:00","2025-11-22 00:00:00"
"BNFS11","0","0","0","0","0","0","0","0","52","151","84","320","318","306","296","150","271","2024-05-22 00:00:00","2025-11-22 00:00:00"
"VSLH11","0","0","0","0","26","2","0","0","53","103","332","292","159","303","299","112","237","2024-05-22 00:00:00","2025-11-22 00:00:00"
"PLRI11","0","0","0","0","0","0","0","0","54","94","260","390","367","143","131","292","306","2024-05-22 00:00:00","2025-11-22 00:00:00"
"VRTM11","0","0","0","0","86","0","0","0","55","84","296","125","109","226","241","78","186","2024-05-29 00:00:00","2025-11-22 00:00:00"
"PEMA11","0","0","0","0","0","0","0","0","56","44","188","363","342","188","164","300","304","2024-05-22 00:00:00","2025-11-22 00:00:00"
"RECD11","0","0","0","0","0","0","0","0","57","181","262","333","332","14","15","305","39","2025-07-02 00:00:00","2025-11-22 00:00:00"
"ZAVC11","0","0","0","0","0","0","0","0","58","88","253","349","341","65","63","295","248","2024-06-10 00:00:00","2025-11-22 00:00:00"
"EXES11","0","0","0","0","0","0","0","0","59","80","256","226","305","79","88","40","15","2024-05-22 00:00:00","2025-11-22 00:00:00"
"BTYU11","0","0","0","0","0","0","0","0","60","258","258","141","158","119","103","270","240","2024-05-29 00:00:00","2025-11-22 00:00:00"
"VCJR11","0","0","0","0","44","0","43","0","61","91","86","49","47","250","252","118","192","2024-05-22 00:00:00","2025-11-22 00:00:00"
"RBHG11","0","0","0","0","0","0","0","0","62","97","134","224","202","299","303","151","246","2024-05-22 00:00:00","2025-11-22 00:00:00"
"RSPD11","0","0","0","0","0","0","0","0","63","47","10","225","236","362","350","408","394","2024-05-22 00:00:00","2025-11-22 00:00:00"
"BCRI11","0","0","0","0","75","0","0","0","64","66","125","103","96","95","95","92","72","2024-05-22 00:00:00","2025-11-22 00:00:00"
"TOPP11","0","0","0","0","88","0","0","0","65","120","109","127","100","192","201","176","116","2024-11-21 00:00:00","2025-11-22 00:00:00"
"MAXR11","0","0","0","0","0","0","0","0","66","355","129","290","258","200","156","167","221","2024-05-22 00:00:00","2025-11-22 00:00:00"
"RECR11","0","0","0","0","18","0","18","0","67","191","91","22","18","266","274","101","122","2024-05-22 00:00:00","2025-11-22 00:00:00"
"VCRI11","0","0","0","0","0","0","0","0","68","96","295","211","198","248","276","141","226","2024-05-22 00:00:00","2025-11-22 00:00:00"
"EQIR11","0","0","0","0","0","0","0","0","69","98","278","269","270","264","247","61","188","2024-05-22 00:00:00","2025-11-22 00:00:00"
"ICRI11","0","0","0","0","85","0","0","0","70","140","63","119","122","201","189","145","138","2024-05-29 00:00:00","2025-11-22 00:00:00"
"HGFF11","0","0","0","0","34","0","0","0","71","46","141","186","181","274","285","105","200","2024-05-22 00:00:00","2025-11-22 00:00:00"
"ARXD11","0","0","0","0","0","0","0","0","72","125","287","297","289","249","268","197","255","2024-05-22 00:00:00","2025-11-22 00:00:00"
"GRUL11","0","0","0","0","0","0","0","0","73","220","270","170","176","151","152","226","57","2025-04-01 00:00:00","2025-11-22 00:00:00"
"RBRD11","0","0","0","0","0","0","0","0","74","77","199","280","248","127","140","153","94","2024-05-22 00:00:00","2025-11-22 00:00:00"
"MCRE11","0","0","0","0","47","0","45","0","75","102","265","54","57","15","14","166","9","2025-01-23 00:00:00","2025-11-22 00:00:00"
"SMRE11","0","0","0","0","0","0","0","0","76","71","101","275","266","191","170","244","274","2024-05-29 00:00:00","2025-11-22 00:00:00"
"HSAF11","0","0","0","0","104","0","0","0","77","116","96","175","187","109","107","165","155","2024-05-22 00:00:00","2025-11-22 00:00:00"
"VGHF11","0","0","0","0","42","0","42","0","78","219","299","46","44","286","279","110","199","2024-05-22 00:00:00","2025-11-22 00:00:00"
"RECM11","0","0","0","0","0","0","0","0","79","86","263","279","291","213","228","243","104","2025-07-02 00:00:00","2025-11-22 00:00:00"
"MANA11","0","0","0","0","82","0","66","0","80","108","267","121","135","185","194","45","147","2024-05-22 00:00:00","2025-11-22 00:00:00"
"SNCI11","0","0","0","0","83","0","0","0","81","115","87","115","116","215","224","108","85","2024-05-22 00:00:00","2025-11-22 00:00:00"
"KNUQ11","0","0","0","0","16","0","16","0","82","122","48","17","22","221","240","9","25","2024-05-22 00:00:00","2025-11-22 00:00:00"
"CLIN11","0","0","0","0","79","0","64","0","83","157","77","107","113","190","200","113","149","2024-05-22 00:00:00","2025-11-22 00:00:00"
"SAPI11","0","0","0","0","0","0","0","0","84","111","266","219","221","120","125","128","151","2024-05-22 00:00:00","2025-11-22 00:00:00"
"KNHY11","0","0","0","0","12","0","12","0","85","202","53","14","12","287","290","10","52","2024-05-22 00:00:00","2025-11-22 00:00:00"
"RPRI11","0","0","0","0","0","0","0","0","86","190","78","136","139","69","69","60","31","2024-05-22 00:00:00","2025-11-22 00:00:00"
"TMPS11","0","0","0","0","0","0","0","0","87","179","95","277","277","256","277","96","96","2024-05-22 00:00:00","2025-11-22 00:00:00"
"RELG11","0","0","0","0","0","0","0","0","88","95","153","272","260","114","122","230","126","2024-05-22 00:00:00","2025-11-22 00:00:00"
"PMIS11","0","0","0","0","112","0","0","0","89","136","293","237","237","268","266","170","265","2024-05-29 00:00:00","2025-11-22 00:00:00"
"NCRI11","0","0","0","0","0","0","0","0","90","139","269","351","335","55","54","223","145","2024-05-22 00:00:00","2025-11-22 00:00:00"
"KCRE11","0","0","0","0","92","0","0","0","91","229","275","131","140","281","282","74","179","2024-05-22 00:00:00","2025-11-22 00:00:00"
"SPXS11","0","0","0","0","107","0","24","0","92","93","272","191","199","262","254","127","218","2024-05-22 00:00:00","2025-11-22 00:00:00"
"HGIC11","0","0","0","0","0","0","0","0","93","130","132","354","321","211","199","249","285","2024-05-22 00:00:00","2025-11-22 00:00:00"
"TRXY11","0","0","0","0","0","0","0","0","94","112","268","214","347","174","192","209","20","2025-07-02 00:00:00","2025-11-22 00:00:00"
"BBIG11","0","0","0","0","55","0","52","0","95","142","309","68","63","284","284","158","261","2024-05-29 00:00:00","2025-11-22 00:00:00"
"RZAT11","0","0","0","0","78","0","15","0","96","216","76","108","111","167","165","114","131","2024-05-22 00:00:00","2025-11-22 00:00:00"
"SADI11","0","0","0","0","0","0","0","0","97","99","271","227","225","235","242","13","67","2024-05-22 00:00:00","2025-11-22 00:00:00"
"SEED11","0","0","0","0","0","0","0","0","98","167","54","193","233","371","359","313","403","2024-05-22 00:00:00","2025-11-22 00:00:00"
"RVBI11","0","0","0","0","59","0","55","1","99","132","158","413","76","300","292","97","236","2024-05-22 00:00:00","2025-11-22 00:00:00"
"TJKB11","0","0","0","0","0","0","0","0","100","155","31","133","155","76","73","220","157","2024-05-22 00:00:00","2025-11-22 00:00:00"
"CPTS11","0","0","0","0","14","0","14","0","101","123","300","16","15","197","198","56","190","2024-05-22 00:00:00","2025-11-22 00:00:00"
"SNME11","0","0","0","0","0","0","0","0","102","61","261","293","304","154","154","147","69","2024-05-22 00:00:00","2025-11-22 00:00:00"
"SNEL11","0","0","0","0","89","0","67","0","103","128","277","122","151","263","232","35","43","2024-05-22 00:00:00","2025-11-22 00:00:00"
"SPTW11","0","0","0","0","0","0","0","0","104","133","215","301","268","176","161","160","219","2024-05-22 00:00:00","2025-11-22 00:00:00"
"NAVT11","0","0","0","0","0","0","0","0","105","180","130","339","320","255","210","200","260","2024-05-22 00:00:00","2025-11-22 00:00:00"
"OBAL11","0","0","0","0","0","0","0","0","106","34","8","196","203","323","415","369","355","2025-07-02 00:00:00","2025-11-22 00:00:00"
"BPML11","0","0","0","0","60","0","0","0","107","137","102","74","67","251","246","95","228","2024-05-22 00:00:00","2025-11-22 00:00:00"
"TGAR11","0","0","0","0","17","0","17","0","108","146","82","21","17","280","283","174","254","2024-05-22 00:00:00","2025-11-22 00:00:00"
"VIUR11","0","0","0","0","53","0","0","0","109","118","319","197","178","100","102","154","51","2024-05-22 00:00:00","2025-11-22 00:00:00"
"APTO11","0","0","0","0","0","0","0","0","110","182","279","342","330","159","157","137","91","2024-05-22 00:00:00","2025-11-22 00:00:00"
"ZAVI11","0","0","0","0","23","-4","0","0","111","141","58","241","218","57","55","203","195","2024-05-22 00:00:00","2025-11-22 00:00:00"
"RBRY11","0","0","0","0","40","0","40","0","112","90","59","44","53","212","219","38","156","2024-05-22 00:00:00","2025-11-22 00:00:00"
"PSEC11","0","0","0","0","57","0","55","0","113","150","160","50","77","338","326","384","370","2025-10-30 00:00:00","2025-11-22 00:00:00"
"SEQR11","0","0","0","0","0","0","0","0","114","147","187","271","219","181","185","99","119","2024-05-22 00:00:00","2025-11-22 00:00:00"
"HTMX11","0","0","0","0","74","0","62","0","115","166","40","102","114","304","261","162","272","2024-05-22 00:00:00","2025-11-22 00:00:00"
"PORD11","0","0","0","0","96","0","0","0","116","110","294","135","131","156","176","76","152","2024-05-22 00:00:00","2025-11-22 00:00:00"
"CYCR11","0","0","0","0","91","0","0","0","117","92","283","128","138","267","271","72","168","2024-05-22 00:00:00","2025-11-22 00:00:00"
"CXCI11","0","0","0","0","0","0","0","0","118","154","148","218","209","296","291","84","213","2024-05-22 00:00:00","2025-11-22 00:00:00"
"ITIP11","0","0","0","0","0","0","0","0","119","174","155","328","324","288","298","25","111","2024-05-22 00:00:00","2025-11-22 00:00:00"
"MCCI11","0","0","0","0","29","0","29","0","120","149","92","32","40","199","218","77","153","2024-05-22 00:00:00","2025-11-22 00:00:00"
"BBFO11","0","0","0","0","0","0","0","0","121","162","159","152","161","232","256","58","180","2024-05-22 00:00:00","2025-11-22 00:00:00"
"DVFF11","0","0","0","0","0","0","0","0","122","124","320","302","275","180","188","217","222","2024-05-22 00:00:00","2025-11-22 00:00:00"
"KEVE11","0","0","0","0","0","0","0","0","123","41","12","231","285","236","229","250","266","2024-05-22 00:00:00","2025-11-22 00:00:00"
"BTAL11","0","0","0","0","69","0","0","0","124","119","117","90","87","128","129","73","49","2024-05-22 00:00:00","2025-11-22 00:00:00"
"HGCR11","0","0","0","0","32","0","31","0","125","175","79","34","41","272","281","33","50","2024-05-22 00:00:00","2025-11-22 00:00:00"
"XPCI11","0","0","0","0","54","0","51","0","126","158","110","66","75","182","195","119","165","2024-05-22 00:00:00","2025-11-22 00:00:00"
"FAED11","0","0","0","0","0","0","0","0","127","159","39","251","220","74","76","130","29","2024-05-22 00:00:00","2025-11-22 00:00:00"
"GTWR11","0","0","0","0","48","0","19","0","128","134","120","57","54","277","269","30","177","2024-05-22 00:00:00","2025-11-22 00:00:00"
"IRIM11","0","0","0","0","0","0","0","0","129","201","128","228","215","33","33","133","92","2024-05-22 00:00:00","2025-11-22 00:00:00"
"BTHF11","0","0","0","0","24","0","25","0","130","183","292","29","24","125","133","125","140","2024-12-20 00:00:00","2025-11-22 00:00:00"
"FLCR11","0","0","0","0","0","0","0","0","131","192","69","289","301","259","270","4","16","2024-05-22 00:00:00","2025-11-22 00:00:00"
"KNCR11","0","0","0","0","1","0","1","0","132","107","56","2","1","233","226","5","22","2024-05-22 00:00:00","2025-11-22 00:00:00"
"RINV11","0","0","0","0","0","0","0","0","133","203","57","116","145","217","205","7","35","2024-05-22 00:00:00","2025-11-22 00:00:00"
"VTLT11","0","0","0","0","0","0","0","0","134","138","90","179","188","146","118","63","87","2024-05-22 00:00:00","2025-11-22 00:00:00"
"HRES11","0","0","0","0","0","0","0","0","135","64","42","296","312","406","394","348","334","2025-07-02 00:00:00","2025-11-22 00:00:00"
"GAME11","0","0","0","0","0","0","0","0","136","131","291","183","195","207","223","22","58","2024-05-22 00:00:00","2025-11-22 00:00:00"
"TVRI11","0","0","0","0","28","0","28","0","137","156","80","31","38","238","222","55","135","2024-05-22 00:00:00","2025-11-22 00:00:00"
"CXCO11","0","0","0","0","0","0","0","0","138","163","162","154","124","271","264","155","247","2024-05-22 00:00:00","2025-11-22 00:00:00"
"MMPD11",NULL,NULL,NULL,NULL,NULL,NULL,NULL,NULL,"139","184","51","310","313","328","316","374","360","2025-07-02 00:00:00","2025-11-22 00:00:00"
"RZTR11","0","0","0","0","22","0","22","0","140","188","74","26","30","145","143","36","75","2024-05-22 00:00:00","2025-11-22 00:00:00"
"TRXF11","0","0","0","0","8","0","8","0","141","239","61","10","10","216","181","29","56","2024-05-22 00:00:00","2025-11-22 00:00:00"
"KNSC11","0","0","0","0","23","0","23","0","142","197","289","27","32","240","233","42","106","2024-05-22 00:00:00","2025-11-22 00:00:00"
"RBIR11","0","0","0","0","0","0","0","0","143","40","83","215","227","61","60","66","70","2024-05-22 00:00:00","2025-11-22 00:00:00"
"AZPL11","0","0","0","0","109","0","0","0","144","195","308","123","132","93","105","172","8","2025-07-02 00:00:00","2025-11-22 00:00:00"
"CXCE11","0","0","0","0","0","0","0","0","145","129","211","294","404","202","204","86","55","2024-06-10 00:00:00","2025-11-22 00:00:00"
"CXAG11","0","0","0","0","0","0","0","0","146","227","139","201","182","297","307","26","108","2024-05-22 00:00:00","2025-11-22 00:00:00"
"BBRC11","0","0","0","0","0","0","0","0","147","171","72","199","213","142","155","123","115","2024-05-22 00:00:00","2025-11-22 00:00:00"
"BPFF11","0","0","0","0","62","0","0","0","148","114","184","158","154","257","273","87","215","2024-05-22 00:00:00","2025-11-22 00:00:00"
"RBRX11","0","0","0","0","103","0","48","-3","149","144","305","48","165","247","260","85","202","2024-05-22 00:00:00","2025-11-22 00:00:00"
"WHGR11","0","0","0","0","98","0","0","0","150","148","288","145","162","234","250","67","185","2024-05-22 00:00:00","2025-11-22 00:00:00"
"VRTA11","0","0","0","0","41","0","41","0","151","173","122","45","49","244","243","79","154","2024-05-22 00:00:00","2025-11-22 00:00:00"
"DAMA11","0","0","0","0","0","0","0","0","152","165","313","341","328","49","49","233","117","2024-05-29 00:00:00","2025-11-22 00:00:00"
"DOVL11","0","0","0","0","0","0","0","0","153","232","18","340","411","373","361","315","405","2024-06-10 00:00:00","2025-11-22 00:00:00"
"PULV11","0","0","0","0","0","0","0","0","154","152","290","246","249","44","44","224","81","2024-05-22 00:00:00","2025-11-22 00:00:00"
"CEOC11","0","0","0","0","0","0","0","0","155","168","207","274","241","97","109","126","60","2024-05-22 00:00:00","2025-11-22 00:00:00"
"VINO11","0","0","0","0","73","0","51","6","156","212","326","101","68","147","144","175","191","2024-05-22 00:00:00","2025-11-22 00:00:00"
"RECT11","0","0","0","0","72","0","0","0","157","100","227","132","71","91","101","169","216","2024-05-22 00:00:00","2025-11-22 00:00:00"
"SNFF11","0","0","0","0","95","0","0","0","158","62","151","139","147","301","302","59","214","2024-05-22 00:00:00","2025-11-22 00:00:00"
"VVCR11","0","0","0","0","0","0","0","0","159","200","273","284","294","26","26","182","45","2024-05-22 00:00:00","2025-11-22 00:00:00"
"BARI11","0","0","0","0","77","0","0","0","160","223","126","110","130","99","110","146","224","2024-05-22 00:00:00","2025-11-22 00:00:00"
"RBRR11","0","0","0","0","39","0","39","0","161","263","113","40","46","186","191","44","88","2024-05-22 00:00:00","2025-11-22 00:00:00"
"AFHI11","0","0","0","0","66","0","59","0","162","189","89","99","110","198","211","12","42","2024-05-22 00:00:00","2025-11-22 00:00:00"
"TEPP11","0","0","0","0","81","0","0","0","163","243","118","114","115","210","207","57","133","2024-05-22 00:00:00","2025-11-22 00:00:00"
"BRCR11","0","0","0","0","45","0","44","0","164","222","212","51","20","223","220","53","132","2024-05-22 00:00:00","2025-11-22 00:00:00"
"RBFF11","0","0","0","0","105","0","0","0","165","198","197","182","180","246","245","184","242","2024-05-22 00:00:00","2025-11-22 00:00:00"
"CVBI11",NULL,NULL,NULL,NULL,NULL,NULL,NULL,NULL,"166","104","119","414","59","367","355","413","399","2025-10-14 00:00:00","2025-11-22 00:00:00"
"KNHF11","0","0","0","0","21","0","21","0","167","176","97","25","26","96","100","104","113","2024-05-22 00:00:00","2025-11-22 00:00:00"
"BTCI11","0","0","0","0","49","0","46","0","168","178","285","58","62","218","208","80","182","2024-05-22 00:00:00","2025-11-22 00:00:00"
"HREC11","0","0","0","0","0","0","0","0","169","225","303","100","106","105","124","138","79","2024-05-22 00:00:00","2025-11-22 00:00:00"
"KISU11","0","0","0","0","93","0","46","0","170","196","316","134","133","231","236","115","120","2024-05-22 00:00:00","2025-11-22 00:00:00"
"INLG11","0","0","0","0","56","-1","0","0","171","211","149","117","105","203","217","32","26","2024-12-02 00:00:00","2025-11-22 00:00:00"
"HCHG11","0","0","0","0","0","0","0","0","172","279","137","256","261","81","79","210","110","2024-05-22 00:00:00","2025-11-22 00:00:00"
"RRCI11","0","0","0","0","0","0","0","0","173","161","145","345","333","187","190","124","101","2024-05-22 00:00:00","2025-11-22 00:00:00"
"XPSF11","0","0","0","0","97","0","0","0","174","160","322","144","144","276","288","83","205","2024-05-22 00:00:00","2025-11-22 00:00:00"
"KNIP11","0","0","0","0","2","0","2","0","175","308","112","3","2","282","297","14","46","2024-05-22 00:00:00","2025-11-22 00:00:00"
"MXRF11","0","0","0","0","6","0","6","0","176","194","282","7","7","260","257","8","61","2024-05-22 00:00:00","2025-11-22 00:00:00"
"RFOF11","0","0","0","0","0","0","0","0","177","209","169","325","298","195","196","178","235","2024-05-22 00:00:00","2025-11-22 00:00:00"
"RBRF11","0","0","0","0","52","0","49","-1","178","53","318","59","55","169","203","82","136","2024-05-22 00:00:00","2025-11-22 00:00:00"
"LASC11","0","0","0","0","0","0","0","0","179","311","85","137","117","270","249","163","251","2024-05-22 00:00:00","2025-11-22 00:00:00"
"ITRI11","0","0","0","0","67","0","60","0","180","193","140","86","95","160","163","111","198","2024-05-29 00:00:00","2025-11-22 00:00:00"
"BROF11","0","0","0","0","59","0","0","0","181","210","193","73","52","63","70","173","54","2024-05-22 00:00:00","2025-11-22 00:00:00"
"VPSI11","0","0","0","0","0","0","0","0","182","234","239","188","172","408","396","350","336","2025-07-02 00:00:00","2025-11-22 00:00:00"
"GGRC11","0","0","0","0","26","0","27","0","183","208","276","20","36","189","184","18","40","2024-05-22 00:00:00","2025-11-22 00:00:00"
"BCIA11","0","0","0","0","87","0","0","0","184","207","121","126","129","219","214","100","178","2024-05-22 00:00:00","2025-11-22 00:00:00"
"HUSC11","0","0","0","0","0","0","0","0","185","135","106","276","244","88","90","236","211","2024-05-22 00:00:00","2025-11-22 00:00:00"
"XPIN11","0","0","0","0","70","0","0","0","186","164","150","82","78","106","130","69","134","2024-05-22 00:00:00","2025-11-22 00:00:00"
"TELM11","0","0","0","0","0","0","0","0","187","126","281","370","358","390","378","332","318","2025-07-02 00:00:00","2025-11-22 00:00:00"
"FIGS11","0","0","0","0","0","0","0","0","188","204","209","223","190","162","187","62","64","2024-05-22 00:00:00","2025-11-22 00:00:00"
"CCME11","0","0","0","0","61","0","0","0","189","236","310","75","81","102","104","189","175","2024-06-10 00:00:00","2025-11-22 00:00:00"
"PATL11","0","0","0","0","90","0","0","0","190","231","189","130","101","137","160","171","249","2024-05-22 00:00:00","2025-11-22 00:00:00"
"PMFO11","0","0","0","0","0","0","0","0","191","224","124","266","284","331","319","377","363","2024-05-22 00:00:00","2025-11-22 00:00:00"
"DPRO11","0","0","0","0","0","0","0","0","192","217","324","355","329","90","83","245","201","2024-05-22 00:00:00","2025-11-22 00:00:00"
"CPSH11","0","0","0","0","52","0","49","0","193","153","274","61","66","22","20","37","59","2024-05-22 00:00:00","2025-11-22 00:00:00"
"TRBL11","0","0","0","0","68","0","0","0","194","226","183","87","88","265","251","214","282","2024-05-22 00:00:00","2025-11-22 00:00:00"
"FATN11","0","0","0","0","76","0","0","0","195","233","135","97","102","278","280","6","95","2024-05-22 00:00:00","2025-11-22 00:00:00"
"KFOF11","0","0","0","0","65","0","57","0","196","214","147","77","92","136","141","81","121","2024-05-22 00:00:00","2025-11-22 00:00:00"
"GARE11","0","0","0","0","37","0","37","0","197","245","307","42","42","161","151","34","65","2024-05-22 00:00:00","2025-11-22 00:00:00"
"BTHI11","0","0","0","0","0","0","0","0","198","187","222","104","90","107","98","213","114","2024-05-22 00:00:00","2025-11-22 00:00:00"
"TSER11","0","0","0","0","0","0","0","0","199","205","111","210","238","394","382","336","322","2024-05-22 00:00:00","2025-11-22 00:00:00"
"HGBL11","0","0","0","0","0","0","0","0","200","274","311","245","177","285","259","43","172","2024-05-29 00:00:00","2025-11-22 00:00:00"
"PLCR11","0","0","0","0","0","0","0","0","201","206","157","192","206","152","166","139","207","2024-05-22 00:00:00","2025-11-22 00:00:00"
"SPDE11","0","0","0","0","0","0","0","0","202","336","11","163","247","381","369","323","413","2025-07-02 00:00:00","2025-11-22 00:00:00"
"BLMG11","0","0","0","0","108","0","0","0","203","169","236","202","146","193","180","196","256","2024-05-22 00:00:00","2025-11-22 00:00:00"
"ITIT11","0","0","0","0","0","0","0","0","204","246","176","306","306","230","272","23","41","2024-05-22 00:00:00","2025-11-22 00:00:00"
"RMAI11","0","0","0","0","0","0","0","0","205","248","210","232","141","283","267","228","287","2024-05-22 00:00:00","2025-11-22 00:00:00"
"WPLZ11","0","0","0","0","0","0","0","0","206","273","219","317","293","140","127","248","244","2024-05-22 00:00:00","2025-11-22 00:00:00"
"VSHO11","0","0","0","0","0","0","0","0","207","228","171","198","174","126","114","103","105","2024-05-22 00:00:00","2025-11-22 00:00:00"
"NEWL11","0","0","0","0","0","0","0","0","208","247","98","129","128","209","183","47","209","2024-05-22 00:00:00","2025-11-22 00:00:00"
"RBRL11","0","0","0","0","62","0","0","0","209","249","152","78","82","43","43","142","163","2024-05-22 00:00:00","2025-11-22 00:00:00"
"CPUR11","0","0","0","0","0","0","0","0","210","238","284","69","94","29","29","64","5","2025-06-12 00:00:00","2025-11-22 00:00:00"
"VOTS11","0","0","0","0","0","0","0","0","211","267","166","303","295","166","149","234","259","2024-05-22 00:00:00","2025-11-22 00:00:00"
"HSRE11","0","0","0","0","0","0","0","0","212","241","107","56","70","172","169","91","99","2024-05-22 00:00:00","2025-11-22 00:00:00"
"XPML11","0","0","0","0","3","0","3","0","213","252","104","4","3","165","171","50","103","2024-05-22 00:00:00","2025-11-22 00:00:00"
"HILG11","0","0","0","0","0","0","0","0","214","281","41","254","265","404","392","346","332","2024-05-22 00:00:00","2025-11-22 00:00:00"
"FYTO11","0","0","0","0","0","0","0","0","215","105","317","234","228","289","287","149","18","2025-06-12 00:00:00","2025-11-22 00:00:00"
"PQAG11","0","0","0","0","0","0","0","0","216","251","208","62","73","254","239","89","130","2024-05-22 00:00:00","2025-11-22 00:00:00"
"CXRI11","0","0","0","0","0","0","0","0","217","260","186","244","245","68","72","235","176","2024-05-22 00:00:00","2025-11-22 00:00:00"
"BTML11","0","0","0","0","0","0","0","0","218","237","100","229","231","351","339","397","383","2024-05-22 00:00:00","2025-11-22 00:00:00"
"INRD11","0","0","0","0","0","0","0","0","219","244","175","270","240","32","32","240","21","2025-07-02 00:00:00","2025-11-22 00:00:00"
"RZZR11","0","0","0","0","0","0","0","0","220","257","55","67","64","10","10","285","23","2025-07-02 00:00:00","2025-11-22 00:00:00"
"PMLL11","0","0","0","0","31","0","32","0","221","256","123","35","34","242","215","28","159","2025-08-17 00:00:00","2025-11-22 00:00:00"
"ABCP11","0","0","0","0","0","0","0","0","222","253","177","113","98","101","94","180","112","2024-05-22 00:00:00","2025-11-22 00:00:00"
"CRFF11","0","0","0","0","0","0","0","0","223","264","181","322","315","50","50","221","123","2024-05-22 00:00:00","2025-11-22 00:00:00"
"HGRE11","0","0","0","0","33","0","33","0","224","305","93","36","31","54","57","152","90","2024-05-22 00:00:00","2025-11-22 00:00:00"
"HGRU11","0","0","0","0","11","0","11","0","225","293","73","13","11","196","230","24","48","2024-05-22 00:00:00","2025-11-22 00:00:00"
"HGBS11","0","0","0","0","13","0","13","0","226","289","244","15","16","252","265","48","148","2024-05-22 00:00:00","2025-11-22 00:00:00"
"RBRP11","0","0","0","0","58","0","54","0","227","278","216","72","65","115","123","156","227","2024-05-22 00:00:00","2025-11-22 00:00:00"
"EDFO11","0","0","0","0","0","0","0","0","228","312","60","352","397","112","99","267","263","2024-06-10 00:00:00","2025-11-22 00:00:00"
"FIIP11","0","0","0","0","0","0","0","0","229","265","44","195","400","7","7","259","28","2025-07-02 00:00:00","2025-11-22 00:00:00"
"ALZR11","0","0","0","0","38","0","38","0","230","288","301","43","50","158","146","16","62","2024-05-22 00:00:00","2025-11-22 00:00:00"
"PQDP11","0","0","0","0","0","0","0","0","231","306","4","159","142","41","41","157","24","2024-05-22 00:00:00","2025-11-22 00:00:00"
"PNRC11","0","0","0","0","0","0","0","0","232","172","206","365","360","335","323","381","367","2024-05-22 00:00:00","2025-11-22 00:00:00"
"VVRI11","0","0","0","0","0","0","0","0","233","261","156","288","299","59","58","293","299","2024-05-22 00:00:00","2025-11-22 00:00:00"
"AJFI11","0","0","0","0","101","0","0","0","234","321","323","157","123","170","175","27","80","2024-05-22 00:00:00","2025-11-22 00:00:00"
"BMLC11","0","0","0","0","0","0","0","0","235","271","161","259","267","121","119","120","32","2024-05-22 00:00:00","2025-11-22 00:00:00"
"SHPH11","0","0","0","0","0","0","0","0","236","339","20","83","93","70","64","227","164","2024-05-22 00:00:00","2025-11-22 00:00:00"
"XPLG11","0","0","0","0","9","0","9","0","237","276","133","11","9","80","89","54","53","2024-05-22 00:00:00","2025-11-22 00:00:00"
"HSML11","0","0","0","0","19","0","19","0","238","272","163","23","21","183","193","93","187","2024-05-22 00:00:00","2025-11-22 00:00:00"
"FIIB11","0","0","0","0","0","0","0","0","239","294","30","120","149","205","231","15","19","2024-05-22 00:00:00","2025-11-22 00:00:00"
"AIEC11","0","0","0","0","99","0","0","0","240","322","218","150","120","184","179","107","217","2024-05-22 00:00:00","2025-11-22 00:00:00"
"VCRR11","0","0","0","0","0","0","0","0","241","298","195","221","169","98","116","191","208","2024-05-22 00:00:00","2025-11-22 00:00:00"
"IBBP11","0","0","0","0","0","0","0","0","242","235","321","95","118","123","121","310","206","2025-07-02 00:00:00","2025-11-22 00:00:00"
"KFEN11",NULL,NULL,NULL,NULL,NULL,NULL,NULL,NULL,"243","303","16","172","212","314","406","360","346","2025-07-02 00:00:00","2025-11-22 00:00:00"
"BRCO11","0","0","0","0","20","0","20","0","244","291","114","24","29","144","147","52","97","2024-05-22 00:00:00","2025-11-22 00:00:00"
"BTLG11","0","0","0","0","5","0","5","0","245","287","142","6","5","132","135","41","68","2024-05-22 00:00:00","2025-11-22 00:00:00"
"OCRE11","0","0","0","0","0","0","0","0","246","292","167","344","339","89","85","284","290","2024-05-22 00:00:00","2025-11-22 00:00:00"
"FISC11","0","0","0","0","0","0","0","0","247","347","203","250","197","86","80","290","279","2024-05-22 00:00:00","2025-11-22 00:00:00"
"VILG11","0","0","0","0","34","0","34","0","248","277","164","38","35","60","62","116","118","2024-05-22 00:00:00","2025-11-22 00:00:00"
"NSLU11","0","0","0","0","0","0","0","0","249","283","43","143","166","21","17","179","141","2024-05-22 00:00:00","2025-11-22 00:00:00"
"MCLO11","0","0","0","0","0","0","0","0","250","275","314","92","33","23","25","276","27","2025-07-02 00:00:00","2025-11-22 00:00:00"
"HOSI11","0","0","0","0","0","0","0","0","251","266","174","326","309","72","77","216","93","2024-05-22 00:00:00","2025-11-22 00:00:00"
"VISC11","0","0","0","0","10","0","10","0","252","302","136","12","8","171","174","109","184","2024-05-22 00:00:00","2025-11-22 00:00:00"
"HSLG11","0","0","0","0","43","0","0","0","253","286","165","47","45","110","128","88","167","2024-05-22 00:00:00","2025-11-22 00:00:00"
"RBLG11","0","0","0","0","0","0","0","0","254","143","224","350","334","66","84","262","250","2024-05-22 00:00:00","2025-11-22 00:00:00"
"JFLL11","0","0","0","0","0","0","0","0","255","35","202","252","216","134","117","134","107","2024-05-22 00:00:00","2025-11-22 00:00:00"
"PLAG11","0","0","0","0","0","0","0","0","256","215","228","156","143","275","212","129","13","2025-07-02 00:00:00","2025-11-22 00:00:00"
"LVBI11","0","0","0","0","25","0","24","0","257","313","146","28","28","52","53","117","125","2024-05-22 00:00:00","2025-11-22 00:00:00"
"ERPA11","0","0","0","0","0","0","0","0","258","299","108","305","292","173","168","135","17","2024-05-22 00:00:00","2025-11-22 00:00:00"
"NVHO11","0","0","0","0","0","0","0","0","259","290","302","85","85","104","93","280","281","2024-05-22 00:00:00","2025-11-22 00:00:00"
"JSRE11","0","0","0","0","35","0","35","0","260","307","205","39","23","64","65","136","73","2024-05-22 00:00:00","2025-11-22 00:00:00"
"BTSI11","0","0","0","0","0","0","0","0","261","295","144","70","86","353","341","399","385","2025-07-02 00:00:00","2025-11-22 00:00:00"
"ZAGH11","0","0","0","0","0","0","0","0","262","330","315","260","288","27","30","260","189","2024-06-10 00:00:00","2025-11-22 00:00:00"
"FLMA11","0","0","0","0","0","0","0","0","263","285","68","169","156","46","45","168","33","2024-05-22 00:00:00","2025-11-22 00:00:00"
"CPLG11","0","0","0","0","0","0","0","0","264","59","298","81","137","6","3","131","4","2025-07-02 00:00:00","2025-11-22 00:00:00"
"FCFL11","0","0","0","0","0","0","0","0","265","301","115","98","112","116","120","90","37","2024-05-22 00:00:00","2025-11-22 00:00:00"
"RNGO11","0","0","0","0","0","0","0","0","266","332","229","222","186","133","132","102","74","2024-05-22 00:00:00","2025-11-22 00:00:00"
"HUSI11","0","0","0","0","0","0","0","0","267","300","14","212","230","409","397","351","337","2024-05-22 00:00:00","2025-11-22 00:00:00"
"HGLG11","0","0","0","0","4","0","4","0","268","314","64","5","4","155","172","21","30","2024-05-22 00:00:00","2025-11-22 00:00:00"
"REIT11","0","0","0","0","0","0","0","0","269","43","192","402","377","355","343","401","387","2024-05-22 00:00:00","2025-11-22 00:00:00"
"KNRI11","0","0","0","0","7","0","7","0","270","317","88","8","6","179","162","68","77","2024-05-22 00:00:00","2025-11-22 00:00:00"
"ALMI11","0","0","0","0","0","0","0","0","271","338","29","299","179","62","61","237","150","2024-05-22 00:00:00","2025-11-22 00:00:00"
"BTRA11","0","0","0","0","117","0","0","0","272","315","225","176","125","31","27","205","98","2024-05-22 00:00:00","2025-11-22 00:00:00"
"FPAB11","0","0","0","0","0","0","0","0","273","280","46","200","167","35","35","273","234","2024-05-22 00:00:00","2025-11-22 00:00:00"
"EURO11","0","0","0","0","0","0","0","0","274","309","37","240","246","25","23","204","124","2024-05-22 00:00:00","2025-11-22 00:00:00"
"AROA11","0","0","0","0","0","0","0","0","275","213","341","171","217","53","52","202","100","2024-05-22 00:00:00","2025-11-22 00:00:00"
"BTSG11","0","0","0","0","0","0","0","0","276","316","94","239","255","352","340","398","384","2024-05-22 00:00:00","2025-11-22 00:00:00"
"GLOG11","0","0","0","0","0","0","0","0","277","326","217","324","290","129","126","190","229","2024-05-22 00:00:00","2025-11-22 00:00:00"
"RCRB11","0","0","0","0","70","0","0","0","278","296","138","89","79","153","145","198","137","2024-05-22 00:00:00","2025-11-22 00:00:00"
"PVBI11","0","0","0","0","15","0","15","0","279","333","200","19","13","214","262","148","197","2024-05-22 00:00:00","2025-11-22 00:00:00"
"FVPQ11","0","0","0","0","0","0","0","0","280","356","204","148","108","47","47","211","269","2024-05-22 00:00:00","2025-11-22 00:00:00"
"HPDP11","0","0","0","0","0","0","0","0","281","325","191","147","157","83","81","192","47","2024-05-22 00:00:00","2025-11-22 00:00:00"
"GLPF11","0","0","0","0","0","0","0","0","282","255","170","194","398","311","311","3","3","2025-07-02 00:00:00","2025-11-22 00:00:00"
"STRX11","0","0","0","0","0","0","0","0","283","323","116","162","185","388","376","330","316","2025-07-02 00:00:00","2025-11-22 00:00:00"
"JASC11","0","0","0","0","0","0","0","0","284","319","172","111","119","415","403","357","343","2024-05-22 00:00:00","2025-11-22 00:00:00"
"VERE11","0","0","0","0","0","0","0","0","285","342","32","142","152","400","388","342","328","2025-07-02 00:00:00","2025-11-22 00:00:00"
"CPOF11","0","0","0","0","0","0","0","0","286","348","168","84","97","294","310","1","2","2024-05-22 00:00:00","2025-11-22 00:00:00"
"BICE11","0","0","0","0","0","0","0","0","287","327","25","236","232","341","329","387","373","2024-05-22 00:00:00","2025-11-22 00:00:00"
"CCVA11",NULL,NULL,NULL,NULL,NULL,NULL,NULL,NULL,"288","310","182","308","311","357","345","403","389","2025-07-02 00:00:00","2025-11-22 00:00:00"
"BLCA11","0","0","0","0","0","0","0","0","289","334","194","213","193","149","139","261","276","2024-05-22 00:00:00","2025-11-22 00:00:00"
"BTWR11","0","0","0","0","0","0","0","0","290","320","178","267","273","354","342","400","386","2024-05-22 00:00:00","2025-11-22 00:00:00"
"BLMO11","0","0","0","0","0","0","0","0","291","331","196","263","271","84","87","229","166","2024-05-22 00:00:00","2025-11-22 00:00:00"
"EIRA11","0","0","0","0","0","0","0","0","292","101","185","372","385","385","373","327","313","2025-07-02 00:00:00","2025-11-22 00:00:00"
"RZZV11",NULL,NULL,NULL,NULL,NULL,NULL,NULL,NULL,"293","318","23","249","387","368","356","414","400","2025-07-02 00:00:00","2025-11-22 00:00:00"
"VJFD11",NULL,NULL,NULL,NULL,NULL,NULL,NULL,NULL,"294","337","143","63","69","407","395","349","335","2025-07-02 00:00:00","2025-11-22 00:00:00"
"GLCR11","0","0","0","0","0","0","0","0","295","242","198","346","395","397","385","339","325","2025-07-02 00:00:00","2025-11-22 00:00:00"
"BLUR11","0","0","0","0","0","0","0","0","296","85","226","393","378","163","158","297","295","2024-05-22 00:00:00","2025-11-22 00:00:00"
"RENV11","0","0","0","0","0","0","0","0","297","68","333","397","365","141","138","304","292","2025-07-02 00:00:00","2025-11-22 00:00:00"
"TORD11","0","0","0","0","0","0","0","0","298","344","338","380","194","309","306","215","297","2024-05-22 00:00:00","2025-11-22 00:00:00"
"BVAR11","0","0","0","0","0","0","0","0","299","218","24","64","99","356","344","402","388","2024-05-22 00:00:00","2025-11-22 00:00:00"
"APXM11","0","0","0","0","0","0","0","0","300","340","230","168","134","206","197","264","289","2024-05-22 00:00:00","2025-11-22 00:00:00"
"CNES11","0","0","0","0","0","0","0","0","301","329","340","315","168","18","19","254","212","2024-05-22 00:00:00","2025-11-22 00:00:00"
"MCEM11","0","0","0","0","0","0","0","0","302","199","237","181","269","48","48","187","11","2024-05-29 00:00:00","2025-11-22 00:00:00"
"CXTL11","0","0","0","0","0","0","0","0","303","369","45","378","356","30","31","257","253","2024-05-22 00:00:00","2025-11-22 00:00:00"
"JCIN11","0","0","0","0","0","0","0","0","304","363","173","174","191","312","404","358","344","2025-07-02 00:00:00","2025-11-22 00:00:00"
"RBRS11","0","0","0","0","0","0","0","0","305","269","242","353","214","108","92","238","210","2024-05-22 00:00:00","2025-11-22 00:00:00"
"BLOG11","0","0","0","0","0","0","0","0","306","362","328","164","136","345","333","391","377","2025-07-02 00:00:00","2025-11-22 00:00:00"
"ATSA11","0","0","0","0","0","0","0","0","307","352","240","262","239","222","216","143","129","2024-05-22 00:00:00","2025-11-22 00:00:00"
"BIPD11","0","0","0","0","0","0","0","0","308","49","28","248","264","342","330","388","374","2025-07-02 00:00:00","2025-11-22 00:00:00"
"EDGA11","0","0","0","0","0","0","0","0","309","365","325","314","204","131","134","206","76","2024-05-22 00:00:00","2025-11-22 00:00:00"
"BGRB11","0","0","0","0","0","0","0","0","310","367","214","165","408","340","328","386","372","2025-07-02 00:00:00","2025-11-22 00:00:00"
"EMET11","0","0","0","0","0","0","0","0","311","109","329","321","322","77","78","309","146","2025-07-02 00:00:00","2025-11-22 00:00:00"
"SHPP11","0","0","0","0","0","0","0","0","312","343","330","88","107","375","363","317","407","2025-07-02 00:00:00","2025-11-22 00:00:00"
"SOFF11","0","0","0","0","0","0","0","0","313","250","223","343","409","379","367","321","411","2025-07-02 00:00:00","2025-11-22 00:00:00"
"SARE11","0","0","0","0","73","0","68","0","314","324","334","96","80","45","46","159","102","2024-05-22 00:00:00","2025-11-22 00:00:00"
"VGII11","0","0","0","0","0","0","0","0","315","38","231","319","323","402","390","344","330","2025-07-02 00:00:00","2025-11-22 00:00:00"
"OULG11","0","0","0","0","0","0","0","0","316","13","306","300","223","19","21","194","78","2024-05-22 00:00:00","2025-11-22 00:00:00"
"CJCT11","0","0","0","0","0","0","0","0","317","351","241","173","184","58","59","199","160","2024-05-22 00:00:00","2025-11-22 00:00:00"
"JCCJ11","0","0","0","0","0","0","0","0","318","357","213","311","153","36","36","278","86","2024-05-22 00:00:00","2025-11-22 00:00:00"
"CBOP11","0","0","0","0","0","0","0","0","319","353","286","330","274","39","39","255","220","2024-05-22 00:00:00","2025-11-22 00:00:00"
"PATC11","0","0","0","0","0","0","0","0","320","368","264","208","234","42","42","19","14","2024-05-22 00:00:00","2025-11-22 00:00:00"
"DAMT11","0","0","0","0","0","0","0","0","321","48","331","258","388","279","278","301","284","2025-07-02 00:00:00","2025-11-22 00:00:00"
"HAAA11","0","0","0","0","0","0","0","0","322","366","250","178","183","71","71","291","280","2024-05-22 00:00:00","2025-11-22 00:00:00"
"FTCE11","0","0","0","0","0","0","0","0","323","259","21","9","389","391","379","333","319","2025-07-02 00:00:00","2025-11-22 00:00:00"
"VTPL11","0","0","0","0","0","0","0","0","324","56","249","257","235","414","402","356","342","2025-07-02 00:00:00","2025-11-22 00:00:00"
"DAYM11","0","0","0","0","0","0","0","0","325","230","339","287","393","225","213","282","181","2025-07-02 00:00:00","2025-11-22 00:00:00"
"VVMR11","0","0","0","0","0","0","0","0","326","361","246","160","160","113","113","181","128","2024-05-22 00:00:00","2025-11-22 00:00:00"
"HUCG11","0","0","0","0","0","0","0","0","327","270","245","255","257","67","66","281","241","2024-05-22 00:00:00","2025-11-22 00:00:00"
"RBTS11","0","0","0","0","0","0","0","0","328","26","190","376","357","269","258","288","293","2024-05-22 00:00:00","2025-11-22 00:00:00"
"PCIP11","0","0","0","0","50","0","47","0","329","170","248","37","60","178","173","132","170","2025-10-10 00:00:00","2025-11-22 00:00:00"
"YUFI11","0","0","0","0","0","0","0","0","330","15","280","359","355","318","410","364","350","2024-05-22 00:00:00","2025-11-22 00:00:00"
"AURB11","0","0","0","0","0","0","0","0","331","341","252","265","283","339","327","385","371","2025-07-02 00:00:00","2025-11-22 00:00:00"
"KNRE11","0","0","0","0","0","0","0","0","332","375","343","396","369","78","82","298","302","2024-05-22 00:00:00","2025-11-22 00:00:00"
"NEWU11","0","0","0","0","0","0","0","0","333","359","259","281","308","28","28","242","158","2024-05-22 00:00:00","2025-11-22 00:00:00"
"FPNG11","0","0","0","0","0","0","0","0","334","127","221","52","89","1","2","269","44","2024-05-22 00:00:00","2025-11-22 00:00:00"
"ANCR11","0","0","0","0","0","0","0","0","335","328","235","1","384","11","11","311","300","2025-07-02 00:00:00","2025-11-22 00:00:00"
"SPG211","0","0","0","0","0","0","0","0","336","349","342","366","412","382","370","324","414","2025-07-02 00:00:00","2025-11-22 00:00:00"
"JBFO11","0","0","0","0","0","0","0","0","337","371","337","247","375","322","414","368","354","2024-05-22 00:00:00","2025-11-22 00:00:00"
"GFDL11","0","0","0","0","0","0","0","0","338","364","336","360","394","396","384","338","324","2025-07-02 00:00:00","2025-11-22 00:00:00"
"ICNE11",NULL,NULL,NULL,NULL,NULL,NULL,NULL,NULL,"339","381","9","412","282","412","400","354","340","2024-05-22 00:00:00","2025-11-22 00:00:00"
"GCOI11","0","0","0","0","0","0","0","0","340","268","373","384","370","393","381","335","321","2024-05-22 00:00:00","2025-11-22 00:00:00"
"GTLG11","0","0","0","0","0","0","0","0","341","16","359","91","251","398","386","340","326","2024-05-22 00:00:00","2025-11-22 00:00:00"
"PRSV11","0","0","0","0","0","0","0","0","342","17","376","387","345","204","209","286","308","2024-05-22 00:00:00","2025-11-22 00:00:00"
"MGHT11","0","0","0","0","0","0","0","0","343","282","361","369","348","118","111","246","286","2024-05-22 00:00:00","2025-11-22 00:00:00"
"PNPR11","0","0","0","0","0","0","0","0","344","18","410","338","344","334","322","380","366","2024-05-22 00:00:00","2025-11-22 00:00:00"
"LRDI11","0","0","0","0","0","0","0","0","345","19","348","309","350","320","412","366","352","2025-07-02 00:00:00","2025-11-22 00:00:00"
"NAUI11","0","0","0","0","0","0","0","0","346","22","415","313","414","326","314","372","358","2025-07-02 00:00:00","2025-11-22 00:00:00"
"VXXV11","0","0","0","0","0","0","0","0","347","24","345","177","163","308","308","2","6","2024-05-22 00:00:00","2025-11-22 00:00:00"
"HDEL11","0","0","0","0","0","0","0","0","348","25","369","286","276","401","389","343","329","2024-06-10 00:00:00","2025-11-22 00:00:00"
"LLAO11",NULL,NULL,NULL,NULL,NULL,NULL,NULL,NULL,"349","27","365","373","359","316","408","362","348","2025-07-02 00:00:00","2025-11-22 00:00:00"
"IBFF11","0","0","0","0","0","0","0","0","350","9","407","335","253","411","399","353","339","2024-05-22 00:00:00","2025-11-22 00:00:00"
"BRIM11","0","0","0","0","0","0","0","0","351","28","355","361","351","292","286","287","310","2024-05-22 00:00:00","2025-11-22 00:00:00"
"TSNC11","0","0","0","0","0","0","0","0","352","30","400","264","279","395","383","337","323","2024-05-22 00:00:00","2025-11-22 00:00:00"
"LTMT11","0","0","0","0","0","0","0","0","353","32","370","381","364","329","317","375","361","2025-07-02 00:00:00","2025-11-22 00:00:00"
"SRVD11","0","0","0","0","0","0","0","0","354","36","403","138","363","387","375","329","315","2024-05-22 00:00:00","2025-11-22 00:00:00"
"ROOF11","0","0","0","0","0","0","0","0","355","37","353","358","352","359","347","405","391","2024-05-22 00:00:00","2025-11-22 00:00:00"
"HOFC11","0","0","0","0","0","0","0","0","356","304","394","243","189","164","182","239","258","2024-05-22 00:00:00","2025-11-22 00:00:00"
"LFTT11","0","0","0","0","0","0","0","0","357","8","385","398","337","130","112","296","309","2024-05-22 00:00:00","2025-11-22 00:00:00"
"SCPF11","0","0","0","0","0","0","0","0","358","51","375","386","331","157","167","266","277","2024-05-22 00:00:00","2025-11-22 00:00:00"
"BBFI11","0","0","0","0","0","0","0","0","359","6","396","273","391","17","16","247","267","2024-06-10 00:00:00","2025-11-22 00:00:00"
"RBOP11","0","0","0","0","0","0","0","0","360","58","363","371","302","229","235","241","288","2024-05-22 00:00:00","2025-11-22 00:00:00"
"SJAU11","0","0","0","0","0","0","0","0","361","1","383","394","371","295","289","307","311","2024-05-22 00:00:00","2025-11-22 00:00:00"
"HGPO11","0","0","0","0","110","0","0","0","362","117","411","153","170","9","9","11","7","2024-05-22 00:00:00","2025-11-22 00:00:00"
"ZIFI11","0","0","0","0","0","0","0","0","363","335","371","382","287","124","97","265","257","2024-05-22 00:00:00","2025-11-22 00:00:00"
"PABY11","0","0","0","0","0","0","0","0","364","121","378","389","415","87","86","251","194","2024-05-22 00:00:00","2025-11-22 00:00:00"
"MGCR11","0","0","0","0","0","0","0","0","365","186","386","230","252","330","318","376","362","2024-05-22 00:00:00","2025-11-22 00:00:00"
"RBDS11","0","0","0","0","0","0","0","0","366","5","392","406","381","40","40","302","294","2024-05-22 00:00:00","2025-11-22 00:00:00"
"SOLR11","0","0","0","0","0","0","0","0","367","346","362","298","310","380","368","322","412","2024-05-22 00:00:00","2025-11-22 00:00:00"
"ERCR11","0","0","0","0","0","0","0","0","368","350","350","185","340","386","374","328","314","2024-05-22 00:00:00","2025-11-22 00:00:00"
"SPMO11","0","0","0","0","0","0","0","0","369","354","405","149","173","384","372","326","312","2024-05-22 00:00:00","2025-11-22 00:00:00"
"HRDF11","0","0","0","0","0","0","0","0","370","4","384","395","374","239","221","271","296","2024-05-22 00:00:00","2025-11-22 00:00:00"
"VVPR11","0","0","0","0","0","0","0","0","371","3","412","161","254","313","405","359","345","2024-05-22 00:00:00","2025-11-22 00:00:00"
"XPCM11","0","0","0","0","0","0","0","0","372","360","367","375","303","38","38","231","171","2024-05-22 00:00:00","2025-11-22 00:00:00"
"TRNT11","0","0","0","0","0","0","0","0","373","370","346","109","83","73","67","252","252","2024-05-22 00:00:00","2025-11-22 00:00:00"
"ONEF11","0","0","0","0","0","0","0","0","374","372","349","184","250","325","313","371","357","2024-05-22 00:00:00","2025-11-08 00:00:00"
"GSFI11","0","0","0","0","0","0","0","0","375","373","380","55","51","12","12","39","34","2024-05-22 00:00:00","2025-11-22 00:00:00"
"CIXM11",NULL,NULL,NULL,NULL,NULL,NULL,NULL,NULL,"376","374","327","415","175","364","352","410","396","2024-05-22 00:00:00","2025-11-22 00:00:00"
"CARE11","0","0","0","0","0","0","0","0","377","376","344","347","171","92","108","232","143","2024-05-22 00:00:00","2025-11-22 00:00:00"
"CSMC11",NULL,NULL,NULL,NULL,NULL,NULL,NULL,NULL,"378","377","38","407","27","365","353","411","397","2024-05-22 00:00:00","2025-11-22 00:00:00"
"ELDO11",NULL,NULL,NULL,NULL,NULL,NULL,NULL,NULL,"379","378","33","410","399","321","413","367","353","2025-07-02 00:00:00","2025-11-22 00:00:00"
"OPTM11",NULL,NULL,NULL,NULL,NULL,NULL,NULL,NULL,"380","379","397","411","380","324","312","370","356","2024-05-22 00:00:00","2025-11-22 00:00:00"
"SHDP11",NULL,NULL,NULL,NULL,NULL,NULL,NULL,NULL,"381","380","17","408","383","372","360","314","404","2025-07-02 00:00:00","2025-11-22 00:00:00"
"MMVE11",NULL,NULL,NULL,NULL,NULL,NULL,NULL,NULL,"382","382","382","282","296","327","315","373","359","2024-05-22 00:00:00","2025-11-22 00:00:00"
"APXR11",NULL,NULL,NULL,NULL,NULL,NULL,NULL,NULL,"383","383","374","385","376","336","324","382","368","2025-07-02 00:00:00","2025-11-22 00:00:00"
"EDGE11",NULL,NULL,NULL,NULL,NULL,NULL,NULL,NULL,"384","384","372","383","368","378","366","320","410","2025-07-02 00:00:00","2025-11-22 00:00:00"
"SHOP11",NULL,NULL,NULL,NULL,NULL,NULL,NULL,NULL,"385","385","368","291","297","20","22","303","232","2024-06-10 00:00:00","2025-11-22 00:00:00"
"CYLD11",NULL,NULL,NULL,NULL,NULL,NULL,NULL,NULL,"386","386","366","207","226","370","358","312","402","2025-07-02 00:00:00","2025-11-22 00:00:00"
"BSLT11",NULL,NULL,NULL,NULL,NULL,NULL,NULL,NULL,"387","387","387","235","401","349","337","395","381","2025-07-02 00:00:00","2025-11-22 00:00:00"
"HOMS11",NULL,NULL,NULL,NULL,NULL,NULL,NULL,NULL,"388","388","388","278","349","405","393","347","333","2025-07-02 00:00:00","2025-11-22 00:00:00"
"EGYR11",NULL,NULL,NULL,NULL,NULL,NULL,NULL,NULL,"389","389","389","403","259","51","51","275","173","2024-05-22 00:00:00","2025-11-22 00:00:00"
"CENU11",NULL,NULL,NULL,NULL,NULL,NULL,NULL,NULL,"390","390","390","238","262","358","346","404","390","2024-06-10 00:00:00","2025-11-22 00:00:00"
"RCFA11",NULL,NULL,NULL,NULL,NULL,NULL,NULL,NULL,"391","391","391","405","372","177","159","283","305","2024-05-22 00:00:00","2025-11-22 00:00:00"
"HDOF11",NULL,NULL,NULL,NULL,NULL,NULL,NULL,NULL,"392","392","364","205","150","403","391","345","331","2024-05-22 00:00:00","2025-11-22 00:00:00"
"VPPR11",NULL,NULL,NULL,NULL,NULL,NULL,NULL,NULL,"393","393","393","242","164","3","6","219","10","2025-07-02 00:00:00","2025-11-22 00:00:00"
"CTXT11",NULL,NULL,NULL,NULL,NULL,NULL,NULL,NULL,"394","394","360","368","272","103","106","268","264","2024-05-22 00:00:00","2025-11-22 00:00:00"
"EAGL11",NULL,NULL,NULL,NULL,NULL,NULL,NULL,NULL,"395","395","395","409","211","377","365","319","409","2025-07-02 00:00:00","2025-11-22 00:00:00"
"BIPE11",NULL,NULL,NULL,NULL,NULL,NULL,NULL,NULL,"396","396","414","316","319","343","331","389","375","2025-07-02 00:00:00","2025-11-22 00:00:00"
"RBRK11",NULL,NULL,NULL,NULL,NULL,NULL,NULL,NULL,"397","397","351","189","407","344","332","390","376","2025-07-02 00:00:00","2025-11-22 00:00:00"
"EGDB11",NULL,NULL,NULL,NULL,NULL,NULL,NULL,NULL,"398","398","398","253","286","5","1","195","1","2025-07-02 00:00:00","2025-11-22 00:00:00"
"PNDL11",NULL,NULL,NULL,NULL,NULL,NULL,NULL,NULL,"399","399","399","140","222","333","321","379","365","2025-07-02 00:00:00","2025-11-22 00:00:00"
"BLUE11",NULL,NULL,NULL,NULL,NULL,NULL,NULL,NULL,"400","400","347","180","403","346","334","392","378","2025-07-02 00:00:00","2025-11-22 00:00:00"
"SPGM11",NULL,NULL,NULL,NULL,NULL,NULL,NULL,NULL,"401","401","401","329","338","383","371","325","415","2025-07-02 00:00:00","2025-11-22 00:00:00"
"SAIC11",NULL,NULL,NULL,NULL,NULL,NULL,NULL,NULL,"402","402","402","327","386","369","357","415","401","2025-07-02 00:00:00","2025-11-22 00:00:00"
"DVLT11",NULL,NULL,NULL,NULL,NULL,NULL,NULL,NULL,"403","403","358","364","413","376","364","318","408","2025-07-02 00:00:00","2025-11-22 00:00:00"
"HCST11",NULL,NULL,NULL,NULL,NULL,NULL,NULL,NULL,"404","404","404","332","325","399","387","341","327","2024-05-22 00:00:00","2025-11-22 00:00:00"
"VVCO11",NULL,NULL,NULL,NULL,NULL,NULL,NULL,NULL,"405","405","357","204","229","16","18","51","12","2024-05-22 00:00:00","2025-11-22 00:00:00"
"GCDL11",NULL,NULL,NULL,NULL,NULL,NULL,NULL,NULL,"406","406","406","334","390","392","380","334","320","2025-07-02 00:00:00","2025-11-22 00:00:00"
"YEES11",NULL,NULL,NULL,NULL,NULL,NULL,NULL,NULL,"407","407","356","362","362","317","409","363","349","2025-07-02 00:00:00","2025-11-22 00:00:00"
"ASRF11",NULL,NULL,NULL,NULL,NULL,NULL,NULL,NULL,"408","408","408","336","336","337","325","383","369","2024-05-22 00:00:00","2025-11-22 00:00:00"
"FIVN11",NULL,NULL,NULL,NULL,NULL,NULL,NULL,NULL,"409","409","409","337","316","148","148","279","307","2024-05-22 00:00:00","2025-11-22 00:00:00"
"TCIN11",NULL,NULL,NULL,NULL,NULL,NULL,NULL,NULL,"410","410","354","304","317","389","377","331","317","2024-05-22 00:00:00","2025-11-22 00:00:00"
"BMLT11",NULL,NULL,NULL,NULL,NULL,NULL,NULL,NULL,"411","411","352","357","402","347","335","393","379","2025-07-02 00:00:00","2025-11-22 00:00:00"
"RDLI11",NULL,NULL,NULL,NULL,NULL,NULL,NULL,NULL,"412","412","413","167","208","350","338","396","382","2025-07-02 00:00:00","2025-11-22 00:00:00"
"DVLP11",NULL,NULL,NULL,NULL,NULL,NULL,NULL,NULL,"413","413","379","283","281","374","362","316","406","2025-07-02 00:00:00","2025-11-22 00:00:00"
"LKDV11",NULL,NULL,NULL,NULL,NULL,NULL,NULL,NULL,"414","414","377","285","300","315","407","361","347","2024-05-22 00:00:00","2025-11-22 00:00:00"
"CIXF11",NULL,NULL,NULL,NULL,NULL,NULL,NULL,NULL,"415","415","381","392","392","363","351","409","395","2025-07-02 00:00:00","2025-11-22 00:00:00"
