"ticker","revenue_due_0_3m_pct","revenue_due_3_6m_pct","revenue_due_6_9m_pct","revenue_due_9_12m_pct","revenue_due_12_15m_pct","revenue_due_15_18m_pct","revenue_due_18_21m_pct","revenue_due_21_24m_pct","revenue_due_24_27m_pct","revenue_due_27_30m_pct","revenue_due_30_33m_pct","revenue_due_33_36m_pct","revenue_due_over_36m_pct","revenue_due_undetermined_pct","revenue_igpm_pct","revenue_inpc_pct","revenue_ipca_pct","revenue_incc_pct","created_at","updated_at"
"LTMT11","0","0","0","0","0","0","0","0","0","0","0","0","0","0","0","0","0","0","2025-07-02 00:00:00","2025-11-22 00:00:00"
"ELDO11","0.2414","0.0503","0.0648","0.0303","0.0128","0.0437","0.0275","0.0411","0.0163","0.0287","0.0808","0.0388","0.3228","0","0.5552","0","0.4447","0","2025-07-02 00:00:00","2025-11-22 00:00:00"
"LRDI11","0","0","0","0","0","0","0","0","0","0","0","0","0","0","0","0","0","0","2025-07-02 00:00:00","2025-11-22 00:00:00"
"LPLP11","0","0","0","0","0","0","0","0","0","0","0","0","0","0","0","0","0","0","2025-07-02 00:00:00","2025-11-22 00:00:00"
"LLAO11","0","0","0","0","0","0","0","0","0","0","0","0","0","0","0","0","0","0","2025-07-02 00:00:00","2025-11-22 00:00:00"
"LKDV11","0.0000","0.0000","0.0000","0.0000","0.0000","0.0000","0.0000","0.0000","0.0000","0.0000","0.0000","0.0000","1.0000","0.0000","1.0000","0.0000","0.0000","0.0000","2024-05-22 00:00:00","2025-11-22 00:00:00"
"LIFE11","0","0","0","0","0","0","0","0","0","0","0","0","0","0","0","0","0","0","2024-06-10 00:00:00","2025-11-22 00:00:00"
"LFTT11","0","0","0","0","0","0","0","0","0","0","0","0","0","0","0","0","0","0","2024-05-22 00:00:00","2025-11-22 00:00:00"
"LASC11","0","0","0","0","0","0","0","0","0","0","0","0","0","0","0","0","0","0","2024-05-22 00:00:00","2025-11-22 00:00:00"
"KORE11","0.0034","0.0000","0.0417","0.1039","0.0276","0.0214","0.0158","0.0186","0.0072","0.0846","0.0963","0.0000","0.5640","0.0148","0.4498","0.0000","0.5501","0.0000","2024-05-22 00:00:00","2025-11-22 00:00:00"
"KNUQ11","0","0","0","0","0","0","0","0","0","0","0","0","0","0","0","0","0","0","2024-05-22 00:00:00","2025-11-22 00:00:00"
"KNSC11","0","0","0","0","0","0","0","0","0","0","0","0","0","0","0","0","0","0","2024-05-22 00:00:00","2025-11-22 00:00:00"
"KNRI11","0.0086","0.0027","0.0422","0.1233","0.0117","0.0320","0.2131","0.0872","0.0121","0.0487","0.0115","0.0353","0.3570","0.0141","0.3269","0.0000","0.6730","0.0000","2024-05-22 00:00:00","2025-11-22 00:00:00"
"KNRE11","0","0","0","0","0","0","0","0","0","0","0","0","0","0","0","0","0","0","2024-05-22 00:00:00","2025-11-22 00:00:00"
"KNIP11","0","0","0","0","0","0","0","0","0","0","0","0","0","0","0","0","0","0","2024-05-22 00:00:00","2025-11-22 00:00:00"
"KNHY11","0","0","0","0","0","0","0","0","0","0","0","0","0","0","0","0","0","0","2024-05-22 00:00:00","2025-11-22 00:00:00"
"KNHF11","0.0041","0.0025","0.0061","0.1237","0.0862","0.0007","0.0017","0.0561","0.0384","0.0709","0.0079","0.0323","0.5572","0.0116","0.4205","0.0008","0.4636","0.0000","2024-05-22 00:00:00","2025-11-22 00:00:00"
"KNCR11","0","0","0","0","0","0","0","0","0","0","0","0","0","0","0","0","0","0","2024-05-22 00:00:00","2025-11-22 00:00:00"
"KIVO11","0","0","0","0","0","0","0","0","0","0","0","0","0","0","0","0","0","0","2024-05-22 00:00:00","2025-11-22 00:00:00"
"KISU11","0","0","0","0","0","0","0","0","0","0","0","0","0","0","0","0","0","0","2024-05-22 00:00:00","2025-11-22 00:00:00"
"KFOF11","0","0","0","0","0","0","0","0","0","0","0","0","0","0","0","0","0","0","2024-05-22 00:00:00","2025-11-22 00:00:00"
"KFEN11","0","0","0","0","0","0","0","0","0","0","0","0","0","0","0","0","0","0","2025-07-02 00:00:00","2025-11-22 00:00:00"
"KEVE11","0","0","0","0","0","0","0","0","0","0","0","0","0","0","0","0","0","0","2024-05-22 00:00:00","2025-11-22 00:00:00"
"KCRE11","0","0","0","0","0","0","0","0","0","0","0","0","0","0","0","0","0","0","2024-05-22 00:00:00","2025-11-22 00:00:00"
"JSRE11","0.0229","0.0497","0.0079","0.0549","0.0359","0.0098","0.0750","0.0469","0.1197","0.0829","0.0396","0.0048","0.4190","0","0.2364","0.0000","0.7519","0.0000","2024-05-22 00:00:00","2025-11-22 00:00:00"
"JSCR11","0","0","0","0","0","0","0","0","0","0","0","0","0","0","0","0","0","0","2025-07-02 00:00:00","2025-11-22 00:00:00"
"JSAF11","0","0","0","0","0","0","0","0","0","0","0","0","0","0","0","0","0","0","2024-05-22 00:00:00","2025-11-22 00:00:00"
"JPPC11","0","0","0","0","0","0","0","0","0","0","0","0","0","0","0","0","0","0","2024-05-22 00:00:00","2025-11-22 00:00:00"
"JPPA11","0","0","0","0","0","0","0","0","0","0","0","0","0","0","0","0","0","0","2024-05-22 00:00:00","2025-11-22 00:00:00"
"JFLL11","0","0","0","0","0","0","0","0","0","0","0","0","0","0","0","0","0","0","2024-05-22 00:00:00","2025-11-22 00:00:00"
"JCIN11","0","0","0","0","0","0","0","0","0","0","0","0","0","0","0","0","0","0","2025-07-02 00:00:00","2025-11-22 00:00:00"
"JCCJ11","0","0","0","0","0","0","0","0","0","0","0","0","0","0","0","0","0","0","2024-05-22 00:00:00","2025-11-22 00:00:00"
"JBFO11","0","0","0","0","0","0","0","0","0","0","0","0","0","0","0","0","0","0","2024-05-22 00:00:00","2025-11-22 00:00:00"
"JASC11","0.0150","0.0160","0.0130","0.0440","0.0240","0.0030","0.0080","0.0080","0.0460","0.0050","0.0550","0.0830","0.6810","0.0000","0.5820","0.0000","0.4180","0.0000","2024-05-22 00:00:00","2025-11-22 00:00:00"
"ITRI11","0","0","0","0","0","0","0","0","0","0","0","0","0","0","0","0","0","0","2024-05-29 00:00:00","2025-11-22 00:00:00"
"ITIT11","0","0","0","0","0","0","0","0","0","0","0","0","0","0","0","0","0","0","2024-05-22 00:00:00","2025-11-22 00:00:00"
"ITIP11","0","0","0","0","0","0","0","0","0","0","0","0","0","0","0","0","0","0","2024-05-22 00:00:00","2025-11-22 00:00:00"
"ISCJ11","0","0","0","0","0","0","0","0","0","0","0","0","0","0","0","0","0","0","2024-05-22 00:00:00","2025-11-22 00:00:00"
"IRIM11","0.0000","0.0000","0.0000","0.0000","0.0000","0.0000","0.0000","0.0000","0.0000","0.0000","0.0000","0.0000","0.0000","0.0000","0.0000","0.0000","0.0000","0.0000","2024-05-22 00:00:00","2025-11-22 00:00:00"
"IRDM11","0.0000","0.0000","0.0000","0.0000","0.0000","0.0000","0.0000","0.0000","0.0000","0.0000","0.0000","0.0000","0.0000","0.0000","0.0000","0.0000","0.0000","0.0000","2024-05-22 00:00:00","2025-11-22 00:00:00"
"INRD11","0.0130","0.0195","0.0369","0.0891","0.0652","0.1217","0.1434","0.1630","0.1695","0.1456","0.0326","0","0","0","0","0","1.0000","0","2025-07-02 00:00:00","2025-11-22 00:00:00"
"INLG11","0.0196","0.0471","0","0.0284","0.0718","0.1387","0.2028","0.1038","0.1455","0.0411","0.0391","0.0220","0.1395","0","0","0","1.0000","0","2024-12-02 00:00:00","2025-11-22 00:00:00"
"ICRI11","0","0","0","0","0","0","0","0","0","0","0","0","0","0","0","0","0","0","2024-05-29 00:00:00","2025-11-22 00:00:00"
"ICNE11","0","0","0","0","0","0","0","0","0","0","0","0","0","0","0","0","0","0","2024-05-22 00:00:00","2025-11-22 00:00:00"
"IBFF11","0.0000","0.0000","0.0000","0.0000","0.0000","0.0000","0.0000","0.0000","0.0000","0.0000","0.0000","0.0000","0.0000","0.0000","0.0000","0.0000","0.0000","0.0000","2024-05-22 00:00:00","2025-11-22 00:00:00"
"IBCR11","0.0000","0.0000","0.0000","0.0000","0.0000","0.0000","0.0000","0.0000","0.0000","0.0000","0.0000","0.0000","0.0000","0.0000","0.0000","0.0000","0.0000","0.0000","2024-05-22 00:00:00","2025-11-22 00:00:00"
"IBBP11","0","0","0","0","0","0","0","0","0","0","0","0","0","0","0","0","0","0","2025-07-02 00:00:00","2025-11-22 00:00:00"
"HYPI11","0","0","0","0","0","0","0","0","0","0","0","0","0","0","0","0","0","0","2025-07-02 00:00:00","2025-11-22 00:00:00"
"HUSI11","0","0","0","0","0","0","0","0","0","0","0","0","0","0","0","0","0","0","2024-05-22 00:00:00","2025-11-22 00:00:00"
"HUSC11","0","0","0","0","0","0","0","0","0","0","0","0","1.0000","0","0","0","1.0000","0","2024-05-22 00:00:00","2025-11-22 00:00:00"
"HUCG11","0","0","0","0","0","0","0","0","0","0","0","0","1.0000","0","0","0","1.0000","0","2024-05-22 00:00:00","2025-11-22 00:00:00"
"HTMX11","0.0000","0.0000","0.0000","0.0000","0.0000","0.0000","0.0000","0.0000","0.0000","0.0000","0.0000","0.0000","0.0000","0.0000","0.0000","0.0000","0.0000","0.0000","2024-05-22 00:00:00","2025-11-22 00:00:00"
"HSRE11","0.0000","0.0013","0.0000","0.0000","0.0000","0.0000","0.0365","0.8678","0.0000","0.0000","0.0166","0.0000","0.0776","0.0000","0.0705","0.0000","0.9280","0.0000","2024-05-22 00:00:00","2025-11-22 00:00:00"
"HSML11","0.0126","0.0275","0.0162","0.0180","0.0420","0.0239","0.0138","0.0271","0.0324","0.0285","0.0566","0.0173","0.6636","0.0196","0","0.0378","0.3914","0","2024-05-22 00:00:00","2025-11-22 00:00:00"
"HSLG11","0.0000","0.0029","0.0048","0.0202","0.0298","0.0147","0.0000","0.0160","0.0089","0.0000","0.0000","0.2354","0.6641","0.0000","0.0999","0.0000","0.9001","0.0000","2024-05-22 00:00:00","2025-11-22 00:00:00"
"HSAF11","0","0","0","0","0","0","0","0","0","0","0","0","0","0","0","0","0","0","2024-05-22 00:00:00","2025-11-22 00:00:00"
"HRES11","0","0","0","0","0","0","0","0","0","0","0","0","0","0","0","0","0","0","2025-07-02 00:00:00","2025-11-22 00:00:00"
"HREC11","0","0","0","0","0","0","0","0","0","0","0","0","0","0","0","0","0","0","2024-05-22 00:00:00","2025-11-22 00:00:00"
"HRDF11","0","0","0","0","0","0","0","0","0","0","0","0","0","0","0","0","0","0","2024-05-22 00:00:00","2025-11-22 00:00:00"
"HPDP11","0.0453","0.0631","0.0335","0.0322","0.0267","0.0738","0.0825","0.0294","0.0145","0.0317","0.0301","0.0248","0.3061","0.2056","0.0000","0.0108","0.5668","0.0000","2024-05-22 00:00:00","2025-11-22 00:00:00"
"HOSI11","0","0","0","0","0","0","0","0","0","0","0","0","0","0","0","0","0","0","2024-05-22 00:00:00","2025-11-22 00:00:00"
"HOMS11","0","0","0","0","0","0","0","0","0","0","0","0","0","0","0","0","0","0","2025-07-02 00:00:00","2025-11-22 00:00:00"
"HOFC11","0.1501","0.0000","0.0000","0.0398","0.0000","0.0000","0.0000","0.0000","0.0000","0.0000","0.0100","0.0000","0.7998","0.0000","0.0512","0.0000","0.9089","0.0000","2024-05-22 00:00:00","2025-11-22 00:00:00"
"HLOG11","0.0000","0.0553","0.0283","0.0000","0.0282","0.0000","0.0000","0.4592","0.0000","0.0000","0.0000","0.0000","0.4287","0.0000","0.0000","0.0000","1.0000","0.0000","2024-05-22 00:00:00","2025-11-22 00:00:00"
"HILG11","0","0","0","0","0","0","0","0","0","0","0","0","0","0","0","0","0","0","2024-05-22 00:00:00","2025-11-22 00:00:00"
"HGRU11","0.0005","0.0030","0.0000","0.0000","0.0000","0.0000","0.0000","0.0006","0.0000","0.0016","0","0","0.9854","0.0085","0.0063","0.0000","0.9936","0.0000","2024-05-22 00:00:00","2025-11-22 00:00:00"
"HGRE11","0.0234","0.0039","0.0000","0.0000","0.0071","0.4180","0.0060","0.0371","0.0132","0.0000","0.0063","0.0000","0.4390","0.0164","0.5337","0.0000","0.4208","0.0000","2024-05-22 00:00:00","2025-11-22 00:00:00"
"HGPO11","0","0","0","0","0","0","0","0","0","0","0","0","0","0","0","0","0","0","2024-05-22 00:00:00","2025-11-22 00:00:00"
"HGLG11","0.1347","0.0518","0.0205","0.0096","0.0181","0.0303","0.0358","0.0755","0.0154","0.0188","0.0114","0.0100","0.5676","0.0000","0.1300","0.0000","0.8600","0.0000","2024-05-22 00:00:00","2025-11-22 00:00:00"
"HGIC11","0","0","0","0","0","0","0","0","0","0","0","0","0","0","0","0","0","0","2024-05-22 00:00:00","2025-11-22 00:00:00"
"HGFF11","0","0","0","0","0","0","0","0","0","0","0","0","0","0","0","0","0","0","2024-05-22 00:00:00","2025-11-22 00:00:00"
"HGCR11","0","0","0","0","0","0","0","0","0","0","0","0","0","0","0","0","0","0","2024-05-22 00:00:00","2025-11-22 00:00:00"
"HGBS11","0.0243","0.0241","0.0186","0.0305","0.0300","0.0330","0.0356","0.0301","0.0618","0.0338","0.0265","0.0561","0.4437","0.1511","0.3542","0.0001","0.2895","0.0000","2024-05-22 00:00:00","2025-11-22 00:00:00"
"HGBL11","0.0922","0.2683","0.0000","0.0000","0.0000","0.0000","0.3044","0.0000","0.0000","0.0000","0.0000","0.0000","0.3349","0.0000","0.0000","0.0000","1.0000","0.0000","2024-05-29 00:00:00","2025-11-22 00:00:00"
"HFOF11","0","0","0","0","0","0","0","0","0","0","0","0","0","0","0","0","0","0","2024-05-22 00:00:00","2025-11-22 00:00:00"
"HDOF11","0","0","0","0","0","0","0","0","0","0","0","0","0","0","0","0","0","0","2024-05-22 00:00:00","2025-11-22 00:00:00"
"HDEL11","0.0000","0.0000","0.0000","0.0000","0.0000","0.0000","0.0000","0.0680","0.0000","0.0000","0.0000","0.1533","0.7786","0.0000","0.0000","0.0000","1.0000","0.0000","2024-06-10 00:00:00","2025-11-22 00:00:00"
"HCTR11","0","0","0","0","0","0","0","0","0","0","0","0","0","0","0","0","0","0","2024-05-22 00:00:00","2025-11-22 00:00:00"
"HCST11","0","0","0","0","0","0","0","0","0","0","0","0","0","0","0","0","0","0","2024-05-22 00:00:00","2025-11-22 00:00:00"
"HCRI11","0.0000","0.0000","0.0000","0.0000","0.0000","0.0000","0.0000","0.0000","0.0000","0.0000","0.0000","0.0000","1.0000","0.0000","1.0000","0.0000","0.0000","0.0000","2024-05-22 00:00:00","2025-11-22 00:00:00"
"HCHG11","0","0","0","0","0","0","0","0","0","0","0","0","0","0","0","0","0","0","2024-05-22 00:00:00","2025-11-22 00:00:00"
"HBCR11","0.0000","0.0000","0.0000","0.0000","0.0000","0.0000","0.0000","0.0000","0.0000","0.0000","0.0000","0.0000","1.0000","0.0000","0.0000","0.0000","1.0000","0.0000","2024-05-22 00:00:00","2025-11-22 00:00:00"
"HABT11","0","0","0","0","0","0","0","0","0","0","0","0","0","0","0","0","0","0","2024-05-22 00:00:00","2025-11-22 00:00:00"
"HAAA11","0.3322","0","0","0","0","0","0","0","0.1947","0.0227","0.0083","0.0146","0.4273","0","0.6051","0","0.3199","0.0000","2024-05-22 00:00:00","2025-11-22 00:00:00"
"GZIT11","0.0450","0.0150","0.0313","0.0520","0.0585","0.0192","0.0162","0.0238","0.0369","0.0118","0.1198","0.0244","0.2759","0.2433","0.3761","0.0026","0.0614","0.0000","2024-06-10 00:00:00","2025-11-22 00:00:00"
"GTWR11","0","0","0","0","0","0","0","0","0","0","0","0","1.0000","0","1.0000","0","0","0","2024-05-22 00:00:00","2025-11-22 00:00:00"
"GTLG11","0.0140","0.0170","0.0254","0.0041","0.0193","0.0297","0.0080","0.0000","0.0073","0.1941","0.1032","0.0631","0.5142","0","0.1264","0.0000","0.8190","0.0000","2024-05-22 00:00:00","2025-11-22 00:00:00"
"GSFI11","0.0870","0.0180","0.0290","0.0380","0.0400","0.0280","0.0370","0.0530","0.0430","0.0280","0.0420","0.0390","0.4130","0.1050","0.0320","0.0000","0.0310","0.0000","2024-05-22 00:00:00","2025-11-22 00:00:00"
"GRUL11","0","0","0","0","0","0","0","0","0","0","0","0","0","1.0000","0","0","1.0000","0","2025-04-01 00:00:00","2025-11-22 00:00:00"
"GLPF11","0","0","0","0","0","0","0","0","0","0","0","0","0","0","0","0","0","0","2025-07-02 00:00:00","2025-11-22 00:00:00"
"GLOG11","0","0","0","0","0","0","0","0","0","0","0","0","1.0000","0","1.0000","0","0","0","2024-05-22 00:00:00","2025-11-22 00:00:00"
"GLCR11","0","0","0","0","0","0","0","0","0","0","0","0","0","0","0","0","0","0","2025-07-02 00:00:00","2025-11-22 00:00:00"
"GGRC11","0","0","0","0","0","0","0","0","0","0","0","0","1.0000","0","0.0172","0.0464","0.9364","0","2024-05-22 00:00:00","2025-11-22 00:00:00"
"GFDL11","0","0","0","0","0","0","0","0","0","0","0","0","0","0","0","0","0","0","2025-07-02 00:00:00","2025-11-22 00:00:00"
"GCRI11","0.0000","0.0000","0.0000","0.0000","0.0000","0.0000","0.0000","0.0000","0.0000","0.0000","0.0000","0.0000","0.0000","0.0000","0.0000","0.0000","0.0000","0.0000","2024-05-22 00:00:00","2025-11-22 00:00:00"
"GCOI11","0","0","0","0","0","0","0","0","0","0","0","0","0","0","0","0","0","0","2024-05-22 00:00:00","2025-11-22 00:00:00"
"GCDL11","0","0","0","0","0","0","0","0","0","0","0","0","0","0","0","0","0","0","2025-07-02 00:00:00","2025-11-22 00:00:00"
"GARE11","0","0","0","0","0","0","0","0","0","0","0","0","0","1.0000","0","0","1.0000","0","2024-05-22 00:00:00","2025-11-22 00:00:00"
"GAME11","0","0","0","0","0","0","0","0","0","0","0","0","0","0","0","0","0","0","2024-05-22 00:00:00","2025-11-22 00:00:00"
"FYTO11","0.0000","0.0000","0.0000","0.0000","0.0000","0.0000","0.0000","0.0000","0.0000","0.0000","0.0000","0.0000","0.0000","0.0000","0.0000","0.0000","0.0000","0.0000","2025-06-12 00:00:00","2025-11-22 00:00:00"
"FVPQ11","0","0.0264","0.0284","0.0145","0.0045","0.0028","0","0.0320","0.0500","0.0559","0.0049","0.0102","0.7577","0.0120","0","0.0671","0.1526","0","2024-05-22 00:00:00","2025-11-22 00:00:00"
"FTCE11","0.0000","0.0000","0.0000","0.0000","0.0000","0.0000","0.0000","0.0000","0.0000","0.0000","0.0000","0.0000","0.0000","0.0000","0.0000","0.0000","0.0000","0.0000","2025-07-02 00:00:00","2025-11-22 00:00:00"
"FPNG11","0.0081","0.0061","0.0065","0.0158","0.0085","0.0429","0.0593","0.0593","0.0145","0.0675","0.0029","0.0207","0.6611","0.0262","0.6743","0","0.2407","0","2024-05-22 00:00:00","2025-11-22 00:00:00"
"FPAB11","0.0303","0.0000","0.0293","0.0000","0.0940","0.1560","0.0000","0.0212","0.0000","0.0370","0.0101","0.1690","0.4527","0.0000","0.8568","0.0000","0.1240","0.0000","2024-05-22 00:00:00","2025-11-22 00:00:00"
"FMOF11","0.2348","0","0","0","0.2720","0","0.0234","0.2347","0","0.0101","0","0","0.2247","0","0.9839","0","0.0160","0","2024-05-22 00:00:00","2025-11-22 00:00:00"
"LVBI11","0.0119","0.1750","0.1743","0.0000","0.0000","0.0698","0.0306","0.0000","0.1145","0.0089","0.0261","0.0413","0.3471","0.0000","0.4866","0.0000","0.5133","0.0000","2024-05-22 00:00:00","2025-11-22 00:00:00"
"FLMA11","0.0000","0.0000","0.0243","0.0198","0.0000","0.0540","0.0000","0.0000","0.0000","0.0000","0.0271","0.0287","0.3871","0.4587","0.2747","0","0.2481","0","2024-05-22 00:00:00","2025-11-22 00:00:00"
"FLCR11","0","0","0","0","0","0","0","0","0","0","0","0","0","0","0","0","0","0","2024-05-22 00:00:00","2025-11-22 00:00:00"
"FIVN11","0","0","0","0","0","0","0","0","0","0","0","0","1.0000","0","1.0000","0","0","0","2024-05-22 00:00:00","2025-11-22 00:00:00"
"FISC11","0.0000","0.0000","0.0878","0.0669","0.0321","0.0240","0.0065","0.0041","0.0265","0.0510","0.1635","0.1076","0.2104","0.0735","0.2779","0","0.1575","0","2024-05-22 00:00:00","2025-11-22 00:00:00"
"FIIP11","0.1498","0.0000","0.0000","0.0000","0.0765","0.1943","0.0000","0.1260","0.0000","0.0000","0.0000","0.0000","0.4532","0.0000","0.2256","0.0000","0.7743","0.0000","2025-07-02 00:00:00","2025-11-22 00:00:00"
"FIIB11","0.0076","0.0134","0.0462","0.0912","0.0000","0.0585","0.0614","0.0196","0.0066","0.1392","0.0498","0.0608","0.2166","0.2284","1.0000","0","0","0","2024-05-22 00:00:00","2025-11-22 00:00:00"
"FIGS11","0.1601","0.0180","0.0719","0.0244","0.0778","0.0071","0.0463","0.0216","0.0292","0.0263","0.0407","0.0034","0.2408","0.2317","0.1117","0.0000","0.0816","0.0000","2024-05-22 00:00:00","2025-11-22 00:00:00"
"FCFL11","0.0000","0.0000","0.0000","0.0000","0.0000","0.0000","0.0371","0.0000","0.0000","0.0000","0.0000","0.0000","0.9628","0.0000","0.9628","0.0000","0.0371","0.0000","2024-05-22 00:00:00","2025-11-22 00:00:00"
"FATN11","0.0408","0.0402","0.0329","0.0329","0.0206","0.0405","0.0484","0.0821","0.0421","0.0616","0.0476","0.0522","0.4437","0.0007","0.4409","0","0.5367","0","2024-05-22 00:00:00","2025-11-22 00:00:00"
"FAMB11","1.0000","0.0000","0.0000","0.0000","0.0000","0.0000","0.0000","0.0000","0.0000","0.0000","0.0000","0.0000","0.0000","0.0000","1.0000","0.0000","0.0000","0.0000","2024-06-10 00:00:00","2025-11-22 00:00:00"
"FAED11","0.0000","0.0000","0.0000","0.0000","0.0000","0.0000","0.0000","0.0000","0.0000","0.0681","0.0000","0.0000","0.9318","0.0000","0.0681","0.0000","0.9318","0.0000","2024-05-22 00:00:00","2025-11-22 00:00:00"
"EXES11","0","0","0","0","0","0","0","0","0","0","0","0","0","0","0","0","0","0","2024-05-22 00:00:00","2025-11-22 00:00:00"
"EURO11","0.1366","0.0000","0.0000","0.3658","0.0000","0.0000","0.0000","0.0000","0.0000","0.1220","0.0000","0.0000","0.3754","0.0000","0.9204","0","0.0795","0","2024-05-22 00:00:00","2025-11-22 00:00:00"
"ERPA11","0","0","0","0","0","0","0","0","0","0","0","1.0000","0","0","1.0000","0","0","0","2024-05-22 00:00:00","2025-11-22 00:00:00"
"ERCR11","0","0","0","0","0","0","0","0","0","0","0","0","0","0","0","0","0","0","2024-05-22 00:00:00","2025-11-22 00:00:00"
"EQIR11","0.0000","0.0000","0.0000","0.0000","0.0000","0.0000","0.0000","0.0000","0.0000","0.0000","0.0000","0.0000","0.0000","0.0000","0.0000","0.0000","0.0000","0.0000","2024-05-22 00:00:00","2025-11-22 00:00:00"
"EMET11","0","0","0","0","0","0","0","0","0","0","0","0","0","0","0","0","0","0","2025-07-02 00:00:00","2025-11-22 00:00:00"
"EIRA11","0","0","0","0","0","0","0","0","0","0","0","0","0","0","0","0","0","0","2025-07-02 00:00:00","2025-11-22 00:00:00"
"EGYR11","0","0","0","0","0","0","0","0","0","0","0","0","0","0","0","0","0","0","2024-05-22 00:00:00","2025-11-22 00:00:00"
"EGDB11","0","0","0","0","0","0","0","0","0","0","0","0","0","0","0","0","0","0","2025-07-02 00:00:00","2025-11-22 00:00:00"
"EDGE11","0","0","0","0","0","0","0","0","0","0","0","0","0","0","0","0","0","0","2025-07-02 00:00:00","2025-11-22 00:00:00"
"EDGA11","0.0358","0.0537","0.0000","0.0088","0.0600","0.0000","0.0162","0.0920","0.1068","0.0000","0.1201","0.0522","0.4539","0.0000","0.1252","0.0000","0.7869","0.0000","2024-05-22 00:00:00","2025-11-22 00:00:00"
"EDFO11","0","0","0","0","1.0000","0","0","0","0","0","0","0","0","0","0","0","1.0000","0","2024-06-10 00:00:00","2025-11-22 00:00:00"
"EAGL11","0","0","0","0","0","0","0","0","0","0","0","0","0","0","0","0","0","0","2025-07-02 00:00:00","2025-11-22 00:00:00"
"DVLT11","0","0","0","0","0","0","0","0","0","0","0","0","0","0","0","0","0","0","2025-07-02 00:00:00","2025-11-22 00:00:00"
"DVLP11","0","0","0","0","0","0","0","0","0","0","0","0","0","0","0","0","0","0","2025-07-02 00:00:00","2025-11-22 00:00:00"
"DVFF11","0","0","0","0","0","0","0","0","0","0","0","0","0","0","0","0","0","0","2024-05-22 00:00:00","2025-11-22 00:00:00"
"DPRO11","0","0","0","0","0","0","0","0","0","0","0","0","1.0000","0","0","0","1.0000","0","2024-05-22 00:00:00","2025-11-22 00:00:00"
"DOVL11","0","0","0","0","0","0","0","0","0","0","0","0","1.0000","0","1.0000","0","0","0","2024-06-10 00:00:00","2025-11-22 00:00:00"
"DEVA11","0","0","0","0","0","0","0","0","0","0","0","0","0","0","0","0","0","0","2024-05-22 00:00:00","2025-11-22 00:00:00"
"DAYM11","0","0","0","0","0","0","0","0","0","0","0","0","1.0000","0","0","0","1.0000","0","2025-07-02 00:00:00","2025-11-22 00:00:00"
"DAMT11","0.0710","0.0222","0.0189","0.0578","0.0241","0.0215","0.0324","0.0139","0.0262","0.0284","0.0186","0.0285","0.4352","0.2004","0.4980","0.0000","0.0296","0.0000","2025-07-02 00:00:00","2025-11-22 00:00:00"
"DAMA11","0.0000","0.0000","0.0000","0.0000","0.0000","0.0000","0.0000","0.0000","0.0000","0.0000","0.0000","0.0000","0.0000","0.0000","0.0000","0.0000","0.0000","0.0000","2024-05-29 00:00:00","2025-11-22 00:00:00"
"CYLD11","0","0","0","0","0","0","0","0","0","0","0","0","0","0","0","0","0","0","2025-07-02 00:00:00","2025-11-22 00:00:00"
"CYCR11","0","0","0","0","0","0","0","0","0","0","0","0","0","0","0","0","0","0","2024-05-22 00:00:00","2025-11-22 00:00:00"
"CXTL11","0","0","0","0","0","0","0","0","0","0","0","0","0.9717","0","0","0","0.9717","0","2024-05-22 00:00:00","2025-11-22 00:00:00"
"CXRI11","0","0","0","0","0","0","0","0","0","0","0","0","0","0","0","0","0","0","2024-05-22 00:00:00","2025-11-22 00:00:00"
"CXCO11","0","0","0","0","0","0","0","0","0","0","0","0","1.0000","0","1.0000","0","0","0","2024-05-22 00:00:00","2025-11-22 00:00:00"
"CXCI11","0","0","0","0","0","0","0","0","0","0","0","0","0","0","0","0","0","0","2024-05-22 00:00:00","2025-11-22 00:00:00"
"CXCE11","0","0","0","0","0","0","0","0","0","0","0","0","1.0000","0","0","0","1.0000","0","2024-06-10 00:00:00","2025-11-22 00:00:00"
"CXAG11","0.0000","0.0000","0.0000","0.0000","0.0000","0.0000","0.0000","0.0000","0.0000","0.0000","0.0000","0.0000","1.0000","0.0000","0.0000","0.0000","0.0000","0.0000","2024-05-22 00:00:00","2025-11-22 00:00:00"
"CVBI11","0","0","0","0","0","0","0","0","0","0","0","0","0","0","0","0","0","0","2025-10-14 00:00:00","2025-11-22 00:00:00"
"CTXT11","0","0","0","0","0","0","0","0","0","0","0","0","0","0","0","0","0","0","2024-05-22 00:00:00","2025-11-22 00:00:00"
"CSMC11","0","0","0","0","0","0","0","0","0","0","0","0","1.0000","0","1.0000","0","0","0","2024-05-22 00:00:00","2025-11-22 00:00:00"
"CRFF11","0","0","0","0","0","0","0","0","0","0","0","0","0","0","0","0","0","0","2024-05-22 00:00:00","2025-11-22 00:00:00"
"CPUR11","0.0000","0.0198","0.0000","0.0000","0.0587","0.0000","0.0000","0.0000","0.0000","0.0000","0.0831","0.0000","0.8382","0.0000","0.0000","0.0000","0.8602","0.0000","2025-06-12 00:00:00","2025-11-22 00:00:00"
"CPTS11","0","0","0","0","0","0","0","0","0","0","0","0","0","0","0","0","0","0","2024-05-22 00:00:00","2025-11-22 00:00:00"
"CPSH11","0.0000","0.0000","0.0000","0.0000","0.0000","0.0000","0.0000","0.0000","0.0000","0.0000","0.0000","0.0000","0.0000","0.0000","0.0000","0.0000","0.0000","0.0000","2024-05-22 00:00:00","2025-11-22 00:00:00"
"CPOF11","0.0000","0.0000","0.0000","0.0000","0.0000","0.0000","0.0000","0.0000","0.0000","0.0000","0.0000","0.0000","1.0000","0.0000","0.0540","0.0000","0.9459","0.0000","2024-05-22 00:00:00","2025-11-22 00:00:00"
"CPLG11","0","0","0","0","0","0","0","0","0","0","0","0","0","0","0","0","0","0","2025-07-02 00:00:00","2025-11-22 00:00:00"
"CNES11","0.0439","0.0784","0.1317","0.0041","0.0000","0.0000","0.0000","0.0242","0.0000","0.0000","0.0000","0.0000","0.7175","0.0000","0.7732","0.0000","0.2267","0.0000","2024-05-22 00:00:00","2025-11-22 00:00:00"
"CLIN11","0.0000","0.0000","0.0000","0.0000","0.0000","0.0000","0.0000","0.0000","0.0000","0.0000","0.0000","0.0000","0.0000","0.0000","0.0000","0.0000","0.0000","0.0000","2024-05-22 00:00:00","2025-11-22 00:00:00"
"CJCT11","0.0495","0.1265","0.0000","0.0000","0.0000","0.0000","0.0453","0.0173","0.1023","0.1526","0.0310","0.4751","0.0000","0.0000","0.0000","0.0000","0.9810","0.0000","2024-05-22 00:00:00","2025-11-22 00:00:00"
"CIXM11","0","0","0","0","0","0","0","0","0","0","0","0","0","0","0","0","0","0","2024-05-22 00:00:00","2025-11-22 00:00:00"
"CIXF11","0","0","0","0","0","0","0","0","0","0","0","0","0","0","0","0","0","0","2025-07-02 00:00:00","2025-11-22 00:00:00"
"CFII11","0","0","0","0","0","0","0","0","0","0","0","0","0","0","0","0","0","0","2025-07-02 00:00:00","2025-11-22 00:00:00"
"CFHI11","0","0","0","0","0","0","0","0","0","0","0","0","0","0","0","0","0","0","2025-07-02 00:00:00","2025-11-22 00:00:00"
"CEOC11","0.0000","0.0000","0.0000","0.0000","0.0000","0.0000","0.0000","0.0000","0.0000","0.0000","0.0000","0.0000","1.0000","0.0000","0.0000","0.0000","1.0000","0.0000","2024-05-22 00:00:00","2025-11-22 00:00:00"
"CENU11","0.0000","0.0000","0.0000","0.0000","0.0000","0.0000","0.1256","0.0012","0.0000","0.1114","0.0000","0.0000","0.7616","0.0000","0.0000","0.0000","0.5553","0.0000","2024-06-10 00:00:00","2025-11-22 00:00:00"
"CCVA11","0.0000","0.0222","0.0868","0.0231","0.0380","0.0519","0.0631","0.0348","0.0375","0.0244","0.0279","0.0583","0.3606","0.1558","0.9727","0.0000","0.0122","0.0000","2025-07-02 00:00:00","2025-11-22 00:00:00"
"CCME11","0.1332","0.1448","0.0325","0.1455","0.0373","0.0516","0.0042","0.0367","0.0040","0.0118","0.0000","0.0000","0.0000","0.3979","0.6020","0.0000","0.0000","0.0000","2024-06-10 00:00:00","2025-11-22 00:00:00"
"CBOP11","0.0308","0.0000","0.0000","0.0000","0.0000","0.0000","0.1596","0.0000","0.0000","0.0000","0.0000","0.0000","0.8079","0.0000","0.0308","0.0000","0.9675","0.0000","2024-05-22 00:00:00","2025-11-22 00:00:00"
"CARE11","0","0","0","0","0","0","0","0","0","0","0","0","0","0","0","0","0","0","2024-05-22 00:00:00","2025-11-22 00:00:00"
"CACR11","0","0","0","0","0","0","0","0","0","0","0","0","0","0","0","0","0","0","2024-05-22 00:00:00","2025-11-22 00:00:00"
"BVAR11","0","0","0","0","0","0","0","0","0","0","0","0","0.9115","0.0884","0.0691","0.0035","0.0318","0","2024-05-22 00:00:00","2025-11-22 00:00:00"
"BTYU11","0.0000","0.0000","0.0000","0.0000","0.0000","0.0000","0.0000","0.0000","0.0000","0.0000","0.0000","0.0000","0.0000","0.0000","0.0000","0.0000","0.0000","0.0000","2024-05-29 00:00:00","2025-11-22 00:00:00"
"BTWR11","0","0","0","0","0","0","0","0","0","0","0","0","0","0","0","0","0","0","2024-05-22 00:00:00","2025-11-22 00:00:00"
"BTSI11","0","0","0","0","0","0","0","0","0","0.0553","0","0","0.9446","0","0","0","1.0000","0","2025-07-02 00:00:00","2025-11-22 00:00:00"
"BTSG11","0","0","0","0","0","0","0","0","0","0","0","0","1.0000","0","0","0","1.0000","0","2024-05-22 00:00:00","2025-11-22 00:00:00"
"BTRA11","0.0000","0.0000","0.0000","0.0000","0.0000","0.0000","0.0000","0.0000","0.0000","0.0000","0.0000","0.0000","1.0000","0.0000","0.0000","0.0000","1.0000","0.0000","2024-05-22 00:00:00","2025-11-22 00:00:00"
"BTML11","0.0150","0.0927","0.0000","0.1743","0.1710","0.0262","0.0396","0.0000","0.0000","0.1084","0.1804","0.1921","0.0000","0","0.0346","0.0000","0.4842","0.0000","2024-05-22 00:00:00","2025-11-22 00:00:00"
"BTLG11","0.0035","0.0498","0.1067","0.0449","0.0095","0.0381","0.0390","0.0805","0.0253","0.0815","0.0336","0.0167","0.4702","0.0000","0.0344","0.0000","0.9655","0.0000","2024-05-22 00:00:00","2025-11-22 00:00:00"
"BTHI11","0.0000","0.0000","0.0000","0.0000","0.0000","0.0000","0.0000","0.0000","0.0000","0.0000","0.0000","0.0000","0.0000","0.0000","0.0000","0.0000","0.0000","0.0000","2024-05-22 00:00:00","2025-11-22 00:00:00"
"BTHF11","0","0","0","0","0","0","0","0","0","0","0","0","0","0","0","0","0","0","2024-12-20 00:00:00","2025-11-22 00:00:00"
"BTCI11","0","0","0","0","0","0","0","0","0","0","0","0","0","0","0","0","0","0","2024-05-22 00:00:00","2025-11-22 00:00:00"
"BTAL11","0.0000","0.0000","0.0000","0.0000","0.0000","0.0000","0.0000","0.0000","0.0000","0.0000","0.0000","0.0000","1.0000","0.0000","0.0000","0.0000","1.0000","0.0000","2024-05-22 00:00:00","2025-11-22 00:00:00"
"BSLT11","0","0","0","0","0","0","0","0","0","0","0","0","0","0","0","0","0","0","2025-07-02 00:00:00","2025-11-22 00:00:00"
"BROF11","0.0294","0.0077","0.0000","0.0070","0.0000","0.0000","0.0000","0.0350","0.0240","0.0000","0.0297","0.0341","0.8328","0.0000","0.6446","0.0000","0.3203","0.0000","2024-05-22 00:00:00","2025-11-22 00:00:00"
"BRIP11","0","0","0","0","0","0","0","0","0","0","0","0","0","0","0","0","0","0","2024-05-22 00:00:00","2025-11-22 00:00:00"
"BRIM11","0","0","0","0","0","0","0","0","0","0","0","0","0","0","0","0","0","0","2024-05-22 00:00:00","2025-11-22 00:00:00"
"BRCR11","0.0000","0.0000","0.0214","0.0000","0.0429","0.1181","0.0311","0.0000","0.0495","0.0385","0.0296","0.1304","0.5380","0.0000","0.1884","0.0000","0.7811","0.0000","2024-05-22 00:00:00","2025-11-22 00:00:00"
"BRCO11","0.0000","0.0380","0.1599","0.0000","0.0000","0.0000","0.0000","0.0000","0.0000","0.0000","0.0023","0.0270","0.7726","0.0000","0.0000","0.0000","1.0000","0.0000","2024-05-22 00:00:00","2025-11-22 00:00:00"
"BPML11","0.4334","0.0252","0.0241","0.0195","0.0241","0.0070","0.0161","0.0207","0.0172","0.0264","0.0127","0.0184","0.2156","0.1390","0.1169","0.0006","0.0177","0.0000","2024-05-22 00:00:00","2025-11-22 00:00:00"
"BPFF11","0","0","0","0","0","0","0","0","0","0","0","0","0","0","0","0","0","0","2024-05-22 00:00:00","2025-11-22 00:00:00"
"BNFS11","0","0","0","0","0","0","0","0","0","0","0","1.0000","0","0","1.0000","0","0","0","2024-05-22 00:00:00","2025-11-22 00:00:00"
"BMLT11","0","0","0","0","0","0","0","0","0","0","0","0","0","0","0","0","0","0","2025-07-02 00:00:00","2025-11-22 00:00:00"
"BMLC11","0.0144","0.0000","0.0000","0.0000","0.0000","0.0203","0.0000","0.0722","0.1666","0.1646","0.2119","0.0289","0.3207","0.0000","0.0000","0.0000","1.0000","0.0000","2024-05-22 00:00:00","2025-11-22 00:00:00"
"BLUR11","0","0","0","0","0","0","0","0","0","0","0","0","0","0","0","0","0","0","2024-05-22 00:00:00","2025-11-22 00:00:00"
"BLUE11","0","0","0","0","0","0","0","0","0","0","0","0","0","0","0","0","0","0","2025-07-02 00:00:00","2025-11-22 00:00:00"
"BLOG11","0","0","0","0","0","0","0.0316","0","0","0","0.0079","0","0.9604","0","0.4781","0","0.5218","0","2025-07-02 00:00:00","2025-11-22 00:00:00"
"BLMO11","0.0700","0","0","0","0","0.2500","0","0","0","0","0","0","0.6000","0","0.1500","0","0.8500","0","2024-05-22 00:00:00","2025-11-22 00:00:00"
"BLMG11","0","0","0","0","0","0","0","0","0","0","0","0","0","0","0","0","0","0","2024-05-22 00:00:00","2025-11-22 00:00:00"
"BLCA11","0.0000","0.0000","0.0000","0.0000","0.2095","0.0000","0.0000","0.0000","0.0000","0.0000","0.0000","0.0000","0.7904","0.0000","0.2095","0.0000","0.7904","0.0000","2024-05-22 00:00:00","2025-11-22 00:00:00"
"BIPE11","0","0","0","0","0","0","0","0","0","0","0","0","0","0","0","0","0","0","2025-07-02 00:00:00","2025-11-22 00:00:00"
"BIPD11","0","0","0","0","0","0","0","0","0","0","0","0","0","0","0","0","0","0","2025-07-02 00:00:00","2025-11-22 00:00:00"
"BIME11","0","0","0","0","0","0","0","0","0","0","0","0","0","0","0","0","0","0","2024-05-22 00:00:00","2025-11-22 00:00:00"
"BICE11","0","0","0","0","0","0","0","0","0","0","0","0","0","0","0","0","0","0","2024-05-22 00:00:00","2025-11-22 00:00:00"
"BGRB11","0.0000","0.0000","0.0000","0.0000","0.0000","0.1300","0.0000","0.0000","0.0392","0.0000","0.0000","0.0000","0.8306","0","0.7883","0.0000","0.0000","0.0000","2025-07-02 00:00:00","2025-11-22 00:00:00"
"BCRI11","0","0","0","0","0","0","0","0","0","0","0","0","0","0","0","0","0","0","2024-05-22 00:00:00","2025-11-22 00:00:00"
"BCIA11","0","0","0","0","0","0","0","0","0","0","0","0","0","0","0","0","0","0","2024-05-22 00:00:00","2025-11-22 00:00:00"
"BBRC11","0","0","0","0","0","0","0","0","0","0","0","0","1.0000","0","0","0","1.0000","0","2024-05-22 00:00:00","2025-11-22 00:00:00"
"BBIG11","0.0312","0.0288","0.0299","0.0312","0.0473","0.0473","0.0355","0.0653","0.0378","0.0334","0.0350","0.0592","0.3899","0.1275","0.4662","0.0000","0.0144","0.0000","2024-05-29 00:00:00","2025-11-22 00:00:00"
"BBFO11","0","0","0","0","0","0","0","0","0","0","0","0","0","0","0","0","0","0","2024-05-22 00:00:00","2025-11-22 00:00:00"
"BBFI11","0","0","0","0","0","0","0","0","0","0","0","0","0","0","0","0","0","0","2024-06-10 00:00:00","2025-11-22 00:00:00"
"BARI11","0","0","0","0","0","0","0","0","0","0","0","0","0","0","0","0","0","0","2024-05-22 00:00:00","2025-11-22 00:00:00"
"AZPL11","0","0","0","0","0","0","0","0","0","0","0","0","0","1.0000","1.0000","0","0","0","2025-07-02 00:00:00","2025-11-22 00:00:00"
"AURB11","0.0000","0.0000","0.0000","0.0000","0.0000","0.0261","0.2640","0.0000","0.0000","0.0000","0.0000","0.0852","0.5846","0.0000","0.0000","0.0000","1.0000","0.0000","2025-07-02 00:00:00","2025-11-22 00:00:00"
"ATSA11","0.0200","0.0169","0.0000","0.0000","0.0074","0.0120","0.0206","0.0030","0.0124","0.0394","0.0071","0.0423","0.3060","0.5123","0.9394","0.0000","0.0161","0.0000","2024-05-22 00:00:00","2025-11-22 00:00:00"
"ASRF11","0.0000","0.0000","0.0000","0.0000","0.0000","0.0000","0.0000","0.0000","0.0000","0.0000","0.0000","0.0000","0.0000","0.0000","0.0000","0.0000","0.0000","0.0000","2024-05-22 00:00:00","2025-11-22 00:00:00"
"ARXD11","0","0","0","0","0","0","0","0","0","0","0","0","0","0","0","0","0","0","2024-05-22 00:00:00","2025-11-22 00:00:00"
"ARRI11","0","0","0","0","0","0","0","0","0","0","0","0","0","0","0","0","0","0","2024-05-22 00:00:00","2025-11-22 00:00:00"
"AROA11","0","0","0","0","0","0","0","0","0","0","0","0","0","0","0","0","0","0","2024-05-22 00:00:00","2025-11-22 00:00:00"
"APXR11","0","0","0","0","0","0","0","0","0","0","0","0","0","0","0","0","0","0","2025-07-02 00:00:00","2025-11-22 00:00:00"
"APXM11","0","0","0","0","0","0","0","0","0","0","0","0","0","0","0","0","0","0","2024-05-22 00:00:00","2025-11-22 00:00:00"
"APTO11","0","0","0","0","0","0","0","0","0","0","0","0","0","0","0","0","0","0","2024-05-22 00:00:00","2025-11-22 00:00:00"
"ANCR11","0.0038","0.0012","0.0020","0.0031","0.0029","0.0057","0.0389","0.0134","0.0074","0.0047","0.0057","0.0103","0.5107","0.1685","0.2394","0.0030","0.0507","0.0000","2025-07-02 00:00:00","2025-11-22 00:00:00"
"ALZR11","0.0000","0.0000","0.0000","0.0688","0.0000","0.0000","0.0000","0.0000","0.0000","0.0000","0.0000","0.0000","0.9311","0.0000","0.0000","0.0000","1.0000","0.0000","2024-05-22 00:00:00","2025-11-22 00:00:00"
"ALZC11","0","0","0","0","0","0","0","0","0","0","0","0","0","0","0","0","0","0","2024-06-10 00:00:00","2025-11-22 00:00:00"
"ALMI11","0.1060","0.0000","0.0000","0.0830","0.0619","0.0760","0.0737","0.0000","0.0000","0.0000","0.0492","0.0000","0.5499","0.0000","0.3999","0.0000","0.6000","0.0000","2024-05-22 00:00:00","2025-11-22 00:00:00"
"AJFI11","0.0042","0.0389","0.0472","0.1765","0.1128","0.1450","0.0185","0.0523","0.0791","0.0315","0.0162","0.1634","0.0012","0.0532","0.4721","0.0474","0.0789","0.4016","2024-05-22 00:00:00","2025-11-22 00:00:00"
"AIEC11","0.0000","0.0000","0.0000","0.0000","0.0000","0.0000","0.0000","0.0000","0.0000","0.0000","0.0000","0.0000","0.0000","0.0000","0.0000","0.0000","0.0000","0.0000","2024-05-22 00:00:00","2025-11-22 00:00:00"
"AFHI11","0.0000","0.0000","0.0000","0.0000","0.0000","0.0000","0.0000","0.0000","0.0000","0.0000","0.0000","0.0000","0.0000","0.0000","0.0000","0.0000","0.0000","0.0000","2024-05-22 00:00:00","2025-11-22 00:00:00"
"ABCP11","0.0281","0.0302","0.0089","0.0732","0.0401","0.0218","0.0362","0.0554","0.0636","0.0276","0.0686","0.0240","0.3838","0.1379","0.0290","0.0048","0.0996","0","2024-05-22 00:00:00","2025-11-22 00:00:00"
"FLRP11","0.0038","0.0052","0.0129","0.0474","0.0302","0.0307","0.0161","0.0100","0.0138","0.0152","0.0167","0.0296","0.6711","0.0966","0.1910","0.0512","0.2253","0.0000","2024-05-22 00:00:00","2025-11-22 00:00:00"
"MANA11","0","0","0","0","0","0","0","0","0","0","0","0","0","0","0","0","0","0","2024-05-22 00:00:00","2025-11-22 00:00:00"
"MAXR11","0.0000","0.0000","0.0000","0.0000","0.0000","0.0000","0.0000","0.0000","0.0000","0.0000","0.0000","0.0000","1.0000","0.0000","0.9466","0.0000","0.0000","0.0000","2024-05-22 00:00:00","2025-11-22 00:00:00"
"MCCI11","0.0000","0.0000","0.0000","0.0000","0.0000","0.0000","0.0000","0.0000","0.0000","0.0000","0.0000","0.0000","0.0000","0.0000","0.0000","0.0000","0.0000","0.0000","2024-05-22 00:00:00","2025-11-22 00:00:00"
"MCEM11","0","0","0","0","0","0","0","0","0","0","0","0","0","0","0","0","0","0","2024-05-29 00:00:00","2025-11-22 00:00:00"
"MCLO11","0","0","0","0","0","0","0","0","0","0","0","0","1.0000","0","0.0000","0.0000","1.0000","0.0000","2025-07-02 00:00:00","2025-11-22 00:00:00"
"MCRE11","0.0000","0.0000","0.0000","0.0000","0.0000","0.0000","0.0000","0.0000","0.0000","0.0000","0.0000","1.0000","0.0000","0.0000","0.0000","0.0000","1.0000","0.0000","2025-01-23 00:00:00","2025-11-22 00:00:00"
"MFII11","0","0","0","0","0","0","0","0","0","0","0","0","0","0","0","0","0","0","2024-05-22 00:00:00","2025-11-22 00:00:00"
"MGCR11","0.0000","0.0000","0.0000","0.0000","0.0000","0.0000","0.0000","0.0000","0.0000","0.0000","0.0000","0.0000","0.0000","0.0000","0.0000","0.0000","0.0000","0.0000","2024-05-22 00:00:00","2025-11-22 00:00:00"
"MGHT11","0.0000","0.0000","0.0000","0.0000","0.0000","0.0000","0.0000","0.0000","0.0000","0.0000","0.0000","0.0000","0.0000","0.0000","0.0000","0.0000","0.0000","0.0000","2024-05-22 00:00:00","2025-11-22 00:00:00"
"MMPD11","0.0000","0.0000","0.0000","0.0000","0.0000","0.0000","0.0000","0.0000","0.0000","0.0000","0.0000","0.0000","0.0000","0.0000","0.0000","0.0000","0.0000","0.0000","2025-07-02 00:00:00","2025-11-22 00:00:00"
"MMVE11","0","0","0","0","0","0","0","0","0","0","0","0","0","0","0","0","0","0","2024-05-22 00:00:00","2025-11-22 00:00:00"
"MXRF11","0.0000","0.0000","0.0000","0.0000","0.0000","0.0000","0.0000","0.0000","0.0000","0.0000","0.0000","0.0000","0.0000","0.0000","0.0000","0.0000","0.0000","0.0000","2024-05-22 00:00:00","2025-11-22 00:00:00"
"NAUI11","0","0","0","0","0","0","0","0","0","0","0","0","0","0","0","0","0","0","2025-07-02 00:00:00","2025-11-22 00:00:00"
"NAVT11","0.0000","0.0000","0.0000","0.0000","0.0000","0.0000","0.0000","0.0000","0.0000","0.0000","0.0000","0.0000","0.0000","0.0000","0.0000","0.0000","0.0000","0.0000","2024-05-22 00:00:00","2025-11-22 00:00:00"
"NCRI11","0","0","0","0","0","0","0","0","0","0","0","0","0","0","0","0","0","0","2024-05-22 00:00:00","2025-11-22 00:00:00"
"NEWL11","0.0000","0.0000","0.0000","0.0000","0.0000","0.0000","0.0000","0.0000","0.0000","0.0000","0.0000","0.0000","1.0000","0.0000","0.5958","0.0000","0.4041","0.0000","2024-05-22 00:00:00","2025-11-22 00:00:00"
"ONEF11","0","0","0","0","0","0","0","0","0","0","0","0","0","0","0","0","0","0","2024-05-22 00:00:00","2025-11-08 00:00:00"
"NEWU11","0.0000","0.0000","0.0000","0.0000","0.0000","0.0000","0.0000","0.0000","0.0000","0.0000","0.0000","0.0000","1.0000","0.0000","0.5451","0.0000","0.4548","0.0000","2024-05-22 00:00:00","2025-11-22 00:00:00"
"NSLU11","0.0000","0.0000","1.0000","0.0000","0.0000","0.0000","0.0000","0.0000","0.0000","0.0000","0.0000","0.0000","0.0000","0.0000","1.0000","0.0000","0.0000","0.0000","2024-05-22 00:00:00","2025-11-22 00:00:00"
"NVHO11","0","0","0","0","0","0","0","0","0","0","0","0","1.0000","0","1.0000","0","0","0","2024-05-22 00:00:00","2025-11-22 00:00:00"
"OBAL11","0","0","0","0","0","0","0","0","0","0","0","0","0","0","0","0","0","0","2025-07-02 00:00:00","2025-11-22 00:00:00"
"OCRE11","0","0","0","0","0","0","0","0","0","0","0","0","0","0","0","0","0","0","2024-05-22 00:00:00","2025-11-22 00:00:00"
"OPTM11","0","0","0","0","0","0","0","0","0","0","0","0","0","0","0","0","0","0","2024-05-22 00:00:00","2025-11-22 00:00:00"
"OUJP11","0","0","0","0","0","0","0","0","0","0","0","0","0","0","0","0","0","0","2024-05-22 00:00:00","2025-11-22 00:00:00"
"OULG11","0","0","0","0","0","0","0","0","0","0","0","0","0","0","0","0","0","0","2024-05-22 00:00:00","2025-11-22 00:00:00"
"PABY11","0","0","0","0","0","0","0","0","0","0","0","0","1.0000","0","1.0000","0","0","0","2024-05-22 00:00:00","2025-11-22 00:00:00"
"PATA11","0","0","0","0","0","0","0","0","0","0","0","0","0","0","0","0","0","0","2025-07-02 00:00:00","2025-11-22 00:00:00"
"PATC11","0.0000","0.0000","0.0000","0.0000","0.0000","0.0000","0.0000","0.0000","0.0000","0.0000","0.0000","0.2251","0.7748","0.0000","0.1800","0.0000","0.8200","0.0000","2024-05-22 00:00:00","2025-11-22 00:00:00"
"PATL11","0","0.2861","0","0","0.0310","0.3328","0","0","0","0","0","0","0.3499","0","0","0","1.0000","0","2024-05-22 00:00:00","2025-11-22 00:00:00"
"PCIP11","0","0","0","0","0","0","0","0","0","0","0","0","0","0","0","0","0","0","2025-10-10 00:00:00","2025-11-22 00:00:00"
"PEMA11","0","0","0","0","0","0","0","0","0","0","0","0","0","0","0","0","0","0","2024-05-22 00:00:00","2025-11-22 00:00:00"
"PLAG11","0.0000","0.0000","0.0000","0.0000","0.0000","0.0000","0.0000","0.0000","0.0000","0.0000","0.0000","0.0000","1.0000","0.0000","0.0000","0.0000","1.0000","0.0000","2025-07-02 00:00:00","2025-11-22 00:00:00"
"PLCR11","0","0","0","0","0","0","0","0","0","0","0","0","0","0","0","0","0","0","2024-05-22 00:00:00","2025-11-22 00:00:00"
"PLRI11","0","0","0","0","0","0","0","0","0","0","0","0","0","0","0","0","0","0","2024-05-22 00:00:00","2025-11-22 00:00:00"
"PMFO11","0","0","0","0","0","0","0","0","0","0","0","0","0","0","0","0","0","0","2024-05-22 00:00:00","2025-11-22 00:00:00"
"PMIS11","0","0","0","0","0","0","0","0","0","0","0","0","0","0","0","0","0","0","2024-05-29 00:00:00","2025-11-22 00:00:00"
"PMLL11","0.0000","0.0000","0.0000","0.0000","0.0000","0.0000","0.0000","0.0000","0.0000","0.0000","0.0000","0.0000","0.0000","0.0000","0.0000","0.0000","0.0000","0.0000","2025-08-17 00:00:00","2025-11-22 00:00:00"
"PNCR11","0","0","0","0","0","0","0","0","0","0","0","0","0","0","0","0","0","0","2024-05-22 00:00:00","2025-11-22 00:00:00"
"PNDL11","0","0","0","0","0","0","0","0","0","0","0","0","0","0","0","0","0","0","2025-07-02 00:00:00","2025-11-22 00:00:00"
"PNPR11","0","0","0","0","0","0","0","0","0","0","0","0","0","0","0","0","0","0","2024-05-22 00:00:00","2025-11-22 00:00:00"
"PNRC11","0","0","0","0","0","0","0","0","0","0","0","0","0","0","0","0","0","0","2024-05-22 00:00:00","2025-11-22 00:00:00"
"PORD11","0","0","0","0","0","0","0","0","0","0","0","0","0","0","0","0","0","0","2024-05-22 00:00:00","2025-11-22 00:00:00"
"PQAG11","0.0000","0.0000","0.0000","0.0000","0.0000","0.0453","0.0000","0.0000","0.0000","0.0000","0.0000","0.0000","0.9546","0.0000","0.0000","0.0000","1.0000","0.0000","2024-05-22 00:00:00","2025-11-22 00:00:00"
"PQDP11","0.0453","0.0631","0.0335","0.0322","0.0267","0.0738","0.0825","0.0294","0.0145","0.0317","0.0301","0.0248","0.3061","0.2056","0.0000","0.0108","0.5668","0.0000","2024-05-22 00:00:00","2025-11-22 00:00:00"
"PRSN11","0","0","0","0","0","0","0","0","0","0","0","0","0","0","0","0","0","0","2024-06-10 00:00:00","2025-11-22 00:00:00"
"PRSV11","0","0","0","0","0","0","0","0","0","0","0","0","0","0","0","0","0","0","2024-05-22 00:00:00","2025-11-22 00:00:00"
"PSEC11","0","0","0","0","0","0","0","0","0","0","0","0","0","0","0","0","0","0","2025-10-30 00:00:00","2025-11-22 00:00:00"
"PULV11","0","0","0","0","0","0","0","0","0","0","0","0","0","0","0","0","0","0","2024-05-22 00:00:00","2025-11-22 00:00:00"
"PVBI11","0.0466","0.0037","0.0822","0.0035","0.0000","0.0163","0.0202","0.0409","0.0128","0.0639","0.0113","0.0334","0.6648","0.0000","0.2411","0.0000","0.7100","0.0000","2024-05-22 00:00:00","2025-11-22 00:00:00"
"RBDS11","0","0","0","0","0","0","0","0","0","0","0","0","0","0","0","0","0","0","2024-05-22 00:00:00","2025-11-22 00:00:00"
"RBFF11","0","0","0","0","0","0","0","0","0","0","0","0","0","0","0","0","0","0","2024-05-22 00:00:00","2025-11-22 00:00:00"
"RBHG11","0","0","0","0","0","0","0","0","0","0","0","0","0","0","0","0","0","0","2024-05-22 00:00:00","2025-11-22 00:00:00"
"RBHY11","0","0","0","0","0","0","0","0","0","0","0","0","0","0","0","0","0","0","2024-05-22 00:00:00","2025-11-22 00:00:00"
"RBIR11","0","0","0","0","0","0","0","0","0","0","0","0","0","0","0","0","0","0","2024-05-22 00:00:00","2025-11-22 00:00:00"
"RBLG11","0.0000","0.0000","0.0000","0.0000","0.0000","0.0000","0.0000","0.0000","0.0000","0.0000","0.0000","0.0000","1.0000","0.0000","0.0000","0.0000","1.0000","0.0000","2024-05-22 00:00:00","2025-11-22 00:00:00"
"RBOP11","0","0","0","0.3325","0","0","0","0","0","0","0","0.3000","0.3673","0","0","0","1.0000","0","2024-05-22 00:00:00","2025-11-22 00:00:00"
"RBRD11","0","0","0","0","0","0","0","0","0","0","0","0","1.0000","0","1.0000","0","0","0","2024-05-22 00:00:00","2025-11-22 00:00:00"
"RBRF11","0.0000","0.0000","0.0000","0.0000","0.0000","0.0000","0.0000","0.0000","0.0000","0.0000","0.0000","0.0000","0.0000","0.0000","0.0000","0.0000","0.0000","0.0000","2024-05-22 00:00:00","2025-11-22 00:00:00"
"RBRI11","0.0000","0.0000","0.0000","0.0000","0.0000","0.0000","0.0000","0.0000","0.0000","0.0000","0.0000","0.0000","0.0000","0.0000","0.0000","0.0000","0.0000","0.0000","2024-05-22 00:00:00","2025-11-22 00:00:00"
"RBRK11","0.0000","0.0000","0.0000","0.0000","0.0000","0.0000","0.0000","0.0000","0.0000","0.0000","0.0000","0.0000","0.0000","0.0000","0.0000","0.0000","0.0000","0.0000","2025-07-02 00:00:00","2025-11-22 00:00:00"
"RBRL11","0.0000","0.0000","0.2739","0.1176","0.0000","0.0618","0.0000","0.0000","0.0000","0.0301","0.0000","0.0000","0.5163","0.0000","0.1476","0.0000","0.8523","0.0000","2024-05-22 00:00:00","2025-11-22 00:00:00"
"RBRP11","0.0443","0.0000","0.0000","0.0000","0.0000","0.0185","0.0000","0.0296","0.0000","0.0228","0.0798","0.0000","0.8047","0.0000","0.0917","0.0000","0.9082","0.0000","2024-05-22 00:00:00","2025-11-22 00:00:00"
"RBRR11","0","0","0","0","0","0","0","0","0","0","0","0","0","0","0","0","0","0","2024-05-22 00:00:00","2025-11-22 00:00:00"
"RBRS11","0","0","1.0000","0","0","0","0","0","0","0","0","0","0","0","0","0","0","0","2024-05-22 00:00:00","2025-11-22 00:00:00"
"RBRX11","0.0000","0.0000","0.0000","0.0000","0.0000","0.0000","0.0000","0.0000","0.0000","0.0000","0.0000","0.0000","0.0000","0.0000","0.0000","0.0000","0.0000","0.0000","2024-05-22 00:00:00","2025-11-22 00:00:00"
"RBRY11","0","0","0","0","0","0","0","0","0","0","0","0","0","0","0","0","0","0","2024-05-22 00:00:00","2025-11-22 00:00:00"
"RBTS11","0","0","0","0","0","0","0","0","0","0","0","0","0","0","0","0","0","0","2024-05-22 00:00:00","2025-11-22 00:00:00"
"RBVA11","0.0107","0.0000","0.0000","0.0000","0.0000","0.0057","0.0327","0.0000","0.0883","0.0000","0.0000","0.0000","0.8490","0.0132","0.3326","0.0028","0.6645","0","2024-05-22 00:00:00","2025-11-22 00:00:00"
"RCFA11","0","0","0","0","0","0","0","0","0","0","0","0","0","0","0","0","0","0","2024-05-22 00:00:00","2025-11-22 00:00:00"
"RCFF11","0","0","0","0","0","0","0","0","0","0","0","0","0","0","0","0","0","0","2024-05-22 00:00:00","2025-11-22 00:00:00"
"RCRB11","0.0000","0.0000","0.0143","0.0000","0.1375","0.0580","0.0000","0.1192","0.0136","0.0759","0.0905","0.0371","0.4533","0.0000","0.2663","0.0425","0.6911","0","2024-05-22 00:00:00","2025-11-22 00:00:00"
"RDLI11","0.0000","0.0000","0.0000","0.0000","0.0000","0.0000","0.0000","0.0000","0.0000","0.0000","0.0000","0.0000","0.0000","0.0000","0.0000","0.0000","0.0000","0.0000","2025-07-02 00:00:00","2025-11-22 00:00:00"
"RECD11","0","0","0","0","0","0","0","0","0","0","0","0","0","0","0","0","0","0","2025-07-02 00:00:00","2025-11-22 00:00:00"
"RECM11","0","0","0","0","0","0","0","0","0","0","0","0","0","0","0","0","0","0","2025-07-02 00:00:00","2025-11-22 00:00:00"
"RECR11","0","0","0","0","0","0","0","0","0","0","0","0","0","0","0","0","0","0","2024-05-22 00:00:00","2025-11-22 00:00:00"
"RECT11","0.0521","0.0000","0.0000","0.0218","0.1166","0.0262","0.0267","0.1224","0.0541","0.0154","0.0000","0.0218","0.5425","0.0000","0.3522","0.0000","0.6477","0.0000","2024-05-22 00:00:00","2025-11-22 00:00:00"
"REIT11","0","0","0","0","0","0","0","0","0","0","0","0","0","0","0","0","0","0","2024-05-22 00:00:00","2025-11-22 00:00:00"
"RELG11","0","0","0","0","0","0","0","0","0","0","0","0","0","0","0","0","0","0","2024-05-22 00:00:00","2025-11-22 00:00:00"
"RENV11","0","0","0","0","0","0","0","0","0","0","0","0","0","0","0","0","0","0","2025-07-02 00:00:00","2025-11-22 00:00:00"
"RFOF11","0","0","0","0","0","0","0","0","0","0","0","0","0","0","0","0","0","0","2024-05-22 00:00:00","2025-11-22 00:00:00"
"RINV11","0.0000","0.0000","0.0000","0.0000","0.0000","0.0000","0.0000","0.0000","0.0000","0.0000","0.0000","0.0000","0.0000","0.0000","0.0000","0.0000","0.0000","0.0000","2024-05-22 00:00:00","2025-11-22 00:00:00"
"RMAI11","0.0000","0.0126","0.0000","0.0574","0.0857","0.0000","0.0187","0.0294","0.0211","0.0636","0.1731","0.0783","0.4442","0.0121","0.0821","0","0.9138","0","2024-05-22 00:00:00","2025-11-22 00:00:00"
"RNGO11","0.1917","0.0000","0.0741","0.0308","0.0416","0.0000","0.0654","0.0768","0.0548","0.0057","0.0000","0.0320","0.3944","0.0324","0.1021","0","0.8978","0","2024-05-22 00:00:00","2025-11-22 00:00:00"
"ROOF11","0","0","0","0","0","0","0","0","0","0","0","0","0","0","0","0","0","0","2024-05-22 00:00:00","2025-11-22 00:00:00"
"RPRI11","0","0","0","0","0","0","0","0","0","0","0","0","0","0","0","0","0","0","2024-05-22 00:00:00","2025-11-22 00:00:00"
"RRCI11","0","0","0","0","0","0","0","0","0","0","0","0","0","0","0","0","0","0","2024-05-22 00:00:00","2025-11-22 00:00:00"
"RSPD11","0","0","0","0","0","0","0","0","0","0","0","0","0","0","0","0","0","0","2024-05-22 00:00:00","2025-11-22 00:00:00"
"RVBI11","0","0","0","0","0","0","0","0","0","0","0","0","0","0","0","0","0","0","2024-05-22 00:00:00","2025-11-22 00:00:00"
"RZAK11","0","0","0","0","0","0","0","0","0","0","0","0","0","0","0","0","0","0","2024-05-22 00:00:00","2025-11-22 00:00:00"
"RZAT11","0.0000","0.0000","0.0000","0.0000","0.3778","0.0000","0.0000","0.0000","0.0000","0.1231","0.0000","0.0000","0.4990","0.0000","0.0000","0.0000","1.0000","0.0000","2024-05-22 00:00:00","2025-11-22 00:00:00"
"RZLC11","0","0","0","0","0","0","0","0","0","0","0","0","0","0","0","0","0","0","2025-07-02 00:00:00","2025-11-22 00:00:00"
"RZTR11","0","0","0","0","0","0","0","0","0","0","0","0","1.0000","0","0","0","0","0","2024-05-22 00:00:00","2025-11-22 00:00:00"
"RZZR11","0.0000","0.0000","0.0000","0.0000","0.0000","0.0000","0.0000","0.0000","0.0000","0.0000","0.0000","0.0000","1.0000","0.0000","0.0000","0.0000","0.6994","0.0000","2025-07-02 00:00:00","2025-11-22 00:00:00"
"RZZV11","0.0000","0.0000","0.0000","0.0000","0.0000","0.0000","0.0000","0.0000","0.0000","0.0000","0.0000","0.0000","1.0000","0.0000","0.0000","0.0000","1.0000","0.0000","2025-07-02 00:00:00","2025-11-22 00:00:00"
"SADI11","0","0","0","0","0","0","0","0","0","0","0","0","0","0","0","0","0","0","2024-05-22 00:00:00","2025-11-22 00:00:00"
"SAIC11","0","0","0","0","0","0","0","0","0","0","0","0","0","0","0","0","0","0","2025-07-02 00:00:00","2025-11-22 00:00:00"
"SAPI11","0","0","0","0","0","0","0","0","0","0","0","0","0","0","0","0","0","0","2024-05-22 00:00:00","2025-11-22 00:00:00"
"SARE11","0.0677","0","0","0","0","0","0","0","0","0","0","0.9323","0","0","0.0677","0","0.9323","0","2024-05-22 00:00:00","2025-11-22 00:00:00"
"SCPF11","0.0279","0.0000","0.0000","0.0064","0.0291","0.0255","0.0000","0.0389","0.0000","0.0345","0.0000","0.0142","0.3834","0.4210","1.0000","0","0","0","2024-05-22 00:00:00","2025-11-22 00:00:00"
"SEED11","0","0","0","0","0","0","0","0","0","0","0","0","0","0","0","0","0","0","2024-05-22 00:00:00","2025-11-22 00:00:00"
"SEQR11","0","0","0","0","0","0","0","0","0","0","0","0","1.0000","0","0.1436","0","0.8563","0","2024-05-22 00:00:00","2025-11-22 00:00:00"
"SHDP11","0.0453","0.0631","0.0335","0.0322","0.0267","0.0738","0.0825","0.0294","0.0145","0.0317","0.0301","0.0248","0.3061","0.2056","0.0000","0.0108","0.5668","0.0000","2025-07-02 00:00:00","2025-11-22 00:00:00"
"SHOP11","0.0281","0.0302","0.0089","0.0732","0.0401","0.0218","0.0362","0.0554","0.0636","0.0276","0.0686","0.0240","0.3838","0.1379","0.9096","0","0.0903","0","2024-06-10 00:00:00","2025-11-22 00:00:00"
"SHPH11","0.0524","0.0470","0.0251","0.0401","0.0182","0.0548","0.0276","0.0474","0.0120","0.0320","0.0466","0.0418","0.2951","0.2599","0.9934","0","0.0003","0","2024-05-22 00:00:00","2025-11-22 00:00:00"
"SHPP11","0","0","0","0","0","0","0","0","0","0","0","0","0","0","0","0","0","0","2025-07-02 00:00:00","2025-11-22 00:00:00"
"SJAU11","0","0","0","0","0","0","0","0","0","0","0","0","0","0","0","0","0","0","2024-05-22 00:00:00","2025-11-22 00:00:00"
"SMRE11","0","0","0","0","0","0","0","0","0","0","0","0","0","0","0","0","0","0","2024-05-29 00:00:00","2025-11-22 00:00:00"
"SNCI11","0.0000","0.0000","0.0000","0.0000","0.0000","0.0000","0.0000","0.0000","0.0000","0.0000","0.0000","0.0000","0.0000","0.0000","0.0000","0.0000","0.0000","0.0000","2024-05-22 00:00:00","2025-11-22 00:00:00"
"SNEL11","0","0","0","0","0","0","0","0","0","0","0","0","0","0","0","0","0","0","2024-05-22 00:00:00","2025-11-22 00:00:00"
"SNFF11","0.0000","0.0000","0.0000","0.0000","0.0000","0.0000","0.0000","0.0000","0.0000","0.0000","0.0000","0.0000","0.0000","0.0000","0.0000","0.0000","0.0000","0.0000","2024-05-22 00:00:00","2025-11-22 00:00:00"
"SNLG11","0","0","0","0","0","0","0","0","0","0","0","0","0","0","0","0","0","0","2024-05-22 00:00:00","2025-11-22 00:00:00"
"SNME11","0.0000","0.0000","0.0000","0.0000","0.0000","0.0000","0.0000","0.0000","0.0000","0.0000","0.0000","0.0000","0.0000","0.0000","0.0000","0.0000","0.0000","0.0000","2024-05-22 00:00:00","2025-11-22 00:00:00"
"SOFF11","0","0","0","0","0","0","0","0","0","0","0","0","0","0","0","0","0","0","2025-07-02 00:00:00","2025-11-22 00:00:00"
"SOLR11","0","0","0","0","0","0","0","0","0","0","0","0","1.0000","0","0","0","1.0000","0","2024-05-22 00:00:00","2025-11-22 00:00:00"
"SPDE11","0","0","0","0","0","0","0","0","0","0","0","0","0","0","0","0","0","0","2025-07-02 00:00:00","2025-11-22 00:00:00"
"SPG211","0","0","0","0","0","0","0","0","0","0","0","0","0","0","0","0","0","0","2025-07-02 00:00:00","2025-11-22 00:00:00"
"SPGM11","0","0","0","0","0","0","0","0","0","0","0","0","0","0","0","0","0","0","2025-07-02 00:00:00","2025-11-22 00:00:00"
"SPMO11","0","0","0","0","0","0","0","0","0","0","0","0","0","0","0","0","0","0","2024-05-22 00:00:00","2025-11-22 00:00:00"
"SPTW11","0","0","0","0","0","0","0","0","0","0","0","0","1.0000","0","1.0000","0","0","0","2024-05-22 00:00:00","2025-11-22 00:00:00"
"SPXS11","0","0","0","0","0","0","0","0","0","0","0","0","0","0","0","0","0","0","2024-05-22 00:00:00","2025-11-22 00:00:00"
"SRVD11","0","0","0","0","0","0","0","0","0","0","0","0","0","0","0","0","0","0","2024-05-22 00:00:00","2025-11-22 00:00:00"
"STRX11","0","0","0","0.0500","0","0","0","0","0","0","0","0","0.5000","0.4500","0.4000","0.0100","0.0900","0","2025-07-02 00:00:00","2025-11-22 00:00:00"
"TCIN11","0","0","0","0","0","0","0","0","0","0","0","0","0","0","0","0","0","0","2024-05-22 00:00:00","2025-11-22 00:00:00"
"TELM11","0.0000","0.0000","0.0000","0.0000","0.0000","0.0000","0.0000","0.0000","0.0000","0.0000","0.0000","0.0000","0.0000","0.0000","0.0000","0.0000","0.0000","0.0000","2025-07-02 00:00:00","2025-11-22 00:00:00"
"TEPP11","0.0000","0.0985","0.0000","0.0000","0.0000","0.0455","0.0142","0.0224","0.0245","0.2369","0.0049","0.0335","0.5193","0.0000","0.2032","0.0000","0.7967","0.0000","2024-05-22 00:00:00","2025-11-22 00:00:00"
"TGAR11","0","0","0","0","0","0","0","0","0","0","0","0","1.0000","0","0","0","1.0000","0","2024-05-22 00:00:00","2025-11-22 00:00:00"
"TJKB11","0","0","0","0","0","0","0","0","0","0","0","0","1.0000","0","0.0742","0","0.9257","0","2024-05-22 00:00:00","2025-11-22 00:00:00"
"TMPS11","0","0","0","0","0","0","0","0","0","0","0","0","0","0","0","0","0","0","2024-05-22 00:00:00","2025-11-22 00:00:00"
"TOPP11","0.0254","0.0811","0.0000","0.0917","0.0564","0.0183","0.0131","0.0000","0.0247","0.0215","0.0000","0.0491","0.6181","0.0000","0.6256","0.0000","0.3743","0.0000","2024-11-21 00:00:00","2025-11-22 00:00:00"
"TORD11","0","0","0","0","0","0","0","0","0","0","0","0","0","0","0","0","0","0","2024-05-22 00:00:00","2025-11-22 00:00:00"
"TRBL11","0.0000","0.0000","0.0000","0.0000","0.0000","0.0000","0.0399","0.1550","0.0000","0.0000","0.0000","0.0000","0.8018","0.0031","0.5161","0","0.4838","0","2024-05-22 00:00:00","2025-11-22 00:00:00"
"TRNT11","0.0000","0.0000","0.0222","0.0414","0.0909","0.0522","0.0301","0.0307","0.0000","0.0742","0.0294","0.1054","0.5231","0.0000","0.2100","0.0000","0.7900","0.0000","2024-05-22 00:00:00","2025-11-22 00:00:00"
"TRXB11","0","0","0","0","0","0","0","0","0","0","0","0","0","0","0","0","0","0","2024-05-22 00:00:00","2025-11-22 00:00:00"
"TRXF11","0","0","0","0","0","0","0","0","0","0","0","0","0","0","0","0","0","0","2024-05-22 00:00:00","2025-11-22 00:00:00"
"TRXY11","0","0","0","0","0","0","0","0","0","0","0","0","0","0","0","0","0","0","2025-07-02 00:00:00","2025-11-22 00:00:00"
"TSER11","0","0","0","0","0","0","0","0","0","0","0","0","1.0000","0","0","0","1.0000","0","2024-05-22 00:00:00","2025-11-22 00:00:00"
"TSNC11","0.0000","0.0000","0.0000","0.0000","0.0000","0.0000","0.0000","0.0000","0.0000","0.0000","0.0000","0.0000","0.0000","0.0000","0.0000","0.0000","0.0000","0.0000","2024-05-22 00:00:00","2025-11-22 00:00:00"
"TVRI11","0","0","0","0","0","0","0","0","1.0000","0","0","0","0","0","0","0","1.0000","0","2024-05-22 00:00:00","2025-11-22 00:00:00"
"URHF11","0","0","0","0","0","0","0","0","0","0","0","0","0","0","0","0","0","0","2025-07-02 00:00:00","2025-11-22 00:00:00"
"URPR11","0","0","0","0","0","0","0","0","0","0","0","0","0","0","0","0","0","0","2024-05-22 00:00:00","2025-11-22 00:00:00"
"VCJR11","0","0","0","0","0","0","0","0","0","0","0","0","0","0","0","0","0","0","2024-05-22 00:00:00","2025-11-22 00:00:00"
"VCRI11","0","0","0","0","0","0","0","0","0","0","0","0","0","0","0","0","0","0","2024-05-22 00:00:00","2025-11-22 00:00:00"
"VCRR11","1.0000","0","0","0","0","0","0","0","0","0","0","0","0","0","0","0","0","0","2024-05-22 00:00:00","2025-11-22 00:00:00"
"VERE11","0","0","0","0","0","0","0","0","0","0","0","0","0","0","0","0","0","0","2025-07-02 00:00:00","2025-11-22 00:00:00"
"VGHF11","0","0","0","0","0","0","0","0","0","0","0","0","0","0","0","0","0","0","2024-05-22 00:00:00","2025-11-22 00:00:00"
"VGII11","0","0","0","0","0","0","0","0","0","0","0","0","0","0","0","0","0","0","2025-07-02 00:00:00","2025-11-22 00:00:00"
"VGIP11","0.0000","0.0000","0.0000","0.0000","0.0000","0.0000","0.0000","0.0000","0.0000","0.0000","0.0000","0.0000","0.0000","0.0000","0.0000","0.0000","0.0000","0.0000","2024-05-22 00:00:00","2025-11-22 00:00:00"
"VGIR11","0.0000","0.0000","0.0000","0.0000","0.0000","0.0000","0.0000","0.0000","0.0000","0.0000","0.0000","0.0000","0.0000","0.0000","0.0000","0.0000","0.0000","0.0000","2024-05-22 00:00:00","2025-11-22 00:00:00"
"VGRI11","0","0","0","0","0","0","0","0","0","0","0","0","0","0","0","0","0","0","2024-05-22 00:00:00","2025-11-22 00:00:00"
"VILG11","0.0028","0.0172","0.0181","0.0127","0.0313","0.0211","0.0062","0.0623","0.1307","0.0757","0.0710","0.0423","0.5080","0","0.2000","0.0000","0.8000","0","2024-05-22 00:00:00","2025-11-22 00:00:00"
"VINO11","0.1366","0.0000","0.0000","0.0000","0.0000","0.0078","0.0000","0.0000","0.0100","0.0719","0.0198","0.0243","0.7291","0.0000","0.1366","0.0000","0.8633","0.0000","2024-05-22 00:00:00","2025-11-22 00:00:00"
"VISC11","0.0402","0.0244","0.0222","0.0407","0.0231","0.0285","0.0289","0.0370","0.0301","0.0289","0.0243","0.0662","0.3966","0.2084","0.6049","0.0080","0.0187","0.0000","2024-05-22 00:00:00","2025-11-22 00:00:00"
"VIUR11","0.0048","0.0000","0.0000","0.0000","0.0000","0.0000","0.0000","0.0086","0.0000","0.0000","0.0000","0.0000","0.9864","0","0.0178","0.0000","0.9735","0.0000","2024-05-22 00:00:00","2025-11-22 00:00:00"
"VJFD11","0","0","0","0","0","0","0","0","0","0","0","0","1.0000","0","0","0","1.0000","0","2025-07-02 00:00:00","2025-11-22 00:00:00"
"VOTS11","0","0","0","0","0","0","0","0","0","0","0","0","0","0","0","0","0","0","2024-05-22 00:00:00","2025-11-22 00:00:00"
"VPPR11","0","0","0","0","0.1308","0","0","0.0435","0","0","0","0","0.0649","0.7608","0","0","0.6876","0.3124","2025-07-02 00:00:00","2025-11-22 00:00:00"
"VPSI11","0","0","0","0","0","0","0","0","0","0","0","0","0","0","0","0","0","0","2025-07-02 00:00:00","2025-11-22 00:00:00"
"VRTA11","0","0","0","0","0","0","0","0","0","0","0","0","0","0","0","0","0","0","2024-05-22 00:00:00","2025-11-22 00:00:00"
"VRTM11","0","0","0","0","0","0","0","0","0","0","0","0","1.0000","0","0","0","1.0000","0","2024-05-29 00:00:00","2025-11-22 00:00:00"
"VSHO11","0.0002","0.0062","0.0630","0.0675","0.0306","0.0247","0.0416","0.0125","0.0316","0.0643","0.0469","0.0024","0.5619","0.0458","0.2644","0","0.0835","0","2024-05-22 00:00:00","2025-11-22 00:00:00"
"VSLH11","0","0","0","0","0","0","0","0","0","0","0","0","0","0","0","0","0","0","2024-05-22 00:00:00","2025-11-22 00:00:00"
"VTLT11","0","0","0","0","0","0","0","0","0","0","0","0","1.0000","0","0","0","1.0000","0","2024-05-22 00:00:00","2025-11-22 00:00:00"
"VTPL11","0.0000","0.0000","0.0000","0.0000","0.0000","0.0000","0.0000","0.0000","0.0000","0.0000","0.0000","0.0000","1.0000","0.0000","0.0000","0.0000","1.0000","0.0000","2025-07-02 00:00:00","2025-11-22 00:00:00"
"VVCO11","0.0000","0.0000","0.0000","0.0000","0.1549","0.0364","0.0000","0.0000","0.0000","0.0000","0.0000","0.1356","0.6729","0.0000","0.1549","0.0000","0.8450","0.0000","2024-05-22 00:00:00","2025-11-22 00:00:00"
"VVCR11","0","0","0","0","0","0","0","0","0","0","0","0","0","0","0","0","0","0","2024-05-22 00:00:00","2025-11-22 00:00:00"
"VVMR11","0","0","0","0","0","0","0","0","0","0","0","0","0","0","0","0","0","0","2024-05-22 00:00:00","2025-11-22 00:00:00"
"VVPR11","0.0000","0.0000","0.0000","0.0000","0.0000","0.0000","0.0000","0.0000","0.0000","0.0000","0.0000","0.0000","1.0000","0.0000","0.0000","0.0000","1.0000","0.0000","2024-05-22 00:00:00","2025-11-22 00:00:00"
"VVRI11","0.0000","0.0000","0.0000","0.0000","0.0000","0.0000","0.0000","0.0000","0.1786","0.0000","0.0000","0.0000","0.8213","0.0000","0.1786","0.0000","0.8213","0.0000","2024-05-22 00:00:00","2025-11-22 00:00:00"
"VXXV11","0","0","0","0","0","0","0","0","0","0","0","0","0","0","0","0","0","0","2024-05-22 00:00:00","2025-11-22 00:00:00"
"WHGR11","0","0","0","0","0","0","0","0","0","0","0","0","0","0","0","0","0","0","2024-05-22 00:00:00","2025-11-22 00:00:00"
"WPLZ11","0.0244","0.0095","0.0189","0.0207","0.0000","0.0589","0.0747","0.0221","0.0092","0.0742","0.0147","0.0356","0.4744","0.1620","0.8594","0.0000","0.0918","0.0000","2024-05-22 00:00:00","2025-11-22 00:00:00"
"WSEC11","0","0","0","0","0","0","0","0","0","0","0","0","0","0","0","0","0","0","2024-05-22 00:00:00","2025-11-22 00:00:00"
"WTSP11","0.0378","0.0160","0.0566","0.0462","0.0923","0.0467","0.0128","0.0762","0.0066","0.0341","0.0102","0.0282","0.3351","0.2005","0","0","0","0","2024-06-10 00:00:00","2025-11-22 00:00:00"
"XPCI11","0","0","0","0","0","0","0","0","0","0","0","0","0","0","0","0","0","0","2024-05-22 00:00:00","2025-11-22 00:00:00"
"XPCM11","0","0","0","0","0","0","0","0","1.0000","0","0","0","0","0","0","0","1.0000","0","2024-05-22 00:00:00","2025-11-22 00:00:00"
"XPIN11","0","0","0","0","0","0","0","0","0","0","0","0","0","0","0","0","0","0","2024-05-22 00:00:00","2025-11-22 00:00:00"
"XPLG11","0.0900","0","0","0.1700","0","0","0.0600","0","0","0.1200","0","0","0.5600","0","0.0900","0","0.9100","0","2024-05-22 00:00:00","2025-11-22 00:00:00"
"XPML11","0.0000","0.0000","0.0000","0.0000","0.0000","0.0000","0.0000","0.0000","0.0000","0.0000","0.0000","0.0000","0.0000","0.0000","0.0000","0.0000","0.0000","0.0000","2024-05-22 00:00:00","2025-11-22 00:00:00"
"XPSF11","0","0","0","0","0","0","0","0","0","0","0","0","0","0","0","0","0","0","2024-05-22 00:00:00","2025-11-22 00:00:00"
"YEES11","0","0","0","0","0","0","0","0","0","0","0","0","0","0","0","0","0","0","2025-07-02 00:00:00","2025-11-22 00:00:00"
"YUFI11","0","0","0","0","0","0","0","0","0","0","0","0","1.0000","0","1.0000","0","0","0","2024-05-22 00:00:00","2025-11-22 00:00:00"
"ZAGH11","0.0000","0.0000","0.0000","0.0000","0.0000","0.0000","0.0000","0.0000","0.0000","0.0000","0.0000","0.0000","1.0000","0.0000","0.0000","0.0000","1.0000","0.0000","2024-06-10 00:00:00","2025-11-22 00:00:00"
"ZAVC11","0","0","0","0","0","0","0","0","0","0","0","0","0","0","0","0","0","0","2024-06-10 00:00:00","2025-11-22 00:00:00"
"ZAVI11","0.0000","0.0000","0.0081","0.0000","0.0000","0.0000","0.0000","0.0000","0.0000","0.1685","0.0072","0.0393","0.7744","0.0022","0.0415","0","0.9584","0","2024-05-22 00:00:00","2025-11-22 00:00:00"
"ZIFI11","0","0","0","0","0","0","0","0","0","0","0","0","0","0","0","0","0","0","2024-05-22 00:00:00","2025-11-22 00:00:00"
