"ticker","ref_month","dividends_sum","price_ref","dy_monthly"
"ABCP11","2021-10-01","0.42","66.99","0.00626959247648902821"
"ABCP11","2021-11-01","0.46","61.34","0.00749918487120965112"
"ABCP11","2021-12-01","0.56","69.99","0.00800114302043149021"
"ABCP11","2022-01-01","0.58","74.30","0.00780619111709286676"
"ABCP11","2022-02-01","0.77","77.04","0.00999480789200415369"
"ABCP11","2022-03-01","0.45","72.90","0.00617283950617283951"
"ABCP11","2022-04-01","0.50","73.57","0.00679624847084409406"
"ABCP11","2022-05-01","0.65",NULL,NULL
"ABCP11","2022-06-01","0.59",NULL,NULL
"ABCP11","2022-07-01","0.54",NULL,NULL
"ABCP11","2022-08-01","0.53",NULL,NULL
"ABCP11","2022-09-01","0.55","73.61","0.00747181089525879636"
"ABCP11","2022-10-01","0.52","75.24","0.00691121743753322701"
"ABCP11","2022-11-01","0.55","74.00","0.00743243243243243243"
"ABCP11","2022-12-01","0.60","71.17","0.00843051847688632851"
"ABCP11","2023-02-01","0.50","64.57","0.00774353414898559703"
"ABCP11","2023-03-01","0.50","64.70","0.00772797527047913447"
"ABCP11","2023-04-01","0.50","68.36","0.00731421884142773552"
"ABCP11","2023-05-01","0.50","69.60","0.00718390804597701149"
"ABCP11","2023-06-01","0.50","71.56","0.00698714365567356065"
"ABCP11","2023-07-01","0.50","71.90","0.00695410292072322670"
"ABCP11","2023-08-01","0.50","71.22","0.00702049985959000281"
"ABCP11","2023-09-01","0.50","67.24","0.00743604997025580012"
"ABCP11","2023-10-01","0.60","69.16","0.00867553499132446501"
"ABCP11","2023-11-01","0.60","69.45","0.00863930885529157667"
"ABCP11","2023-12-01","0.60","69.81","0.00859475719810915342"
"ABCP11","2024-01-01","0.65","75.90","0.00856389986824769433"
"ABCP11","2024-02-01","0.82","80.71","0.01015983149547763598"
"ABCP11","2024-03-01","0.50","77.75","0.00643086816720257235"
"ABCP11","2024-04-01","0.50","71.68","0.00697544642857142857"
"ABCP11","2024-05-01","0.47","70.28","0.00668753557199772339"
"ABCP11","2024-06-01","0.47","69.95","0.00671908506075768406"
"ABCP11","2024-07-01","0.35","67.03","0.00522154259286886469"
"ABCP11","2024-08-01","0.62","73.44","0.00844226579520697168"
"ABCP11","2024-09-01","0.62","72.50","0.00855172413793103448"
"ABCP11","2024-10-01","0.70","76.99","0.00909208988180283154"
"ABCP11","2024-11-01","0.70","77.37","0.00904743440610055577"
"ABCP11","2024-12-01","0.70","75.02","0.00933084510797120768"
"ABCP11","2025-01-01","8.95","74.52","0.12010198604401502952"
"ABCP11","2025-02-01","0.50","75.38","0.00663305916688776864"
"ABCP11","2025-03-01","0.50","76.30","0.00655307994757536042"
"ABCP11","2025-04-01","0.50","78.84","0.00634195839675291730"
"ABCP11","2025-05-01","0.60","82.79","0.00724725208358497403"
"ABCP11","2025-06-01","0.80","86.68","0.00922934933087217351"
"ABCP11","2025-07-01","1.15","93.79","0.01226143512101503359"
"ABCP11","2025-08-01","0.50","84.33","0.00592908810624925886"
"ABCP11","2025-09-01","0.50","79.88","0.00625938908362543816"
"ABCP11","2025-10-01","0.50","73.58","0.00679532481652622995"
"ABCP11","2025-11-01","0.65","74.41","0.00873538502889396586"
"AFHI11","2021-10-01","1.05","93.19","0.01126730335872947741"
"AFHI11","2021-11-01","1.20","96.10","0.01248699271592091571"
"AFHI11","2021-12-01","1.25","98.20","0.01272912423625254582"
"AFHI11","2022-01-01","1.30","100.97","0.01287511141923343567"
"AFHI11","2022-02-01","1.30","96.74","0.01343808145544759148"
"AFHI11","2022-03-01","1.30","100.00","0.01300000000000000000"
"AFHI11","2022-04-01","1.35","98.98","0.01363911901394221055"
"AFHI11","2022-05-01","1.35","103.70","0.01301832208293153327"
"AFHI11","2022-06-01","1.40","99.80","0.01402805611222444890"
"AFHI11","2022-07-01","1.40","98.50","0.01421319796954314721"
"AFHI11","2022-08-01","1.30","99.15","0.01311144730206757438"
"AFHI11","2022-09-01","1.15","97.00","0.01185567010309278351"
"AFHI11","2022-10-01","1.00","95.37","0.01048547761350529517"
"AFHI11","2022-11-01","0.95","94.34","0.01006995972016111936"
"AFHI11","2022-12-01","0.96","95.00","0.01010526315789473684"
"AFHI11","2023-01-01","1.00","94.44","0.01058873358746293943"
"AFHI11","2023-02-01","1.05","93.87","0.01118568232662192394"
"AFHI11","2023-03-01","1.06","92.67","0.01143843746627819143"
"AFHI11","2023-04-01","1.10","92.45","0.01189832341806381828"
"AFHI11","2023-05-01","1.10","94.92","0.01158870627897176570"
"AFHI11","2023-06-01","1.10","97.00","0.01134020618556701031"
"AFHI11","2023-07-01","1.10","96.15","0.01144045761830473219"
"AFHI11","2023-08-01","1.05","97.30","0.01079136690647482014"
"AFHI11","2023-09-01","1.05","96.18","0.01091703056768558952"
"AFHI11","2023-10-01","1.05","95.63","0.01097981804872947820"
"AFHI11","2023-11-01","1.02","95.29","0.01070416622940497429"
"AFHI11","2023-12-01","1.00","100.00","0.01000000000000000000"
"AFHI11","2024-01-01","1.00","98.70","0.01013171225937183384"
"AFHI11","2024-02-01","0.95","98.00","0.00969387755102040816"
"AFHI11","2024-03-01","0.95","97.93","0.00970080669866230981"
"AFHI11","2024-04-01","0.95","97.27","0.00976662897090572633"
"AFHI11","2024-05-01","0.95","97.05","0.00978876867594023699"
"AFHI11","2024-06-01","0.96","97.52","0.00984413453650533224"
"AFHI11","2024-07-01","0.95","96.85","0.00980898296334537945"
"AFHI11","2024-08-01","0.95","97.03","0.00979078635473564877"
"AFHI11","2024-09-01","0.93","97.23","0.00956494908978710275"
"AFHI11","2024-10-01","0.93","93.19","0.00997961154630325142"
"AFHI11","2024-11-01","0.93","93.64","0.00993165313968389577"
"AFHI11","2024-12-01","0.95","90.55","0.01049144119271120928"
"AFHI11","2025-01-01","0.95","87.92","0.01080527752502274795"
"AFHI11","2025-02-01","0.97","91.38","0.01061501422630772598"
"AFHI11","2025-03-01","0.98","93.21","0.01051389335908164360"
"AFHI11","2025-04-01","0.99","93.14","0.01062916040369336483"
"AFHI11","2025-05-01","1.00","92.90","0.01076426264800861141"
"AFHI11","2025-06-01","1.01","92.99","0.01086138294440262394"
"AFHI11","2025-07-01","1.09","91.61","0.01189826438161772732"
"AFHI11","2025-08-01","1.01","92.65","0.01090124123043712898"
"AFHI11","2025-09-01","1.01","93.85","0.01076185402237613213"
"AFHI11","2025-10-01","1.01","94.77","0.01065738102775139812"
"AFHI11","2025-11-01","1.01","94.89","0.01064390346717251554"
"AIEC11","2021-10-01","0.61","74.00","0.00824324324324324324"
"AIEC11","2021-11-01","0.61","68.81","0.00886499055369859032"
"AIEC11","2021-12-01","0.61","73.50","0.00829931972789115646"
"AIEC11","2022-01-01","0.61","77.70","0.00785070785070785071"
"AIEC11","2022-02-01","0.61","77.21","0.00790053101929801839"
"AIEC11","2022-03-01","0.68","81.03","0.00839195359743304949"
"AIEC11","2022-04-01","1.31","80.20","0.01633416458852867830"
"AIEC11","2022-05-01","0.72","80.30","0.00896637608966376090"
"AIEC11","2022-06-01","0.72","76.49","0.00941299516276637469"
"AIEC11","2022-07-01","0.80","74.50","0.01073825503355704698"
"AIEC11","2022-08-01","0.72","80.00","0.00900000000000000000"
"AIEC11","2022-09-01","0.73","79.07","0.00923232578727709624"
"AIEC11","2022-10-01","0.73","75.99","0.00960652717462824056"
"AIEC11","2022-11-01","0.74","70.80","0.01045197740112994350"
"AIEC11","2022-12-01","0.75","69.45","0.01079913606911447084"
"AIEC11","2023-01-01","1.32","66.35","0.01989449886963074604"
"AIEC11","2023-02-01","0.18","62.64","0.00287356321839080460"
"AIEC11","2023-03-01","0.75","61.00","0.01229508196721311475"
"AIEC11","2023-04-01","0.76","60.22","0.01262039189637994022"
"AIEC11","2023-05-01","0.77","64.38","0.01196023609816713265"
"AIEC11","2023-06-01","0.78","70.85","0.01100917431192660550"
"AIEC11","2023-07-01","0.78","71.57","0.01089842112617018304"
"AIEC11","2023-08-01","0.76","68.17","0.01114859909050902156"
"AIEC11","2023-09-01","0.76","65.69","0.01156949307352717309"
"AIEC11","2023-10-01","0.76","57.70","0.01317157712305025997"
"AIEC11","2023-11-01","0.76","56.00","0.01357142857142857143"
"AIEC11","2023-12-01","0.78","57.50","0.01356521739130434783"
"AIEC11","2024-01-01","1.33","55.70","0.02387791741472172352"
"AIEC11","2024-02-01","0.17","50.25","0.00338308457711442786"
"AIEC11","2024-03-01","0.71","52.65","0.01348528015194681861"
"AIEC11","2024-04-01","0.71","52.80","0.01344696969696969697"
"AIEC11","2024-05-01","0.71","55.25","0.01285067873303167421"
"AIEC11","2024-06-01","0.73","54.70","0.01334552102376599634"
"AIEC11","2024-07-01","0.73","54.99","0.01327514093471540280"
"AIEC11","2024-08-01","0.73","55.62","0.01312477526069759079"
"AIEC11","2024-09-01","0.73","53.32","0.01369092273068267067"
"AIEC11","2024-10-01","0.73","46.40","0.01573275862068965517"
"AIEC11","2024-11-01","0.62","46.08","0.01345486111111111111"
"AIEC11","2024-12-01","0.62","47.14","0.01315231226134917268"
"AIEC11","2025-01-01","1.22","46.75","0.02609625668449197861"
"AIEC11","2025-02-01","0.17","44.18","0.00384789497510185604"
"AIEC11","2025-03-01","0.32","46.50","0.00688172043010752688"
"AIEC11","2025-04-01","0.32","46.10","0.00694143167028199566"
"AIEC11","2025-05-01","0.32","47.58","0.00672551492223623371"
"AIEC11","2025-06-01","0.32","45.59","0.00701908313226584777"
"AIEC11","2025-07-01","0.32","46.10","0.00694143167028199566"
"AIEC11","2025-08-01","0.34","47.00","0.00723404255319148936"
"AIEC11","2025-09-01","0.34","52.70","0.00645161290322580645"
"AIEC11","2025-10-01","0.34","54.00","0.00629629629629629630"
"AIEC11","2025-11-01","0.34","53.47","0.00635870581634561436"
"AJFI11","2023-12-01","0.07","9.68","0.00723140495867768595"
"AJFI11","2024-01-01","0.07","9.53","0.00734522560335781742"
"AJFI11","2024-02-01","0.08","9.65","0.00829015544041450777"
"AJFI11","2024-03-01","0.08","9.90","0.00808080808080808081"
"AJFI11","2024-04-01","0.07","9.26","0.00755939524838012959"
"AJFI11","2024-05-01","0.07","9.15","0.00765027322404371585"
"AJFI11","2024-06-01","0.06","8.15","0.00736196319018404908"
"AJFI11","2024-07-01","0.06","8.55","0.00701754385964912281"
"AJFI11","2024-08-01","0.07","8.35","0.00838323353293413174"
"AJFI11","2024-09-01","0.07","7.64","0.00916230366492146597"
"AJFI11","2024-10-01","0.07","7.34","0.00953678474114441417"
"AJFI11","2024-11-01","0.07","7.30","0.00958904109589041096"
"AJFI11","2024-12-01","0.07","7.55","0.00927152317880794702"
"AJFI11","2025-01-01","0.07","6.78","0.01032448377581120944"
"AJFI11","2025-02-01","0.07","6.81","0.01027900146842878120"
"AJFI11","2025-03-01","0.07","7.26","0.00964187327823691460"
"AJFI11","2025-04-01","0.07","7.42","0.00943396226415094340"
"AJFI11","2025-05-01","0.07","7.44","0.00940860215053763441"
"AJFI11","2025-06-01","0.06","7.35","0.00816326530612244898"
"AJFI11","2025-07-01","0.06","7.20","0.00833333333333333333"
"AJFI11","2025-08-01","0.06","7.60","0.00789473684210526316"
"AJFI11","2025-09-01","0.06","7.74","0.00775193798449612403"
"AJFI11","2025-10-01","0.03","7.75","0.00387096774193548387"
"AJFI11","2025-11-01","0.05","7.80","0.00641025641025641026"
"ALMI11","2017-04-01","0.37",NULL,NULL
"ALMI11","2024-07-01","6.27","655.00","0.00957251908396946565"
"ALMI11","2024-10-01","3.00","570.00","0.00526315789473684211"
"ALMI11","2024-11-01","5.00","575.39","0.00868975825092545925"
"ALMI11","2024-12-01","7.00","576.01","0.01215256679571535216"
"ALMI11","2025-01-01","4.04","614.20","0.00657766199934874634"
"ALMI11","2025-02-01","4.77","620.38","0.00768883587478642123"
"ALMI11","2025-03-01","3.39","600.00","0.00565000000000000000"
"ALMI11","2025-04-01","1.99","589.96","0.00337311004135873619"
"ALMI11","2025-05-01","2.10","550.99","0.00381132143959055518"
"ALMI11","2025-06-01","3.40","609.87","0.00557495859773394330"
"ALMI11","2025-07-01","5.26","585.00","0.00899145299145299145"
"ALMI11","2025-08-01","3.93","620.00","0.00633870967741935484"
"ALMI11","2025-09-01","4.23","580.51","0.00728669618094434204"
"ALMI11","2025-10-01","4.17","639.99","0.00651572680823137862"
"ALMI11","2025-11-01","3.04","590.00","0.00515254237288135593"
"ALZC11","2024-04-01","1.14","100.00","0.01140000000000000000"
"ALZC11","2024-05-01","1.24","96.00","0.01291666666666666667"
"ALZC11","2024-06-01","1.20","97.00","0.01237113402061855670"
"ALZC11","2024-07-01","1.07","96.00","0.01114583333333333333"
"ALZC11","2024-08-01","1.18","96.00","0.01229166666666666667"
"ALZC11","2024-09-01","1.18","94.99","0.01242236024844720497"
"ALZC11","2024-10-01","1.25","92.00","0.01358695652173913043"
"ALZC11","2024-11-01","1.20","93.99","0.01276731567187998723"
"ALZC11","2024-12-01","1.20","93.50","0.01283422459893048128"
"ALZC11","2025-01-01","1.27","91.00","0.01395604395604395604"
"ALZC11","2025-02-01","0.39","72.84","0.00535420098846787479"
"ALZC11","2025-03-01","1.55","79.13","0.01958801971439403513"
"ALZC11","2025-04-01","1.10","8.63","0.12746234067207415991"
"ALZC11","2025-05-01","0.12","8.65","0.01387283236994219653"
"ALZC11","2025-06-01","0.12","8.21","0.01461632155907429963"
"ALZC11","2025-07-01","0.10","7.51","0.01331557922769640479"
"ALZC11","2025-08-01","0.11","7.45","0.01476510067114093960"
"ALZC11","2025-09-01","0.11","7.78","0.01413881748071979434"
"ALZC11","2025-10-01","0.10","7.62","0.01312335958005249344"
"ALZC11","2025-11-01","0.10","7.58","0.01319261213720316623"
"ALZR11","2021-10-01","0.62","110.80","0.00559566787003610108"
"ALZR11","2021-11-01","0.64","104.60","0.00611854684512428298"
"ALZR11","2021-12-01","0.65","113.83","0.00571026970043046649"
"ALZR11","2022-01-01","0.75","115.17","0.00651211252930450638"
"ALZR11","2022-02-01","0.73","111.70","0.00653536257833482543"
"ALZR11","2022-03-01","0.76","113.36","0.00670430486944248412"
"ALZR11","2022-04-01","0.77","116.04","0.00663564288176490865"
"ALZR11","2022-05-01","0.78","115.20","0.00677083333333333333"
"ALZR11","2022-06-01","0.78","116.50","0.00669527896995708155"
"ALZR11","2022-07-01","0.78","113.50","0.00687224669603524229"
"ALZR11","2022-08-01","0.78","117.48","0.00663942798774259448"
"ALZR11","2022-09-01","5.65","117.23","0.04819585430350592852"
"ALZR11","2022-10-01","0.80","118.17","0.00676990776000676991"
"ALZR11","2022-11-01","0.78","115.49","0.00675383150056281929"
"ALZR11","2022-12-01","0.73","111.01","0.00657598414557247095"
"ALZR11","2023-01-01","0.78","111.40","0.00700179533213644524"
"ALZR11","2023-02-01","0.81","111.71","0.00725091755438188166"
"ALZR11","2023-03-01","0.82","112.00","0.00732142857142857143"
"ALZR11","2023-04-01","0.82","116.89","0.00701514244161177175"
"ALZR11","2023-05-01","0.82","110.95","0.00739071653898152321"
"ALZR11","2023-06-01","0.82","115.36","0.00710818307905686546"
"ALZR11","2023-07-01","0.83","115.03","0.00721550899765278623"
"ALZR11","2023-08-01","0.83","116.76","0.00710859883521754025"
"ALZR11","2023-09-01","0.83","116.79","0.00710677284014042298"
"ALZR11","2023-10-01","0.83","114.63","0.00724068742911977667"
"ALZR11","2023-11-01","0.83","114.29","0.00726222766646250766"
"ALZR11","2023-12-01","0.83","117.64","0.00705542332539952397"
"ALZR11","2024-01-01","0.80","115.30","0.00693842150910667823"
"ALZR11","2024-02-01","0.80","115.89","0.00690309776512209854"
"ALZR11","2024-03-01","0.80","117.96","0.00678195998643608003"
"ALZR11","2024-04-01","0.77","116.73","0.00659641908678146149"
"ALZR11","2024-05-01","0.73","109.99","0.00663696699699972725"
"ALZR11","2024-06-01","0.73","108.44","0.00673183327185540391"
"ALZR11","2024-07-01","0.71","107.78","0.00658749304138059009"
"ALZR11","2024-08-01","0.76","107.71","0.00705598365982731408"
"ALZR11","2024-09-01","0.75","104.89","0.00715034798360186862"
"ALZR11","2024-10-01","0.73","101.50","0.00719211822660098522"
"ALZR11","2024-11-01","0.78","99.67","0.00782582522323668105"
"ALZR11","2024-12-01","0.81","100.75","0.00803970223325062035"
"ALZR11","2025-01-01","0.81","99.48","0.00814234016887816647"
"ALZR11","2025-02-01","0.81","97.70","0.00829068577277379734"
"ALZR11","2025-03-01","0.81","101.20","0.00800395256916996047"
"ALZR11","2025-04-01","0.82","97.97","0.00836990915586404001"
"ALZR11","2025-05-01","0.08","10.04","0.00796812749003984064"
"ALZR11","2025-06-01","0.08","10.11","0.00791295746785361029"
"ALZR11","2025-07-01","0.09","10.02","0.00898203592814371257"
"ALZR11","2025-08-01","0.08","10.14","0.00788954635108481262"
"ALZR11","2025-09-01","0.08","10.60","0.00754716981132075472"
"ALZR11","2025-10-01","0.08","10.50","0.00761904761904761905"
"ALZR11","2025-11-01","0.08","10.63","0.00752587017873941675"
"ANCR11","2024-08-01","1.76","99.00","0.01777777777777777778"
"ANCR11","2024-11-01","1.57","105.00","0.01495238095238095238"
"ANCR11","2025-02-01","2.02",NULL,NULL
"APTO11","2022-01-01","0.03","10.53","0.00284900284900284900"
"APTO11","2022-02-01","0.09","10.19","0.00883218842001962709"
"APTO11","2022-03-01","0.10","10.20","0.00980392156862745098"
"APTO11","2022-04-01","0.11","10.40","0.01057692307692307692"
"APTO11","2022-05-01","0.12","10.10","0.01188118811881188119"
"APTO11","2022-06-01","0.12","9.96","0.01204819277108433735"
"APTO11","2022-07-01","0.13","9.70","0.01340206185567010309"
"APTO11","2022-08-01","0.12","9.37","0.01280683030949839915"
"APTO11","2022-09-01","0.11","9.15","0.01202185792349726776"
"APTO11","2022-10-01","0.10","9.17","0.01090512540894220284"
"APTO11","2022-11-01","0.09","8.92","0.01008968609865470852"
"APTO11","2022-12-01","0.10","8.81","0.01135073779795686720"
"APTO11","2023-01-01","0.10","8.69","0.01150747986191024166"
"APTO11","2023-02-01","0.10","8.14","0.01228501228501228501"
"APTO11","2023-03-01","0.10","8.58","0.01165501165501165501"
"APTO11","2023-04-01","0.10","8.50","0.01176470588235294118"
"APTO11","2023-05-01","0.11","10.00","0.01100000000000000000"
"APTO11","2023-06-01","0.11","9.97","0.01103309929789368104"
"APTO11","2023-07-01","0.11","9.95","0.01105527638190954774"
"APTO11","2023-08-01","0.10","9.90","0.01010101010101010101"
"APTO11","2023-09-01","0.10","9.93","0.01007049345417925478"
"APTO11","2023-10-01","0.10","9.80","0.01020408163265306122"
"APTO11","2023-11-01","0.09","9.72","0.00925925925925925926"
"APTO11","2023-12-01","0.09","9.78","0.00920245398773006135"
"APTO11","2024-01-01","0.09","9.80","0.00918367346938775510"
"APTO11","2024-02-01","0.09","9.54","0.00943396226415094340"
"APTO11","2024-03-01","0.09","9.70","0.00927835051546391753"
"APTO11","2024-04-01","0.09","9.59","0.00938477580813347237"
"APTO11","2024-05-01","0.09","10.65","0.00845070422535211268"
"APTO11","2024-06-01","0.09","9.54","0.00943396226415094340"
"APTO11","2024-07-01","0.09","9.50","0.00947368421052631579"
"APTO11","2024-08-01","0.09","9.59","0.00938477580813347237"
"APTO11","2024-09-01","0.09","9.59","0.00938477580813347237"
"APTO11","2024-10-01","0.09","9.12","0.00986842105263157895"
"APTO11","2024-11-01","0.09","9.01","0.00998890122086570477"
"APTO11","2024-12-01","0.09","8.80","0.01022727272727272727"
"APTO11","2025-01-01","0.09","8.64","0.01041666666666666667"
"APTO11","2025-02-01","0.09","8.59","0.01047729918509895227"
"APTO11","2025-03-01","0.09","8.51","0.01057579318448883666"
"APTO11","2025-04-01","0.09","8.56","0.01051401869158878505"
"APTO11","2025-05-01","0.09","8.56","0.01051401869158878505"
"APTO11","2025-06-01","0.09","8.42","0.01068883610451306413"
"APTO11","2025-07-01","0.10","8.39","0.01191895113230035757"
"APTO11","2025-08-01","0.09","8.48","0.01061320754716981132"
"APTO11","2025-09-01","0.09","8.48","0.01061320754716981132"
"APTO11","2025-10-01","0.09","8.42","0.01068883610451306413"
"APTO11","2025-11-01","0.09","8.40","0.01071428571428571429"
"APXM11","2023-09-01","0.46","100.01","0.00459954004599540046"
"APXM11","2023-10-01","0.37","103.00","0.00359223300970873786"
"APXM11","2023-11-01","0.54","102.00","0.00529411764705882353"
"APXM11","2023-12-01","0.60","102.99","0.00582580833090591320"
"APXM11","2024-01-01","0.58","98.99","0.00585917769471663804"
"APXM11","2024-02-01","0.55","97.00","0.00567010309278350515"
"APXM11","2024-03-01","0.92","99.99","0.00920092009200920092"
"APXM11","2024-04-01","0.74","99.99","0.00740074007400740074"
"APXM11","2024-05-01","0.60","110.00","0.00545454545454545455"
"APXM11","2024-06-01","0.57","99.99","0.00570057005700570057"
"APXM11","2024-07-01","0.46","99.00","0.00464646464646464646"
"APXM11","2024-08-01","0.54","92.10","0.00586319218241042345"
"APXM11","2024-09-01","0.49","96.99","0.00505206722342509537"
"APXM11","2024-10-01","0.47","99.97","0.00470141042312693808"
"APXM11","2024-11-01","0.36","102.00","0.00352941176470588235"
"APXM11","2024-12-01","0.32","105.00","0.00304761904761904762"
"APXM11","2025-01-01","0.28","102.00","0.00274509803921568627"
"APXM11","2025-02-01","0.28","102.00","0.00274509803921568627"
"APXM11","2025-03-01","0.55","102.00","0.00539215686274509804"
"APXM11","2025-04-01","0.44","102.00","0.00431372549019607843"
"APXM11","2025-05-01","0.31","101.60","0.00305118110236220472"
"APXM11","2025-06-01","0.34","101.00","0.00336633663366336634"
"APXM11","2025-07-01","0.29","86.08","0.00336895910780669145"
"APXM11","2025-08-01","0.25","81.00","0.00308641975308641975"
"APXM11","2025-09-01","0.30","82.01","0.00365809047677112547"
"APXM11","2025-10-01","0.29","76.47","0.00379233686412972407"
"APXM11","2025-11-01","0.37","73.97","0.00500202784912802487"
"AROA11","2023-06-01","0.00",NULL,NULL
"AROA11","2023-07-01","0.00",NULL,NULL
"AROA11","2023-08-01","0.00",NULL,NULL
"AROA11","2023-09-01","0.00",NULL,NULL
"AROA11","2023-10-01","0.01",NULL,NULL
"AROA11","2023-11-01","0.01",NULL,NULL
"AROA11","2023-12-01","0.01","1.41","0.00709219858156028369"
"AROA11","2024-01-01","0.01","1.11","0.00900900900900900901"
"AROA11","2024-02-01","0.01","1.14","0.00877192982456140351"
"AROA11","2024-03-01","0.01","1.04","0.00961538461538461538"
"AROA11","2024-04-01","0.01","0.99","0.01010101010101010101"
"AROA11","2024-05-01","0.01","0.98","0.01020408163265306122"
"AROA11","2024-06-01","0.01","0.99","0.01010101010101010101"
"AROA11","2024-07-01","0.01","0.99","0.01010101010101010101"
"AROA11","2024-08-01","0.01","0.99","0.01010101010101010101"
"AROA11","2024-09-01","0.01","0.97","0.01030927835051546392"
"AROA11","2024-10-01","0.01","1.13","0.00884955752212389381"
"AROA11","2024-11-01","0.01","1.05","0.00952380952380952381"
"AROA11","2024-12-01","0.01","1.00","0.01000000000000000000"
"AROA11","2025-01-01","0.01","0.99","0.01010101010101010101"
"AROA11","2025-02-01","0.01","1.02","0.00980392156862745098"
"AROA11","2025-03-01","0.01","0.99","0.01010101010101010101"
"AROA11","2025-04-01","0.01","0.98","0.01020408163265306122"
"AROA11","2025-05-01","0.01","1.03","0.00970873786407766990"
"AROA11","2025-06-01","0.01","1.00","0.01000000000000000000"
"AROA11","2025-07-01","0.01","1.04","0.00961538461538461538"
"AROA11","2025-08-01","0.01","1.02","0.00980392156862745098"
"AROA11","2025-09-01","0.01","1.01","0.00990099009900990099"
"AROA11","2025-10-01","0.01","1.02","0.00980392156862745098"
"AROA11","2025-11-01","0.01","1.00","0.01000000000000000000"
"ARRI11","2021-10-01","1.11","96.45","0.01150855365474339036"
"ARRI11","2021-11-01","1.41","94.22","0.01496497558904691148"
"ARRI11","2021-12-01","1.47","97.98","0.01500306184935701164"
"ARRI11","2022-01-01","1.75","101.89","0.01717538521935420552"
"ARRI11","2022-02-01","1.31","100.48","0.01303742038216560510"
"ARRI11","2022-03-01","1.30","99.00","0.01313131313131313131"
"ARRI11","2022-04-01","1.34","98.80","0.01356275303643724696"
"ARRI11","2022-05-01","1.28","96.20","0.01330561330561330561"
"ARRI11","2022-06-01","1.41","97.00","0.01453608247422680412"
"ARRI11","2022-07-01","1.18","91.90","0.01284004352557127312"
"ARRI11","2022-08-01","1.31","9.39","0.13951011714589989350"
"ARRI11","2022-09-01","0.11","9.00","0.01222222222222222222"
"ARRI11","2022-10-01","0.14","9.40","0.01489361702127659574"
"ARRI11","2022-11-01","0.11","9.15","0.01202185792349726776"
"ARRI11","2022-12-01","0.13","9.29","0.01399354144241119483"
"ARRI11","2023-01-01","0.13","9.42","0.01380042462845010616"
"ARRI11","2023-02-01","0.13","9.30","0.01397849462365591398"
"ARRI11","2023-03-01","0.07","8.85","0.00790960451977401130"
"ARRI11","2023-04-01","0.11","8.28","0.01328502415458937198"
"ARRI11","2023-05-01","0.11","8.75","0.01257142857142857143"
"ARRI11","2023-06-01","0.11","8.93","0.01231802911534154535"
"ARRI11","2023-07-01","0.11","9.28","0.01185344827586206897"
"ARRI11","2023-08-01","0.10","8.88","0.01126126126126126126"
"ARRI11","2023-09-01","0.10","8.91","0.01122334455667789001"
"ARRI11","2023-10-01","0.10","8.88","0.01126126126126126126"
"ARRI11","2023-11-01","0.09","9.06","0.00993377483443708609"
"ARRI11","2023-12-01","0.10","9.08","0.01101321585903083700"
"ARRI11","2024-01-01","0.10","9.11","0.01097694840834248079"
"ARRI11","2024-02-01","0.10","9.27","0.01078748651564185545"
"ARRI11","2024-03-01","0.10","9.30","0.01075268817204301075"
"ARRI11","2024-04-01","0.10","9.21","0.01085776330076004343"
"ARRI11","2024-05-01","0.10","9.09","0.01100110011001100110"
"ARRI11","2024-06-01","0.11","9.18","0.01198257080610021786"
"ARRI11","2024-07-01","0.11","9.17","0.01199563794983642312"
"ARRI11","2024-08-01","0.10","9.07","0.01102535832414553473"
"ARRI11","2024-09-01","0.10","8.83","0.01132502831257078143"
"ARRI11","2024-10-01","0.09","8.46","0.01063829787234042553"
"ARRI11","2024-11-01","0.09","8.69","0.01035673187571921749"
"ARRI11","2024-12-01","0.09","8.18","0.01100244498777506112"
"ARRI11","2025-01-01","0.09","7.61","0.01182654402102496715"
"ARRI11","2025-02-01","0.09","7.93","0.01134930643127364439"
"ARRI11","2025-03-01","0.09","7.63","0.01179554390563564875"
"ARRI11","2025-04-01","0.09","7.49","0.01201602136181575434"
"ARRI11","2025-05-01","0.09","7.35","0.01224489795918367347"
"ARRI11","2025-06-01","0.09","7.14","0.01260504201680672269"
"ARRI11","2025-07-01","0.09","6.94","0.01296829971181556196"
"ARRI11","2025-08-01","0.09","6.73","0.01337295690936106984"
"ARRI11","2025-09-01","0.09","6.62","0.01359516616314199396"
"ARRI11","2025-10-01","0.09","6.57","0.01369863013698630137"
"ARRI11","2025-11-01","0.09","6.55","0.01374045801526717557"
"ARXD11","2023-06-01","1.15","100.00","0.01150000000000000000"
"ARXD11","2023-07-01","1.10","100.00","0.01100000000000000000"
"ARXD11","2023-08-01","1.10","100.55","0.01093983092988562904"
"ARXD11","2023-09-01","1.10","102.00","0.01078431372549019608"
"ARXD11","2023-10-01","1.10","100.00","0.01100000000000000000"
"ARXD11","2023-11-01","1.00","94.04","0.01063377286261165462"
"ARXD11","2023-12-01","1.00","97.03","0.01030609089972173555"
"ARXD11","2024-01-01","1.00","96.41","0.01037236801161705217"
"ARXD11","2024-02-01","1.00","95.30","0.01049317943336831060"
"ARXD11","2024-03-01","1.00","95.11","0.01051414152034486384"
"ARXD11","2024-04-01","1.00","93.11","0.01073998496402105037"
"ARXD11","2024-05-01","1.00","93.20","0.01072961373390557940"
"ARXD11","2024-06-01","1.05","99.99","0.01050105010501050105"
"ARXD11","2024-07-01","1.10","98.98","0.01111335623358254193"
"ARXD11","2024-08-01","1.10","100.00","0.01100000000000000000"
"ARXD11","2024-09-01","1.05","96.12","0.01092384519350811486"
"ARXD11","2024-10-01","1.00","87.50","0.01142857142857142857"
"ARXD11","2024-11-01","1.00","8.41","0.11890606420927467301"
"ARXD11","2024-12-01","0.10","7.39","0.01353179972936400541"
"ARXD11","2025-01-01","0.10","7.02","0.01424501424501424501"
"ARXD11","2025-02-01","0.10","7.39","0.01353179972936400541"
"ARXD11","2025-03-01","0.10","7.50","0.01333333333333333333"
"ARXD11","2025-04-01","0.10","7.26","0.01377410468319559229"
"ARXD11","2025-05-01","0.10","7.72","0.01295336787564766839"
"ARXD11","2025-06-01","0.10","7.76","0.01288659793814432990"
"ARXD11","2025-07-01","0.10","7.63","0.01310615989515072084"
"ARXD11","2025-08-01","0.10","7.43","0.01345895020188425303"
"ARXD11","2025-09-01","0.10","7.49","0.01335113484646194927"
"ARXD11","2025-10-01","0.09","7.49","0.01201602136181575434"
"ARXD11","2025-11-01","0.09","7.50","0.01200000000000000000"
"ATSA11","2022-09-01","0.05","80.03","0.00062476571285767837"
"ATSA11","2022-10-01","0.05","76.00","0.00065789473684210526"
"ATSA11","2022-11-01","0.05","77.99","0.00064110783433773561"
"ATSA11","2022-12-01","0.05","78.87","0.00063395460885000634"
"ATSA11","2023-01-01","0.05","75.01","0.00066657778962804959"
"ATSA11","2023-02-01","0.05","75.01","0.00066657778962804959"
"ATSA11","2023-03-01","0.05","73.00","0.00068493150684931507"
"ATSA11","2024-07-01","0.72","55.94","0.01287093314265284233"
"ATSA11","2024-10-01","0.50","52.97","0.00943930526713233906"
"ATSA11","2025-01-01","1.03","52.20","0.01973180076628352490"
"ATSA11","2025-04-01","0.12","49.99","0.00240048009601920384"
"ATSA11","2025-05-01","0.12","49.99","0.00240048009601920384"
"ATSA11","2025-06-01","0.12","50.00","0.00240000000000000000"
"ATSA11","2025-07-01","0.53","49.99","0.01060212042408481696"
"ATSA11","2025-08-01","0.15","49.00","0.00306122448979591837"
"ATSA11","2025-09-01","0.15","50.99","0.00294175328495783487"
"ATSA11","2025-10-01","0.15","51.00","0.00294117647058823529"
"ATSA11","2025-11-01","0.15","50.61","0.00296384113811499704"
"AURB11","2025-08-01","0.41","72.80","0.00563186813186813187"
"AURB11","2025-09-01","0.44","76.21","0.00577352053536281328"
"AURB11","2025-10-01","0.31","81.00","0.00382716049382716049"
"AURB11","2025-11-01","0.40",NULL,NULL
"AZPL11","2024-08-01","0.06",NULL,NULL
"AZPL11","2024-09-01","0.07",NULL,NULL
"AZPL11","2024-10-01","0.08",NULL,NULL
"AZPL11","2024-11-01","0.08",NULL,NULL
"AZPL11","2024-12-01","0.08",NULL,NULL
"AZPL11","2025-01-01","0.09",NULL,NULL
"AZPL11","2025-02-01","0.09",NULL,NULL
"AZPL11","2025-03-01","0.09",NULL,NULL
"AZPL11","2025-04-01","0.09",NULL,NULL
"AZPL11","2025-05-01","0.09",NULL,NULL
"AZPL11","2025-06-01","0.09",NULL,NULL
"AZPL11","2025-07-01","0.09","7.55","0.01192052980132450331"
"AZPL11","2025-08-01","0.08","7.65","0.01045751633986928105"
"AZPL11","2025-09-01","0.07","7.67","0.00912646675358539765"
"AZPL11","2025-10-01","0.08","7.76","0.01030927835051546392"
"AZPL11","2025-11-01","0.08","7.69","0.01040312093628088427"
"BARI11","2021-10-01","1.15","103.40","0.01112185686653771760"
"BARI11","2021-11-01","1.15","101.70","0.01130776794493608653"
"BARI11","2021-12-01","1.20","103.85","0.01155512758786711603"
"BARI11","2022-01-01","1.35","105.15","0.01283880171184022825"
"BARI11","2022-02-01","1.10","103.16","0.01066304769290422644"
"BARI11","2022-03-01","1.10","102.70","0.01071080817916260954"
"BARI11","2022-04-01","1.10","102.45","0.01073694485114690093"
"BARI11","2022-05-01","1.30","100.60","0.01292246520874751491"
"BARI11","2022-06-01","1.45","101.00","0.01435643564356435644"
"BARI11","2022-07-01","1.50","100.12","0.01498202157411106672"
"BARI11","2022-08-01","1.40","99.08","0.01412999596285829633"
"BARI11","2022-09-01","1.05","95.80","0.01096033402922755741"
"BARI11","2022-10-01","1.00","96.19","0.01039609106975777108"
"BARI11","2022-11-01","1.00","94.23","0.01061233152923697336"
"BARI11","2022-12-01","0.90","87.60","0.01027397260273972603"
"BARI11","2023-01-01","0.90","91.19","0.00986950323500383814"
"BARI11","2023-02-01","0.90","83.84","0.01073473282442748092"
"BARI11","2023-03-01","0.90","79.51","0.01131933090177336184"
"BARI11","2023-04-01","0.90","77.85","0.01156069364161849711"
"BARI11","2023-05-01","0.90","84.87","0.01060445387062566278"
"BARI11","2023-06-01","0.94","85.20","0.01103286384976525822"
"BARI11","2023-07-01","0.94","89.20","0.01053811659192825112"
"BARI11","2023-08-01","0.90","87.63","0.01027045532351934269"
"BARI11","2023-09-01","0.60","84.02","0.00714115686741252083"
"BARI11","2023-10-01","0.45","82.40","0.00546116504854368932"
"BARI11","2023-11-01","0.58","79.90","0.00725907384230287860"
"BARI11","2023-12-01","0.67","83.50","0.00802395209580838323"
"BARI11","2024-01-01","0.69","85.33","0.00808625336927223720"
"BARI11","2024-02-01","0.96","85.50","0.01122807017543859649"
"BARI11","2024-03-01","0.90","86.20","0.01044083526682134571"
"BARI11","2024-04-01","0.76","80.80","0.00940594059405940594"
"BARI11","2024-05-01","0.89","81.11","0.01097275305141166317"
"BARI11","2024-06-01","0.65","84.95","0.00765155974102413184"
"BARI11","2024-07-01","0.75","81.21","0.00923531584780199483"
"BARI11","2024-08-01","0.88","80.01","0.01099862517185351831"
"BARI11","2024-09-01","0.80","77.79","0.01028409821313793547"
"BARI11","2024-10-01","0.76","75.29","0.01009430203214238279"
"BARI11","2024-11-01","0.71","71.53","0.00992590521459527471"
"BARI11","2024-12-01","0.79","69.50","0.01136690647482014388"
"BARI11","2025-01-01","0.95","63.48","0.01496534341524889729"
"BARI11","2025-02-01","0.95","66.95","0.01418969380134428678"
"BARI11","2025-03-01","0.88","73.75","0.01193220338983050847"
"BARI11","2025-04-01","0.95","74.99","0.01266835578077076944"
"BARI11","2025-05-01","1.00","77.43","0.01291489086917215550"
"BARI11","2025-06-01","0.97","79.00","0.01227848101265822785"
"BARI11","2025-07-01","1.05","79.20","0.01325757575757575758"
"BARI11","2025-08-01","0.95",NULL,NULL
"BARI11","2025-09-01","0.76",NULL,NULL
"BBFI11","2023-07-01","7.19",NULL,NULL
"BBFI11","2023-08-01","6.21",NULL,NULL
"BBFI11","2023-09-01","7.43",NULL,NULL
"BBFI11","2023-10-01","7.59",NULL,NULL
"BBFI11","2023-11-01","7.39",NULL,NULL
"BBFI11","2023-12-01","7.21",NULL,NULL
"BBFI11","2024-01-01","7.43",NULL,NULL
"BBFI11","2024-02-01","8.10",NULL,NULL
"BBFI11","2024-03-01","0.14",NULL,NULL
"BBFI11","2024-04-01","84.19",NULL,NULL
"BBFI11","2024-05-01","87.57","1280.99","0.06836118939257917704"
"BBFI11","2024-06-01","100.41","1335.00","0.07521348314606741573"
"BBFI11","2024-08-01","634.23","630.00","1.0067142857142857"
"BBFO11","2021-10-01","0.60","71.88","0.00834724540901502504"
"BBFO11","2021-11-01","0.62","70.90","0.00874471086036671368"
"BBFO11","2021-12-01","0.67","78.30","0.00855683269476372925"
"BBFO11","2022-01-01","0.68","74.12","0.00917431192660550459"
"BBFO11","2022-02-01","0.81","75.00","0.01080000000000000000"
"BBFO11","2022-03-01","0.74","72.53","0.01020267475527367986"
"BBFO11","2022-04-01","0.72","73.60","0.00978260869565217391"
"BBFO11","2022-05-01","0.77","74.00","0.01040540540540540541"
"BBFO11","2022-06-01","0.83","70.40","0.01178977272727272727"
"BBFO11","2022-07-01","0.88","71.55","0.01229909154437456324"
"BBFO11","2022-08-01","0.89","77.96","0.01141611082606464854"
"BBFO11","2022-09-01","0.76","77.11","0.00985604979898845805"
"BBFO11","2022-10-01","0.70","73.60","0.00951086956521739130"
"BBFO11","2022-11-01","0.62","69.50","0.00892086330935251799"
"BBFO11","2022-12-01","0.60","66.83","0.00897800389046835254"
"BBFO11","2023-01-01","0.64","66.58","0.00961249624511865425"
"BBFO11","2023-02-01","0.77","66.00","0.01166666666666666667"
"BBFO11","2023-03-01","0.73","64.00","0.01140625000000000000"
"BBFO11","2023-04-01","0.69","64.50","0.01069767441860465116"
"BBFO11","2023-05-01","0.70","68.70","0.01018922852983988355"
"BBFO11","2023-06-01","0.69","73.00","0.00945205479452054795"
"BBFO11","2023-07-01","0.69","75.80","0.00910290237467018470"
"BBFO11","2023-08-01","0.70","74.90","0.00934579439252336449"
"BBFO11","2023-09-01","0.62","74.40","0.00833333333333333333"
"BBFO11","2023-10-01","0.61","72.11","0.00845929829427263902"
"BBFO11","2023-11-01","0.62","70.99","0.00873362445414847162"
"BBFO11","2023-12-01","0.64","72.91","0.00877794541215196818"
"BBFO11","2024-01-01","0.64","75.00","0.00853333333333333333"
"BBFO11","2024-02-01","0.68","75.57","0.00899827974063781924"
"BBFO11","2024-03-01","0.64","75.45","0.00848243870112657389"
"BBFO11","2024-04-01","0.65","73.50","0.00884353741496598639"
"BBFO11","2024-05-01","0.66","74.37","0.00887454618797902380"
"BBFO11","2024-06-01","0.67","71.36","0.00938901345291479821"
"BBFO11","2024-07-01","0.64","72.50","0.00882758620689655172"
"BBFO11","2024-08-01","0.67","72.50","0.00924137931034482759"
"BBFO11","2024-09-01","0.65","71.37","0.00910746812386156648"
"BBFO11","2024-10-01","0.63","66.38","0.00949081048508586924"
"BBFO11","2024-11-01","0.62","63.06","0.00983190612115445607"
"BBFO11","2024-12-01","0.62","60.00","0.01033333333333333333"
"BBFO11","2025-01-01","0.65","56.55","0.01149425287356321839"
"BBFO11","2025-02-01","0.72","60.50","0.01190082644628099174"
"BBFO11","2025-03-01","0.67","61.89","0.01082565842624010341"
"BBFO11","2025-04-01","0.69","64.43","0.01070929691137668788"
"BBFO11","2025-05-01","0.72","63.98","0.01125351672397624258"
"BBFO11","2025-06-01","0.75","63.98","0.01172241325414191935"
"BBFO11","2025-07-01","0.78","63.00","0.01238095238095238095"
"BBFO11","2025-08-01","0.76","63.02","0.01205966359885750555"
"BBFO11","2025-09-01","0.73","63.15","0.01155977830562153603"
"BBFO11","2025-10-01","0.73","62.50","0.01168000000000000000"
"BBFO11","2025-11-01","0.70","62.62","0.01117853720855956563"
"BBIG11","2024-06-01","0.08","9.31","0.00859291084854994629"
"BBIG11","2024-07-01","0.08","9.32","0.00858369098712446352"
"BBIG11","2024-08-01","0.08","9.41","0.00850159404888416578"
"BBIG11","2024-09-01","0.08","9.39","0.00851970181043663472"
"BBIG11","2024-10-01","0.08","9.19","0.00870511425462459195"
"BBIG11","2024-11-01","0.09","7.12","0.01264044943820224719"
"BBIG11","2024-12-01","0.09","8.35","0.01077844311377245509"
"BBIG11","2025-01-01","0.10","6.90","0.01449275362318840580"
"BBIG11","2025-02-01","0.09","6.77","0.01329394387001477105"
"BBIG11","2025-03-01","0.08","7.02","0.01139601139601139601"
"BBIG11","2025-04-01","0.08","7.11","0.01125175808720112518"
"BBIG11","2025-05-01","0.08","7.40","0.01081081081081081081"
"BBIG11","2025-06-01","0.08","7.39","0.01082543978349120433"
"BBIG11","2025-07-01","0.08","7.02","0.01139601139601139601"
"BBIG11","2025-08-01","0.08","6.98","0.01146131805157593123"
"BBIG11","2025-09-01","0.08","7.07","0.01131541725601131542"
"BBIG11","2025-10-01","0.08","6.99","0.01144492131616595136"
"BBIG11","2025-11-01","0.08","6.94","0.01152737752161383285"
"BBRC11","2021-10-01","0.85","102.57","0.00828702349614897143"
"BBRC11","2021-11-01","0.92","89.76","0.01024955436720142602"
"BBRC11","2021-12-01","0.92","109.79","0.00837963384643410147"
"BBRC11","2022-01-01","0.92","99.52","0.00924437299035369775"
"BBRC11","2022-02-01","0.90","96.86","0.00929176130497625439"
"BBRC11","2022-03-01","0.92","99.75","0.00922305764411027569"
"BBRC11","2022-04-01","0.94","99.10","0.00948536831483350151"
"BBRC11","2022-05-01","0.94","98.15","0.00957717778909831890"
"BBRC11","2022-06-01","0.97","100.30","0.00967098703888334995"
"BBRC11","2022-07-01","1.01","98.97","0.01020511266040214206"
"BBRC11","2022-08-01","0.99","105.00","0.00942857142857142857"
"BBRC11","2022-09-01","0.99","102.11","0.00969542650083243561"
"BBRC11","2022-10-01","0.99","100.45","0.00985564957690393230"
"BBRC11","2022-11-01","0.99","98.10","0.01009174311926605505"
"BBRC11","2022-12-01","0.99","99.99","0.00990099009900990099"
"BBRC11","2023-01-01","0.99","95.51","0.01036540676368966600"
"BBRC11","2023-02-01","0.99","94.70","0.01045406546990496304"
"BBRC11","2023-03-01","0.99","94.20","0.01050955414012738854"
"BBRC11","2023-04-01","0.99","94.27","0.01050175029171528588"
"BBRC11","2023-05-01","1.07","101.00","0.01059405940594059406"
"BBRC11","2023-06-01","1.07","104.98","0.01019241760335301962"
"BBRC11","2023-07-01","1.07","109.89","0.00973700973700973701"
"BBRC11","2023-08-01","1.13","117.99","0.00957708280362742605"
"BBRC11","2023-09-01","1.13","115.90","0.00974978429680759275"
"BBRC11","2023-10-01","1.13","114.50","0.00986899563318777293"
"BBRC11","2023-11-01","1.13","114.91","0.00983378296057784353"
"BBRC11","2023-12-01","1.13","116.60","0.00969125214408233276"
"BBRC11","2024-01-01","1.13",NULL,NULL
"BBRC11","2024-02-01","1.10","115.00","0.00956521739130434783"
"BBRC11","2024-03-01","1.10","114.41","0.00961454418320076916"
"BBRC11","2024-04-01","1.10","111.80","0.00983899821109123435"
"BBRC11","2024-05-01","1.10","107.01","0.01027941313895897580"
"BBRC11","2024-06-01","1.10","109.29","0.01006496477262329582"
"BBRC11","2024-07-01","1.15","114.50","0.01004366812227074236"
"BBRC11","2024-08-01","1.11","115.80","0.00958549222797927461"
"BBRC11","2024-09-01","1.11","115.20","0.00963541666666666667"
"BBRC11","2024-10-01","1.11","110.50","0.01004524886877828054"
"BBRC11","2024-11-01","1.11","109.18","0.01016669719728888075"
"BBRC11","2024-12-01","1.08","100.95","0.01069836552748885587"
"BBRC11","2025-01-01","1.06","94.87","0.01117318435754189944"
"BBRC11","2025-02-01","1.08","96.38","0.01120564432454866155"
"BBRC11","2025-03-01","1.08","104.74","0.01031124689707848005"
"BBRC11","2025-04-01","1.08","105.16","0.01027006466337010270"
"BBRC11","2025-05-01","1.08","102.41","0.01054584513231129772"
"BBRC11","2025-06-01","1.00","100.13","0.00998701687805852392"
"BBRC11","2025-07-01","1.00","98.00","0.01020408163265306122"
"BBRC11","2025-08-01","1.05","99.55","0.01054746358613761929"
"BBRC11","2025-09-01","1.05","100.20","0.01047904191616766467"
"BBRC11","2025-10-01","1.05","98.00","0.01071428571428571429"
"BBRC11","2025-11-01","1.05","96.70","0.01085832471561530507"
"BCIA11","2021-10-01","0.64","82.84","0.00772573635924674070"
"BCIA11","2021-11-01","0.64","80.20","0.00798004987531172070"
"BCIA11","2021-12-01","0.64","85.97","0.00744445736884959870"
"BCIA11","2022-01-01","0.64","86.99","0.00735716749051615128"
"BCIA11","2022-02-01","0.64","84.25","0.00759643916913946588"
"BCIA11","2022-03-01","0.68","82.06","0.00828661954667316598"
"BCIA11","2022-04-01","0.68","85.25","0.00797653958944281525"
"BCIA11","2022-05-01","0.71","84.00","0.00845238095238095238"
"BCIA11","2022-06-01","0.74","82.92","0.00892426435118186204"
"BCIA11","2022-07-01","0.74","83.31","0.00888248709638698836"
"BCIA11","2022-08-01","0.74","91.38","0.00809805209017290436"
"BCIA11","2022-09-01","0.74","93.82","0.00788744404178213601"
"BCIA11","2022-10-01","0.76","92.55","0.00821177741761210157"
"BCIA11","2022-11-01","0.76","85.90","0.00884749708963911525"
"BCIA11","2022-12-01","0.76","84.99","0.00894222849747029062"
"BCIA11","2023-01-01","0.76","83.50","0.00910179640718562874"
"BCIA11","2023-02-01","0.76","82.00","0.00926829268292682927"
"BCIA11","2023-03-01","0.78","80.65","0.00967141971481711097"
"BCIA11","2023-04-01","0.78","85.09","0.00916676460218592079"
"BCIA11","2023-05-01","0.78","89.17","0.00874733654816642369"
"BCIA11","2023-06-01","0.80","98.41","0.00812925515699624022"
"BCIA11","2023-07-01","0.80","106.00","0.00754716981132075472"
"BCIA11","2023-08-01","0.82","103.50","0.00792270531400966184"
"BCIA11","2023-09-01","0.83","103.38","0.00802863223060553299"
"BCIA11","2023-10-01","0.85","100.12","0.00848981222532960447"
"BCIA11","2023-11-01","0.85","99.96","0.00850340136054421769"
"BCIA11","2023-12-01","0.85","103.96","0.00817622162370142362"
"BCIA11","2024-01-01","0.85","109.32","0.00777533845590925723"
"BCIA11","2024-02-01","0.85","108.45","0.00783771323190410327"
"BCIA11","2024-03-01","0.87","106.20","0.00819209039548022599"
"BCIA11","2024-04-01","0.87","103.00","0.00844660194174757282"
"BCIA11","2024-05-01","0.87","106.35","0.00818053596614950635"
"BCIA11","2024-06-01","0.87","102.60","0.00847953216374269006"
"BCIA11","2024-07-01","0.87","103.33","0.00841962643956256653"
"BCIA11","2024-08-01","0.87","103.03","0.00844414248277200815"
"BCIA11","2024-09-01","0.87","94.31","0.00922489661753790690"
"BCIA11","2024-10-01","0.87","90.68","0.00959417732686369652"
"BCIA11","2024-11-01","0.84","84.26","0.00996914312841205792"
"BCIA11","2024-12-01","0.84","86.96","0.00965961361545538178"
"BCIA11","2025-01-01","0.95","79.00","0.01202531645569620253"
"BCIA11","2025-02-01","0.84","83.60","0.01004784688995215311"
"BCIA11","2025-03-01","0.84","82.94","0.01012780323125150711"
"BCIA11","2025-04-01","0.84","88.21","0.00952272984922344405"
"BCIA11","2025-05-01","0.84","86.10","0.00975609756097560976"
"BCIA11","2025-06-01","0.84","86.79","0.00967853439336329070"
"BCIA11","2025-07-01","0.84","85.00","0.00988235294117647059"
"BCIA11","2025-08-01","0.84","84.36","0.00995732574679943101"
"BCIA11","2025-09-01","0.84","85.54","0.00981996726677577741"
"BCIA11","2025-10-01","0.84","84.35","0.00995850622406639004"
"BCIA11","2025-11-01","0.86","85.14","0.01010101010101010101"
"BCRI11","2021-10-01","1.11","107.87","0.01029016408640029665"
"BCRI11","2021-11-01","1.13","104.06","0.01085911973861233904"
"BCRI11","2021-12-01","1.15","108.10","0.01063829787234042553"
"BCRI11","2022-01-01","1.35","110.81","0.01218301597328760942"
"BCRI11","2022-02-01","1.25","110.80","0.01128158844765342960"
"BCRI11","2022-03-01","1.20","110.66","0.01084402674859931321"
"BCRI11","2022-04-01","1.35","110.30","0.01223934723481414325"
"BCRI11","2022-05-01","1.30","109.00","0.01192660550458715596"
"BCRI11","2022-06-01","1.45","109.63","0.01322630666788287877"
"BCRI11","2022-07-01","1.47","107.88","0.01362625139043381535"
"BCRI11","2022-08-01","1.35","104.98","0.01285959230329586588"
"BCRI11","2022-09-01","1.29","104.30","0.01236816874400767018"
"BCRI11","2022-10-01","1.10","103.03","0.01067650198971173445"
"BCRI11","2022-11-01","1.00","97.98","0.01020616452337211676"
"BCRI11","2022-12-01","1.00","95.31","0.01049207848074703599"
"BCRI11","2023-01-01","1.04","99.25","0.01047858942065491184"
"BCRI11","2023-02-01","1.00","94.79","0.01054963603755670429"
"BCRI11","2023-03-01","0.80","77.14","0.01037075447238786622"
"BCRI11","2023-04-01","0.86","68.41","0.01257126151147493057"
"BCRI11","2023-05-01","0.70","80.00","0.00875000000000000000"
"BCRI11","2023-06-01","0.80","79.78","0.01002757583354224116"
"BCRI11","2023-07-01","0.73","76.31","0.00956624295636220679"
"BCRI11","2023-08-01","0.69","70.90","0.00973201692524682652"
"BCRI11","2023-09-01","0.80","70.87","0.01128827430506561309"
"BCRI11","2023-10-01","0.70","68.87","0.01016407724698707710"
"BCRI11","2023-11-01","0.75","69.50","0.01079136690647482014"
"BCRI11","2023-12-01","0.75","74.67","0.01004419445560466051"
"BCRI11","2024-01-01","0.78",NULL,NULL
"BCRI11","2024-02-01","0.79","75.15","0.01051230871590153027"
"BCRI11","2024-03-01","0.72","74.55","0.00965794768611670020"
"BCRI11","2024-04-01","0.72","69.95","0.01029306647605432452"
"BCRI11","2024-05-01","0.80","69.39","0.01152903876639285200"
"BCRI11","2024-06-01","0.76","67.19","0.01131120702485488912"
"BCRI11","2024-07-01","0.75","66.93","0.01120573733751680861"
"BCRI11","2024-08-01","0.81","70.30","0.01152204836415362731"
"BCRI11","2024-09-01","0.81","67.10","0.01207153502235469449"
"BCRI11","2024-10-01","0.76","64.74","0.01173926475131294408"
"BCRI11","2024-11-01","0.84","62.81","0.01337366661359656106"
"BCRI11","2024-12-01","0.75","59.53","0.01259868973626742819"
"BCRI11","2025-01-01","0.78","59.89","0.01302387710803139088"
"BCRI11","2025-02-01","0.84","62.49","0.01344215074411905905"
"BCRI11","2025-03-01","0.77","68.29","0.01127544296383072192"
"BCRI11","2025-04-01","0.76","68.69","0.01106420148493230456"
"BCRI11","2025-05-01","0.81","68.88","0.01175958188153310105"
"BCRI11","2025-06-01","0.88","66.34","0.01326499849261380766"
"BCRI11","2025-07-01","0.85","65.04","0.01306888068880688807"
"BCRI11","2025-08-01","0.91","65.15","0.01396776669224865695"
"BCRI11","2025-09-01","0.83","63.82","0.01300532748354747728"
"BCRI11","2025-10-01","0.88","64.00","0.01375000000000000000"
"BCRI11","2025-11-01","0.92","63.89","0.01439974956957270308"
"BGRB11","2025-01-01","0.53",NULL,NULL
"BGRB11","2025-02-01","0.35",NULL,NULL
"BGRB11","2025-03-01","0.35",NULL,NULL
"BGRB11","2025-04-01","0.35",NULL,NULL
"BGRB11","2025-05-01","0.35",NULL,NULL
"BGRB11","2025-06-01","1.00",NULL,NULL
"BGRB11","2025-07-01","1.30","100.01","0.01299870012998700130"
"BGRB11","2025-08-01","0.30","105.00","0.00285714285714285714"
"BGRB11","2025-09-01","0.30","110.00","0.00272727272727272727"
"BGRB11","2025-10-01","0.15","113.97","0.00131613582521716241"
"BGRB11","2025-11-01","0.15",NULL,NULL
"BICE11","2021-12-01","67.59","1150.00","0.05877391304347826087"
"BICE11","2022-01-01","1.80","1000.00","0.00180000000000000000"
"BICE11","2022-02-01","5.40",NULL,NULL
"BICE11","2022-09-01","16.00","950.00","0.01684210526315789474"
"BICE11","2022-11-01","16.94","950.00","0.01783157894736842105"
"BICE11","2022-12-01","16.00","950.00","0.01684210526315789474"
"BICE11","2023-01-01","12.00","986.00","0.01217038539553752535"
"BICE11","2023-02-01","18.40","975.00","0.01887179487179487179"
"BICE11","2023-03-01","12.63","999.00","0.01264264264264264264"
"BICE11","2023-04-01","10.00",NULL,NULL
"BICE11","2023-05-01","10.00",NULL,NULL
"BICE11","2023-06-01","10.00",NULL,NULL
"BICE11","2023-07-01","10.00","1000.00","0.01000000000000000000"
"BICE11","2023-08-01","7.79","992.21","0.00785116054061136251"
"BICE11","2023-09-01","7.88","990.00","0.00795959595959595960"
"BICE11","2023-10-01","7.96","1000.00","0.00796000000000000000"
"BICE11","2023-11-01","6.40","992.00","0.00645161290322580645"
"BICE11","2023-12-01","6.27","980.00","0.00639795918367346939"
"BICE11","2024-01-01","6.64","900.01","0.00737769580337996244"
"BICE11","2024-02-01","16.04",NULL,NULL
"BICE11","2024-03-01","5.99","980.00","0.00611224489795918367"
"BICE11","2024-04-01","7.40","980.00","0.00755102040816326531"
"BICE11","2024-05-01","7.40","949.00","0.00779768177028451001"
"BICE11","2024-06-01","7.87","980.00","0.00803061224489795918"
"BICE11","2024-07-01","7.56","950.00","0.00795789473684210526"
"BICE11","2024-08-01","8.97","930.00","0.00964516129032258065"
"BICE11","2024-09-01","4.75","980.00","0.00484693877551020408"
"BICE11","2024-10-01","4.52","980.00","0.00461224489795918367"
"BICE11","2024-11-01","4.93","1000.00","0.00493000000000000000"
"BICE11","2024-12-01","9.71","980.00","0.00990816326530612245"
"BICE11","2025-01-01","8.90","900.00","0.00988888888888888889"
"BICE11","2025-02-01","6.48","899.95","0.00720040002222345686"
"BICE11","2025-03-01","6.55","899.00","0.00728587319243604004"
"BICE11","2025-04-01","3.57","895.43","0.00398691131635080352"
"BICE11","2025-05-01","3.57","900.00","0.00396666666666666667"
"BICE11","2025-06-01","3.57","900.00","0.00396666666666666667"
"BICE11","2025-07-01","3.57","899.00","0.00397107897664071190"
"BICE11","2025-08-01","4.66","900.00","0.00517777777777777778"
"BICE11","2025-09-01","1.00","895.00","0.00111731843575418994"
"BICE11","2025-10-01","6.75","888.25","0.00759921193357725865"
"BICE11","2025-11-01","5.50",NULL,NULL
"BIME11","2021-12-01","0.02","9.69","0.00206398348813209494"
"BIME11","2022-01-01","0.10","9.50","0.01052631578947368421"
"BIME11","2022-02-01","0.10","9.42","0.01061571125265392781"
"BIME11","2022-03-01","0.11","9.27","0.01186623516720604099"
"BIME11","2022-04-01","0.12","9.50","0.01263157894736842105"
"BIME11","2022-05-01","0.14","9.46","0.01479915433403805497"
"BIME11","2022-06-01","0.15","9.43","0.01590668080593849417"
"BIME11","2022-07-01","0.16","9.38","0.01705756929637526652"
"BIME11","2022-08-01","0.16","9.35","0.01711229946524064171"
"BIME11","2022-09-01","0.13","9.22","0.01409978308026030369"
"BIME11","2022-10-01","0.08","9.09","0.00880088008800880088"
"BIME11","2022-11-01","0.04","8.00","0.00500000000000000000"
"BIME11","2022-12-01","0.06","7.50","0.00800000000000000000"
"BIME11","2023-01-01","0.07","7.75","0.00903225806451612903"
"BIME11","2023-02-01","0.08","7.53","0.01062416998671978752"
"BIME11","2023-03-01","0.08","6.71","0.01192250372578241431"
"BIME11","2023-04-01","0.09","6.90","0.01304347826086956522"
"BIME11","2023-05-01","0.09","7.25","0.01241379310344827586"
"BIME11","2023-06-01","0.09","7.56","0.01190476190476190476"
"BIME11","2023-07-01","0.08","7.71","0.01037613488975356680"
"BIME11","2023-08-01","0.08","7.34","0.01089918256130790191"
"BIME11","2023-09-01","0.08","7.37","0.01085481682496607870"
"BIME11","2023-10-01","0.08","7.30","0.01095890410958904110"
"BIME11","2023-11-01","0.08","7.32","0.01092896174863387978"
"BIME11","2023-12-01","0.08","7.31","0.01094391244870041040"
"BIME11","2024-01-01","0.08","7.41","0.01079622132253711201"
"BIME11","2024-02-01","0.08","7.34","0.01089918256130790191"
"BIME11","2024-03-01","0.08","7.30","0.01095890410958904110"
"BIME11","2024-04-01","0.08","7.30","0.01095890410958904110"
"BIME11","2024-05-01","0.08","7.29","0.01097393689986282579"
"BIME11","2024-06-01","0.08","7.24","0.01104972375690607735"
"BIME11","2024-07-01","0.08","7.24","0.01104972375690607735"
"BIME11","2024-08-01","0.09","7.30","0.01232876712328767123"
"BIME11","2024-09-01","0.09","7.35","0.01224489795918367347"
"BIME11","2024-10-01","0.09","7.24","0.01243093922651933702"
"BIME11","2024-11-01","0.09","7.19","0.01251738525730180807"
"BIME11","2024-12-01","0.09","6.73","0.01337295690936106984"
"BIME11","2025-01-01","0.09","6.69","0.01345291479820627803"
"BIME11","2025-02-01","0.09","6.90","0.01304347826086956522"
"BIME11","2025-03-01","0.09","6.80","0.01323529411764705882"
"BIME11","2025-04-01","0.09","7.03","0.01280227596017069701"
"BIME11","2025-05-01","0.09","7.12","0.01264044943820224719"
"BIME11","2025-06-01","0.09","7.10","0.01267605633802816901"
"BIME11","2025-07-01","0.09","6.99","0.01287553648068669528"
"BIME11","2025-08-01","0.09","7.05","0.01276595744680851064"
"BIME11","2025-09-01","0.08","7.01","0.01141226818830242511"
"BIME11","2025-10-01","0.07","6.80","0.01029411764705882353"
"BIME11","2025-11-01","0.07","6.11","0.01145662847790507365"
"BIPD11","2025-07-01","21.19","1000.00","0.02119000000000000000"
"BIPD11","2025-08-01","27.17",NULL,NULL
"BLCA11","2022-01-01","0.53","100.00","0.00530000000000000000"
"BLCA11","2022-02-01","0.53","99.99","0.00530053005300530053"
"BLCA11","2022-03-01","0.51","97.99","0.00520461271558322278"
"BLCA11","2022-04-01","0.51","99.99","0.00510051005100510051"
"BLCA11","2022-05-01","0.51","97.50","0.00523076923076923077"
"BLCA11","2022-06-01","0.51","95.00","0.00536842105263157895"
"BLCA11","2022-07-01","0.51","91.49","0.00557437971362990491"
"BLCA11","2022-08-01","0.51","91.49","0.00557437971362990491"
"BLCA11","2022-09-01","0.56","90.00","0.00622222222222222222"
"BLCA11","2022-10-01","0.55","89.90","0.00611790878754171301"
"BLCA11","2022-11-01","0.56","89.90","0.00622914349276974416"
"BLCA11","2022-12-01","0.56","100.00","0.00560000000000000000"
"BLCA11","2023-01-01","0.56","90.00","0.00622222222222222222"
"BLCA11","2023-02-01","0.57","115.00","0.00495652173913043478"
"BLCA11","2023-03-01","0.58","110.00","0.00527272727272727273"
"BLCA11","2023-04-01","0.57","110.00","0.00518181818181818182"
"BLCA11","2023-05-01","0.57","138.74","0.00410840420931238287"
"BLCA11","2023-06-01","0.57","137.00","0.00416058394160583942"
"BLCA11","2023-07-01","0.57","132.00","0.00431818181818181818"
"BLCA11","2023-08-01","0.57","129.00","0.00441860465116279070"
"BLCA11","2023-09-01","0.57","140.00","0.00407142857142857143"
"BLCA11","2023-10-01","0.57","120.00","0.00475000000000000000"
"BLCA11","2023-11-01","0.56","125.00","0.00448000000000000000"
"BLCA11","2023-12-01","13.07","133.01","0.09826328847455078566"
"BLCA11","2024-02-01","0.49","109.87","0.00445981614635478293"
"BLCA11","2024-03-01","5.19","113.26","0.04582376832067808582"
"BLCA11","2024-04-01","0.50","107.80","0.00463821892393320965"
"BLCA11","2024-05-01","0.50","107.33","0.00465852976800521755"
"BLCA11","2024-06-01","0.50","100.00","0.00500000000000000000"
"BLCA11","2024-07-01","0.50","100.00","0.00500000000000000000"
"BLCA11","2024-08-01","0.55","100.15","0.00549176235646530205"
"BLCA11","2024-09-01","0.50","99.60","0.00502008032128514056"
"BLCA11","2024-10-01","0.50","98.94","0.00505356781888012937"
"BLCA11","2024-11-01","0.50","97.00","0.00515463917525773196"
"BLCA11","2024-12-01","0.50","115.95","0.00431220353600689953"
"BLCA11","2025-01-01","0.50","91.95","0.00543773790103317020"
"BLCA11","2025-02-01","0.50","90.49","0.00552547242789258482"
"BLCA11","2025-03-01","0.50","90.01","0.00555493834018442395"
"BLCA11","2025-04-01","0.50","95.46","0.00523779593547035408"
"BLCA11","2025-05-01","0.50","89.15","0.00560852495793606282"
"BLCA11","2025-06-01","0.50","96.76","0.00516742455560148822"
"BLCA11","2025-07-01","0.50","94.54","0.00528876665961497779"
"BLCA11","2025-08-01","0.85","91.49","0.00929063285604984151"
"BLCA11","2025-09-01","0.50","94.12","0.00531236719082022949"
"BLCA11","2025-10-01","0.50","91.66","0.00545494217761291730"
"BLCA11","2025-11-01","0.50","89.11","0.00561104253170239030"
"BLMG11","2021-10-01","0.90","96.64","0.00931291390728476821"
"BLMG11","2021-11-01","0.90","92.08","0.00977410947002606429"
"BLMG11","2021-12-01","0.90","93.60","0.00961538461538461538"
"BLMG11","2022-01-01","0.90","92.60","0.00971922246220302376"
"BLMG11","2022-02-01","0.80","91.56","0.00873743993010048056"
"BLMG11","2022-03-01","0.80","81.90","0.00976800976800976801"
"BLMG11","2022-04-01","0.80","86.94","0.00920174833218311479"
"BLMG11","2022-05-01","0.80","83.77","0.00954995821893279217"
"BLMG11","2022-06-01","0.80","79.00","0.01012658227848101266"
"BLMG11","2022-07-01","0.80","75.99","0.01052770101329122253"
"BLMG11","2022-08-01","0.80","83.00","0.00963855421686746988"
"BLMG11","2022-09-01","0.80","86.73","0.00922402859448864291"
"BLMG11","2022-10-01","0.80","86.61","0.00923680868260016164"
"BLMG11","2022-11-01","0.80","73.80","0.01084010840108401084"
"BLMG11","2022-12-01","0.80","74.51","0.01073681385048986713"
"BLMG11","2023-01-01","0.80","73.02","0.01095590249246781704"
"BLMG11","2023-02-01","0.79","67.48","0.01170717249555423829"
"BLMG11","2023-03-01","0.78","60.13","0.01297189422917013138"
"BLMG11","2023-04-01","0.76","63.11","0.01204246553636507685"
"BLMG11","2023-05-01","0.74","67.93","0.01089356690711026056"
"BLMG11","2023-06-01","0.72","68.48","0.01051401869158878505"
"BLMG11","2023-07-01","0.71","68.55","0.01035740335521517141"
"BLMG11","2023-08-01","0.70","61.77","0.01133236198802007447"
"BLMG11","2023-09-01","0.70","57.72","0.01212751212751212751"
"BLMG11","2023-10-01","0.68","54.75","0.01242009132420091324"
"BLMG11","2023-11-01","0.66","50.37","0.01310303752233472305"
"BLMG11","2023-12-01","0.30","40.80","0.00735294117647058824"
"BLMG11","2024-01-01","0.44","39.50","0.01113924050632911392"
"BLMG11","2024-02-01","1.81","39.64","0.04566094853683148335"
"BLMG11","2024-03-01","0.44","39.17","0.01123308654582588716"
"BLMG11","2024-04-01","0.44","38.66","0.01138127263321262287"
"BLMG11","2024-05-01","0.45","38.58","0.01166407465007776050"
"BLMG11","2024-06-01","0.45","39.16","0.01149131767109295199"
"BLMG11","2024-07-01","0.45","38.10","0.01181102362204724409"
"BLMG11","2024-08-01","0.50","42.34","0.01180916391119508739"
"BLMG11","2024-09-01","0.50","39.07","0.01279754287176862042"
"BLMG11","2024-10-01","0.50","33.20","0.01506024096385542169"
"BLMG11","2024-11-01","0.50","32.40","0.01543209876543209877"
"BLMG11","2025-01-01","0.90","29.52","0.03048780487804878049"
"BLMG11","2025-02-01","0.35","28.30","0.01236749116607773852"
"BLMG11","2025-03-01","0.35","32.00","0.01093750000000000000"
"BLMG11","2025-04-01","0.35","33.39","0.01048218029350104822"
"BLMG11","2025-05-01","0.35","38.25","0.00915032679738562092"
"BLMG11","2025-06-01","0.35","38.00","0.00921052631578947368"
"BLMG11","2025-07-01","0.35","33.36","0.01049160671462829736"
"BLMG11","2025-08-01","0.36","32.00","0.01125000000000000000"
"BLMG11","2025-09-01","0.36","33.17","0.01085318058486584263"
"BLMG11","2025-10-01","0.36","32.33","0.01113516857407980204"
"BLMG11","2025-11-01","0.36","32.62","0.01103617412630288167"
"BLMO11","2022-02-01","17.51","25998.98","0.00067348795991227348"
"BLMO11","2022-03-01","5.17","25993.81","0.00019889350580003470"
"BLMO11","2022-04-01","17.51","24900.00","0.00070321285140562249"
"BLMO11","2022-05-01","17.51","24799.98","0.00070604895649109394"
"BLMO11","2022-06-01","14.13","24785.85","0.00057008333383765334"
"BLMO11","2022-07-01","10.27","24999.00","0.00041081643265730629"
"BLMO11","2022-08-01","37.45","23998.00","0.00156054671222601883"
"BLMO11","2022-09-01","37.45","22000.00","0.00170227272727272727"
"BLMO11","2022-10-01","32.67","20000.00","0.00163350000000000000"
"BLMO11","2022-11-01","26.02",NULL,NULL
"BLMO11","2022-12-01","26.02",NULL,NULL
"BLMO11","2023-01-01","36.21",NULL,NULL
"BLMO11","2023-02-01","38.00","21000.00","0.00180952380952380952"
"BLMO11","2023-03-01","50.00","20999.00","0.00238106576503643031"
"BLMO11","2023-04-01","50.00",NULL,NULL
"BLMO11","2023-05-01","70.00",NULL,NULL
"BLMO11","2023-06-01","90.00",NULL,NULL
"BLMO11","2023-07-01","151.00",NULL,NULL
"BLMO11","2023-08-01","100.00","19000.00","0.00526315789473684211"
"BLMO11","2023-09-01","102.00","18000.00","0.00566666666666666667"
"BLMO11","2023-10-01","102.00",NULL,NULL
"BLMO11","2023-11-01","108.00","17000.00","0.00635294117647058824"
"BLMO11","2023-12-01","108.00","70.00","1.5428571428571429"
"BLMO11","2024-01-01","0.43","90.89","0.00473099350863681373"
"BLMO11","2024-02-01","0.44","89.98","0.00488997555012224939"
"BLMO11","2024-03-01","0.44","87.00","0.00505747126436781609"
"BLMO11","2024-04-01","0.44","89.55","0.00491345616973757677"
"BLMO11","2024-05-01","0.44","88.00","0.00500000000000000000"
"BLMO11","2024-06-01","0.44","85.97","0.00511806444108409910"
"BLMO11","2024-07-01","0.45","79.00","0.00569620253164556962"
"BLMO11","2024-08-01","0.45","77.99","0.00576997050903962046"
"BLMO11","2024-09-01","0.45","73.75","0.00610169491525423729"
"BLMO11","2024-10-01","0.45","72.95","0.00616860863605209047"
"BLMO11","2024-11-01","0.45","72.99","0.00616522811344019729"
"BLMO11","2024-12-01","0.45","74.48","0.00604189044038668099"
"BLMO11","2025-01-01","0.45","79.80","0.00563909774436090226"
"BLMO11","2025-02-01","0.46","76.97","0.00597635442380148110"
"BLMO11","2025-03-01","0.46","77.80","0.00591259640102827763"
"BLMO11","2025-04-01","0.46","79.99","0.00575071883985498187"
"BLMO11","2025-05-01","0.58","80.00","0.00725000000000000000"
