"ticker","traded_at","close_price","adj_close_price","open","daily_variation_pct","max_price","min_price","created_at","updated_at"
"SNCI11","2025-10-27 00:00:00","80.80","80.80","80.88","-0.10","81.01","80.20","2025-10-28 00:00:00","2025-10-28 00:00:00"
"HBCR11","2025-10-27 00:00:00","135.50","135.50","135.50","0.00","135.50","135.50","2025-10-28 00:00:00","2025-10-28 00:00:00"
"CXTL11","2025-10-27 00:00:00","302.04","302.04","302.04","0.00","302.04","302.04","2025-10-28 00:00:00","2025-10-28 00:00:00"
"SNLG11","2025-10-27 00:00:00","1.05","1.05","0.96","9.38","1.20","0.96","2025-10-28 00:00:00","2025-10-28 00:00:00"
"PLAG11","2025-10-27 00:00:00","48.50","48.50","48.72","-0.45","48.74","48.38","2025-10-28 00:00:00","2025-10-28 00:00:00"
"TGAR11","2025-10-27 00:00:00","86.10","86.10","86.13","-0.03","87.04","85.90","2025-10-28 00:00:00","2025-10-28 00:00:00"
"VTLT11","2025-10-27 00:00:00","87.22","87.22","87.43","-0.24","87.43","86.30","2025-10-28 00:00:00","2025-10-28 00:00:00"
"CPSH11","2025-10-27 00:00:00","10.12","10.12","10.13","-0.10","10.14","10.02","2025-10-28 00:00:00","2025-10-28 00:00:00"
"RPRI11","2025-10-27 00:00:00","84.25","84.25","84.35","-0.12","85.04","83.84","2025-10-28 00:00:00","2025-10-28 00:00:00"
"CLIN11","2025-10-27 00:00:00","87.15","87.15","87.59","-0.50","87.72","86.80","2025-10-28 00:00:00","2025-10-28 00:00:00"
"APTO11","2025-10-27 00:00:00","8.41","8.41","8.47","-0.71","8.48","8.35","2025-10-28 00:00:00","2025-10-28 00:00:00"
"PORD11","2025-10-27 00:00:00","8.05","8.05","8.08","-0.37","8.09","8.01","2025-10-28 00:00:00","2025-10-28 00:00:00"
"RZAT11","2025-10-27 00:00:00","87.69","87.69","87.01","0.78","88.01","86.90","2025-10-28 00:00:00","2025-10-28 00:00:00"
"AJFI11","2025-10-27 00:00:00","7.68","7.68","7.65","0.39","7.69","7.64","2025-10-28 00:00:00","2025-10-28 00:00:00"
"EMET11","2025-10-27 00:00:00","10.39","10.39","9.81","5.91","10.39","9.81","2025-10-28 00:00:00","2025-10-28 00:00:00"
"PMLL11","2025-10-27 00:00:00","101.71","101.71","101.99","-0.27","102.50","101.35","2025-10-28 00:00:00","2025-10-28 00:00:00"
"GARE11","2025-10-27 00:00:00","8.94","8.94","8.97","-0.33","8.97","8.92","2025-10-28 00:00:00","2025-10-28 00:00:00"
"RELG11","2025-10-27 00:00:00","64.66","64.66","65.46","-1.22","65.46","64.51","2025-10-28 00:00:00","2025-10-28 00:00:00"
"HUSC11","2025-10-27 00:00:00","93.00","93.00","92.76","0.26","94.96","92.56","2025-10-28 00:00:00","2025-10-28 00:00:00"
"ALZR11","2025-10-27 00:00:00","10.58","10.58","10.63","-0.47","10.64","10.57","2025-10-28 00:00:00","2025-10-28 00:00:00"
"HREC11","2025-10-27 00:00:00","8.48","8.48","8.47","0.12","8.48","8.35","2025-10-28 00:00:00","2025-10-28 00:00:00"
"KNHY11","2025-10-27 00:00:00","99.96","99.96","100.26","-0.30","100.26","99.63","2025-10-28 00:00:00","2025-10-28 00:00:00"
"CPUR11","2025-10-27 00:00:00","10.49","10.49","10.49","0.00","10.50","10.45","2025-10-28 00:00:00","2025-10-28 00:00:00"
"ZAGH11","2025-10-27 00:00:00","10.20","10.20","10.15","0.49","10.44","10.15","2025-10-28 00:00:00","2025-10-28 00:00:00"
"HPDP11","2025-10-27 00:00:00","92.50","92.50","92.14","0.39","98.84","90.01","2025-10-28 00:00:00","2025-10-28 00:00:00"
"BCRI11","2025-10-27 00:00:00","63.50","63.50","63.81","-0.49","63.81","63.50","2025-10-28 00:00:00","2025-10-28 00:00:00"
"HGPO11","2025-10-27 00:00:00","142.25","142.25","142.99","-0.52","143.00","141.74","2025-10-28 00:00:00","2025-10-28 00:00:00"
"BMLC11","2025-10-27 00:00:00","93.50","93.50","92.68","0.88","93.50","92.66","2025-10-28 00:00:00","2025-10-28 00:00:00"
"BBFO11","2025-10-27 00:00:00","62.16","62.16","62.44","-0.45","62.59","62.15","2025-10-28 00:00:00","2025-10-28 00:00:00"
"BROF11","2025-10-27 00:00:00","52.50","52.50","52.75","-0.47","52.75","51.92","2025-10-28 00:00:00","2025-10-28 00:00:00"
"KIVO11","2025-10-27 00:00:00","62.40","62.40","62.43","-0.05","62.43","61.91","2025-10-28 00:00:00","2025-10-28 00:00:00"
"NEWL11","2025-10-27 00:00:00","103.80","103.80","103.82","-0.02","103.82","102.75","2025-10-28 00:00:00","2025-10-28 00:00:00"
"GTWR11","2025-10-27 00:00:00","76.29","76.29","75.99","0.39","76.48","75.99","2025-10-28 00:00:00","2025-10-28 00:00:00"
"VRTA11","2025-10-27 00:00:00","77.80","77.80","76.98","1.07","77.80","76.52","2025-10-28 00:00:00","2025-10-28 00:00:00"
"FIGS11","2025-10-27 00:00:00","48.00","48.00","47.86","0.29","48.00","47.86","2025-10-28 00:00:00","2025-10-28 00:00:00"
"HOFC11","2025-10-27 00:00:00","28.10","28.10","28.94","-2.90","28.98","28.10","2025-10-28 00:00:00","2025-10-28 00:00:00"
"VGIR11","2025-10-27 00:00:00","9.37","9.37","9.38","-0.11","9.39","9.34","2025-10-28 00:00:00","2025-10-28 00:00:00"
"BLMG11","2025-10-27 00:00:00","33.70","33.70","33.74","-0.12","33.97","33.37","2025-10-28 00:00:00","2025-10-28 00:00:00"
"FYTO11","2025-10-27 00:00:00","7.93","7.93","7.97","-0.50","7.98","7.90","2025-10-28 00:00:00","2025-10-28 00:00:00"
"ITIT11","2025-10-27 00:00:00","68.99","68.99","68.94","0.07","69.50","68.80","2025-10-28 00:00:00","2025-10-28 00:00:00"
"PMIS11","2025-10-27 00:00:00","7.84","7.84","7.79","0.64","7.85","7.79","2025-10-28 00:00:00","2025-10-28 00:00:00"
"BRIM11","2025-10-27 00:00:00","302.61","302.61","322.40","-6.14","328.96","302.61","2025-10-28 00:00:00","2025-10-28 00:00:00"
"FVPQ11","2025-10-27 00:00:00","65.73","65.73","65.50","0.35","65.75","65.50","2025-10-28 00:00:00","2025-10-28 00:00:00"
"ATSA11","2025-10-27 00:00:00","50.99","50.99","50.11","1.76","50.99","50.11","2025-10-28 00:00:00","2025-10-28 00:00:00"
"HSRE11","2025-10-27 00:00:00","101.49","101.49","101.50","-0.01","101.50","100.18","2025-10-28 00:00:00","2025-10-28 00:00:00"
"SHOP11","2025-10-27 00:00:00","35.00","35.00","34.88","0.34","35.00","34.88","2025-10-28 00:00:00","2025-10-28 00:00:00"
"RBRS11","2025-10-27 00:00:00","43.63","43.63","43.63","0.00","43.63","43.63","2025-10-28 00:00:00","2025-10-28 00:00:00"
"RZLC11","2025-10-27 00:00:00","1011.38","1011.38","1011.36","0.00","1011.38","1011.36","2025-10-28 00:00:00","2025-10-28 00:00:00"
"VSHO11","2025-10-27 00:00:00","73.23","73.23","73.10","0.18","73.23","73.10","2025-10-28 00:00:00","2025-10-28 00:00:00"
"XPIN11","2025-10-27 00:00:00","74.01","74.01","74.60","-0.79","74.62","74.01","2025-10-28 00:00:00","2025-10-28 00:00:00"
"LASC11","2025-10-27 00:00:00","101.00","101.00","100.01","0.99","101.00","99.50","2025-10-28 00:00:00","2025-10-28 00:00:00"
"MCEM11","2025-10-27 00:00:00","65.77","65.77","65.76","0.02","65.77","65.76","2025-10-28 00:00:00","2025-10-28 00:00:00"
"PQDP11","2025-10-27 00:00:00","2325.60","2325.60","2346.99","-0.91","2346.99","2325.01","2025-10-28 00:00:00","2025-10-28 00:00:00"
"HSML11","2025-10-27 00:00:00","85.50","85.50","85.31","0.22","85.69","84.71","2025-10-28 00:00:00","2025-10-28 00:00:00"
"FIIP11","2025-10-27 00:00:00","151.90","151.90","154.44","-1.64","154.44","150.10","2025-10-28 00:00:00","2025-10-28 00:00:00"
"SNFF11","2025-10-27 00:00:00","69.60","69.60","70.35","-1.07","70.45","69.40","2025-10-28 00:00:00","2025-10-28 00:00:00"
"VGHF11","2025-10-27 00:00:00","7.56","7.56","7.62","-0.79","7.62","7.54","2025-10-28 00:00:00","2025-10-28 00:00:00"
"DAMT11","2025-10-27 00:00:00","13.00","13.00","9.01","44.28","13.00","9.01","2025-10-28 00:00:00","2025-10-28 00:00:00"
"ARRI11","2025-10-27 00:00:00","6.54","6.54","6.52","0.31","6.55","6.50","2025-10-28 00:00:00","2025-10-28 00:00:00"
"SNME11","2025-10-27 00:00:00","9.30","9.30","9.38","-0.85","9.55","9.26","2025-10-28 00:00:00","2025-10-28 00:00:00"
"CPLG11","2025-10-27 00:00:00","12.37","12.37","12.39","-0.16","12.39","12.16","2025-10-28 00:00:00","2025-10-28 00:00:00"
"CXCI11","2025-10-27 00:00:00","66.02","66.02","66.19","-0.26","66.53","65.53","2025-10-28 00:00:00","2025-10-28 00:00:00"
"RBRY11","2025-10-27 00:00:00","95.00","95.00","95.29","-0.30","95.31","94.92","2025-10-28 00:00:00","2025-10-28 00:00:00"
"WHGR11","2025-10-27 00:00:00","8.95","8.95","8.88","0.79","9.02","8.84","2025-10-28 00:00:00","2025-10-28 00:00:00"
"OULG11","2025-10-27 00:00:00","40.85","40.85","40.10","1.87","41.76","40.10","2025-10-28 00:00:00","2025-10-28 00:00:00"
"RECR11","2025-10-27 00:00:00","77.34","77.34","77.34","0.00","77.80","76.96","2025-10-28 00:00:00","2025-10-28 00:00:00"
"JPPA11","2025-10-27 00:00:00","78.14","78.14","78.50","-0.46","78.80","78.07","2025-10-28 00:00:00","2025-10-28 00:00:00"
"JCCJ11","2025-10-27 00:00:00","156.50","156.50","157.90","-0.89","157.90","156.50","2025-10-28 00:00:00","2025-10-28 00:00:00"
"RBRP11","2025-10-27 00:00:00","51.54","51.54","51.30","0.47","51.54","51.00","2025-10-28 00:00:00","2025-10-28 00:00:00"
"RECD11","2025-10-27 00:00:00","8.30","8.30","8.30","0.00","8.30","8.30","2025-10-28 00:00:00","2025-10-28 00:00:00"
"PQAG11","2025-10-27 00:00:00","55.18","55.18","54.74","0.80","55.18","54.74","2025-10-28 00:00:00","2025-10-28 00:00:00"
"FLCR11","2025-10-27 00:00:00","95.19","95.19","95.54","-0.37","95.55","94.00","2025-10-28 00:00:00","2025-10-28 00:00:00"
"BRIP11","2025-10-27 00:00:00","600.00","600.00","610.00","-1.64","629.98","600.00","2025-10-28 00:00:00","2025-10-28 00:00:00"
"AIEC11","2025-10-27 00:00:00","52.35","52.35","51.86","0.94","53.89","51.85","2025-10-28 00:00:00","2025-10-28 00:00:00"
"WSEC11","2025-10-27 00:00:00","2.25","2.25","2.33","-3.43","2.50","2.21","2025-10-28 00:00:00","2025-10-28 00:00:00"
"SAPI11","2025-10-27 00:00:00","8.88","8.88","8.84","0.45","8.88","8.80","2025-10-28 00:00:00","2025-10-28 00:00:00"
"MAXR11","2025-10-27 00:00:00","64.65","64.65","64.63","0.03","64.70","64.12","2025-10-28 00:00:00","2025-10-28 00:00:00"
"FAED11","2025-10-27 00:00:00","146.21","146.21","146.00","0.14","148.34","146.00","2025-10-28 00:00:00","2025-10-28 00:00:00"
"LIFE11","2025-10-27 00:00:00","8.19","8.19","8.19","0.00","8.20","8.15","2025-10-28 00:00:00","2025-10-28 00:00:00"
"ITRI11","2025-10-27 00:00:00","78.40","78.40","78.67","-0.34","79.04","78.36","2025-10-28 00:00:00","2025-10-28 00:00:00"
"BBRC11","2025-10-27 00:00:00","98.50","98.50","98.78","-0.28","98.85","97.80","2025-10-28 00:00:00","2025-10-28 00:00:00"
"KCRE11","2025-10-27 00:00:00","8.46","8.46","8.49","-0.35","8.49","8.42","2025-10-28 00:00:00","2025-10-28 00:00:00"
"CXRI11","2025-10-27 00:00:00","63.00","63.00","61.71","2.09","63.12","61.71","2025-10-28 00:00:00","2025-10-28 00:00:00"
"DEVA11","2025-10-27 00:00:00","25.10","25.10","25.07","0.12","25.10","24.95","2025-10-28 00:00:00","2025-10-28 00:00:00"
"TMPS11","2025-10-27 00:00:00","81.25","81.25","80.89","0.45","82.30","80.81","2025-10-28 00:00:00","2025-10-28 00:00:00"
"FIIB11","2025-10-27 00:00:00","495.46","495.46","496.00","-0.11","496.50","494.99","2025-10-28 00:00:00","2025-10-28 00:00:00"
"XPSF11","2025-10-27 00:00:00","6.16","6.16","6.18","-0.32","6.24","6.16","2025-10-28 00:00:00","2025-10-28 00:00:00"
"XPCI11","2025-10-27 00:00:00","84.01","84.01","83.95","0.07","84.38","83.80","2025-10-28 00:00:00","2025-10-28 00:00:00"
"APXM11","2025-10-27 00:00:00","74.50","74.50","76.90","-3.12","76.90","74.00","2025-10-28 00:00:00","2025-10-28 00:00:00"
"VPPR11","2025-10-27 00:00:00","14.80","14.80","14.71","0.61","14.80","14.70","2025-10-28 00:00:00","2025-10-28 00:00:00"
"HCHG11","2025-10-27 00:00:00","77.91","77.91","79.19","-1.62","79.19","77.91","2025-10-28 00:00:00","2025-10-28 00:00:00"
"FPAB11","2025-10-27 00:00:00","225.50","225.50","203.99","10.54","225.50","202.51","2025-10-28 00:00:00","2025-10-28 00:00:00"
"TOPP11","2025-10-27 00:00:00","69.00","69.00","68.90","0.15","69.59","68.70","2025-10-28 00:00:00","2025-10-28 00:00:00"
"MCRE11","2025-10-27 00:00:00","8.76","8.76","8.71","0.57","8.78","8.70","2025-10-28 00:00:00","2025-10-28 00:00:00"
"TRBL11","2025-10-27 00:00:00","63.50","63.50","63.08","0.67","63.62","62.55","2025-10-28 00:00:00","2025-10-28 00:00:00"
"KNHF11","2025-10-27 00:00:00","93.17","93.17","93.59","-0.45","93.78","92.59","2025-10-28 00:00:00","2025-10-28 00:00:00"
"FLMA11","2025-10-27 00:00:00","144.52","144.52","145.76","-0.85","146.56","144.05","2025-10-28 00:00:00","2025-10-28 00:00:00"
"PATL11","2025-10-27 00:00:00","60.63","60.63","60.30","0.55","60.96","60.14","2025-10-28 00:00:00","2025-10-28 00:00:00"
"VXXV11","2025-10-27 00:00:00","683.00","683.00","683.00","0.00","683.00","683.00","2025-10-28 00:00:00","2025-10-28 00:00:00"
"EXES11","2025-10-27 00:00:00","9.69","9.69","9.70","-0.10","9.70","9.65","2025-10-28 00:00:00","2025-10-28 00:00:00"
"TJKB11","2025-10-27 00:00:00","248.00","248.00","248.25","-0.10","248.25","248.00","2025-10-28 00:00:00","2025-10-28 00:00:00"
"CACR11","2025-10-27 00:00:00","77.50","77.50","76.50","1.31","77.60","76.02","2025-10-28 00:00:00","2025-10-28 00:00:00"
"IBBP11","2025-10-27 00:00:00","8.05","8.05","8.05","0.00","8.05","8.05","2025-10-28 00:00:00","2025-10-28 00:00:00"
"KNUQ11","2025-10-27 00:00:00","104.27","104.27","104.13","0.13","104.35","103.82","2025-10-28 00:00:00","2025-10-28 00:00:00"
"GSFI11","2025-10-27 00:00:00","9.50","9.50","9.48","0.21","9.50","9.10","2025-10-28 00:00:00","2025-10-28 00:00:00"
"JFLL11","2025-10-27 00:00:00","69.10","69.10","68.75","0.51","69.10","68.65","2025-10-28 00:00:00","2025-10-28 00:00:00"
"INLG11","2025-10-27 00:00:00","74.08","74.08","74.06","0.03","74.69","73.97","2025-10-28 00:00:00","2025-10-28 00:00:00"
"GAME11","2025-10-27 00:00:00","8.40","8.40","8.47","-0.83","8.47","8.39","2025-10-28 00:00:00","2025-10-28 00:00:00"
"ZAVC11","2025-10-27 00:00:00","9.18","9.18","9.15","0.33","9.65","9.15","2025-10-28 00:00:00","2025-10-28 00:00:00"
"XPML11","2025-10-27 00:00:00","105.28","105.28","104.69","0.56","105.37","104.59","2025-10-28 00:00:00","2025-10-28 00:00:00"
"EGYR11","2025-10-27 00:00:00","3.09","3.09","3.14","-1.59","3.14","2.90","2025-10-28 00:00:00","2025-10-28 00:00:00"
"CEOC11","2025-10-27 00:00:00","43.80","43.80","43.63","0.39","44.10","43.63","2025-10-28 00:00:00","2025-10-28 00:00:00"
"GFDL11","2025-10-27 00:00:00","107.53","107.53","107.53","0.00","107.53","107.53","2025-10-28 00:00:00","2025-10-28 00:00:00"
"RINV11","2025-10-27 00:00:00","102.97","102.97","102.92","0.05","102.99","94.00","2025-10-28 00:00:00","2025-10-28 00:00:00"
"BLUE11","2025-10-27 00:00:00","218.99","218.99","218.99","0.00","218.99","218.99","2025-10-28 00:00:00","2025-10-28 00:00:00"
"EURO11","2025-10-27 00:00:00","276.00","276.00","266.01","3.76","276.00","266.01","2025-10-28 00:00:00","2025-10-28 00:00:00"
"SPXS11","2025-10-27 00:00:00","8.43","8.43","8.44","-0.12","8.45","8.39","2025-10-28 00:00:00","2025-10-28 00:00:00"
"EDGA11","2025-10-27 00:00:00","14.90","14.90","15.00","-0.67","15.00","14.85","2025-10-28 00:00:00","2025-10-28 00:00:00"
"BCIA11","2025-10-27 00:00:00","84.00","84.00","84.43","-0.51","84.43","83.66","2025-10-28 00:00:00","2025-10-28 00:00:00"
"VVCO11","2025-10-27 00:00:00","14.79","14.79","14.79","0.00","14.80","14.79","2025-10-28 00:00:00","2025-10-28 00:00:00"
"VOTS11","2025-10-27 00:00:00","77.15","77.15","77.09","0.08","77.15","74.61","2025-10-28 00:00:00","2025-10-28 00:00:00"
"SMRE11","2025-10-27 00:00:00","78.51","78.51","78.70","-0.24","78.80","78.10","2025-10-28 00:00:00","2025-10-28 00:00:00"
"GLPF11","2025-10-27 00:00:00","105.67","105.67","105.67","0.00","105.67","105.67","2025-10-28 00:00:00","2025-10-28 00:00:00"
"DVFF11","2025-10-27 00:00:00","5.77","5.77","5.80","-0.52","5.81","5.73","2025-10-28 00:00:00","2025-10-28 00:00:00"
"HGIC11","2025-10-27 00:00:00","63.02","63.02","62.64","0.61","65.00","62.64","2025-10-28 00:00:00","2025-10-28 00:00:00"
"INRD11","2025-10-27 00:00:00","75.98","75.98","77.09","-1.44","77.09","74.37","2025-10-28 00:00:00","2025-10-28 00:00:00"
"CCME11","2025-10-27 00:00:00","8.66","8.66","8.75","-1.03","8.75","8.66","2025-10-28 00:00:00","2025-10-28 00:00:00"
"CXCE11","2025-10-27 00:00:00","40.50","40.50","40.76","-0.64","40.76","40.40","2025-10-28 00:00:00","2025-10-28 00:00:00"
"FLRP11","2025-10-27 00:00:00","20.79","20.79","20.53","1.27","20.80","20.33","2025-10-28 00:00:00","2025-10-28 00:00:00"
"HTMX11","2025-10-27 00:00:00","138.78","138.78","138.55","0.17","138.92","138.20","2025-10-28 00:00:00","2025-10-28 00:00:00"
"BTRA11","2025-10-27 00:00:00","58.17","58.17","57.09","1.89","58.45","56.15","2025-10-28 00:00:00","2025-10-28 00:00:00"
"KNRI11","2025-10-27 00:00:00","146.85","146.85","145.47","0.95","146.85","145.47","2025-10-28 00:00:00","2025-10-28 00:00:00"
"RENV11","2025-10-27 00:00:00","5.40","5.40","5.80","-6.90","5.80","5.36","2025-10-28 00:00:00","2025-10-28 00:00:00"
"FMOF11","2025-10-27 00:00:00","42.00","42.00","42.40","-0.94","42.40","42.00","2025-10-28 00:00:00","2025-10-28 00:00:00"
"PVBI11","2025-10-27 00:00:00","74.57","74.57","74.99","-0.56","75.75","74.30","2025-10-28 00:00:00","2025-10-28 00:00:00"
"RECM11","2025-10-27 00:00:00","8.30","8.30","8.39","-1.07","8.40","8.26","2025-10-28 00:00:00","2025-10-28 00:00:00"
"HAAA11","2025-10-27 00:00:00","48.03","48.03","48.03","0.00","48.03","48.03","2025-10-28 00:00:00","2025-10-28 00:00:00"
"CBOP11","2025-10-27 00:00:00","31.98","31.98","32.00","-0.06","32.00","29.40","2025-10-28 00:00:00","2025-10-28 00:00:00"
"RBIR11","2025-10-27 00:00:00","92.19","92.19","93.88","-1.80","93.88","92.07","2025-10-28 00:00:00","2025-10-28 00:00:00"
"SPTW11","2025-10-27 00:00:00","35.60","35.60","35.59","0.03","35.60","35.04","2025-10-28 00:00:00","2025-10-28 00:00:00"
"VCRR11","2025-10-27 00:00:00","68.98","68.98","67.09","2.82","68.99","66.95","2025-10-28 00:00:00","2025-10-28 00:00:00"
"CRFF11","2025-10-27 00:00:00","74.80","74.80","74.01","1.07","74.80","72.00","2025-10-28 00:00:00","2025-10-28 00:00:00"
"HGLG11","2025-10-27 00:00:00","158.51","158.51","159.45","-0.59","159.97","158.30","2025-10-28 00:00:00","2025-10-28 00:00:00"
"RNGO11","2025-10-27 00:00:00","51.14","51.14","51.65","-0.99","51.65","51.00","2025-10-28 00:00:00","2025-10-28 00:00:00"
"VIUR11","2025-10-27 00:00:00","5.74","5.74","5.65","1.59","5.74","5.60","2025-10-28 00:00:00","2025-10-28 00:00:00"
"RBRR11","2025-10-27 00:00:00","84.80","84.80","84.64","0.19","85.48","84.58","2025-10-28 00:00:00","2025-10-28 00:00:00"
"MANA11","2025-10-27 00:00:00","8.88","8.88","8.92","-0.45","8.96","8.87","2025-10-28 00:00:00","2025-10-28 00:00:00"
"IBCR11","2025-10-27 00:00:00","47.85","47.85","47.64","0.44","47.86","47.53","2025-10-28 00:00:00","2025-10-28 00:00:00"
"RDLI11","2025-10-27 00:00:00","104.50","104.50","105.00","-0.48","105.00","104.50","2025-10-28 00:00:00","2025-10-28 00:00:00"
"BTCI11","2025-10-27 00:00:00","9.33","9.33","9.32","0.11","9.33","9.30","2025-10-28 00:00:00","2025-10-28 00:00:00"
"KFOF11","2025-10-27 00:00:00","81.20","81.20","81.40","-0.25","81.40","80.91","2025-10-28 00:00:00","2025-10-28 00:00:00"
"VSLH11","2025-10-27 00:00:00","2.51","2.51","2.52","-0.40","2.52","2.50","2025-10-28 00:00:00","2025-10-28 00:00:00"
"CTXT11","2025-10-27 00:00:00","4.97","4.97","4.71","5.52","4.97","4.71","2025-10-28 00:00:00","2025-10-28 00:00:00"
"CNES11","2025-10-27 00:00:00","1.55","1.55","1.31","18.32","1.55","1.31","2025-10-28 00:00:00","2025-10-28 00:00:00"
"RZAK11","2025-10-27 00:00:00","81.87","81.87","81.68","0.23","81.88","81.17","2025-10-28 00:00:00","2025-10-28 00:00:00"
"RBHY11","2025-10-27 00:00:00","75.58","75.58","76.16","-0.76","76.93","75.18","2025-10-28 00:00:00","2025-10-28 00:00:00"
"TELM11","2025-10-27 00:00:00","10.50","10.50","10.50","0.00","10.50","10.50","2025-10-28 00:00:00","2025-10-28 00:00:00"
"BBIG11","2025-10-27 00:00:00","6.98","6.98","6.94","0.58","7.00","6.91","2025-10-28 00:00:00","2025-10-28 00:00:00"
"VGIP11","2025-10-27 00:00:00","75.80","75.80","76.20","-0.52","76.21","75.25","2025-10-28 00:00:00","2025-10-28 00:00:00"
"SHPH11","2025-10-27 00:00:00","915.98","915.98","900.01","1.77","929.97","900.00","2025-10-28 00:00:00","2025-10-28 00:00:00"
"RBRX11","2025-10-27 00:00:00","7.69","7.69","7.66","0.39","7.69","7.59","2025-10-28 00:00:00","2025-10-28 00:00:00"
"ARXD11","2025-10-27 00:00:00","7.46","7.46","7.61","-1.97","7.63","7.46","2025-10-28 00:00:00","2025-10-28 00:00:00"
"JSCR11","2025-10-27 00:00:00","8.02","8.02","8.00","0.25","8.03","8.00","2025-10-28 00:00:00","2025-10-28 00:00:00"
"FISC11","2025-10-27 00:00:00","65.00","65.00","65.00","0.00","65.00","65.00","2025-10-28 00:00:00","2025-10-28 00:00:00"
"AFHI11","2025-10-27 00:00:00","94.33","94.33","94.50","-0.18","94.50","94.11","2025-10-28 00:00:00","2025-10-28 00:00:00"
"BSLT11","2025-10-27 00:00:00","98.20","98.20","92.01","6.73","98.82","92.01","2025-10-28 00:00:00","2025-10-28 00:00:00"
"RBRL11","2025-10-27 00:00:00","85.81","85.81","86.19","-0.44","86.35","85.49","2025-10-28 00:00:00","2025-10-28 00:00:00"
"CJCT11","2025-10-27 00:00:00","60.84","60.84","60.86","-0.03","61.00","58.95","2025-10-28 00:00:00","2025-10-28 00:00:00"
"HGRU11","2025-10-27 00:00:00","126.54","126.54","126.61","-0.06","126.82","126.51","2025-10-28 00:00:00","2025-10-28 00:00:00"
"FIVN11","2025-10-27 00:00:00","4.58","4.58","4.80","-4.58","5.05","4.58","2025-10-28 00:00:00","2025-10-28 00:00:00"
"IRIM11","2025-10-27 00:00:00","71.89","71.89","70.81","1.53","71.95","70.81","2025-10-28 00:00:00","2025-10-28 00:00:00"
"KISU11","2025-10-27 00:00:00","6.76","6.76","6.82","-0.88","6.82","6.72","2025-10-28 00:00:00","2025-10-28 00:00:00"
"RZTR11","2025-10-27 00:00:00","92.30","92.30","92.33","-0.03","92.84","92.26","2025-10-28 00:00:00","2025-10-28 00:00:00"
"TORD11","2025-10-27 00:00:00","3.07","3.07","3.06","0.33","3.08","3.06","2025-10-28 00:00:00","2025-10-28 00:00:00"
"DAYM11","2025-10-27 00:00:00","3.94","3.94","3.96","-0.51","3.96","3.94","2025-10-28 00:00:00","2025-10-28 00:00:00"
"URHF11","2025-10-27 00:00:00","74.50","74.50","74.50","0.00","75.99","74.50","2025-10-28 00:00:00","2025-10-28 00:00:00"
"RBHG11","2025-10-27 00:00:00","63.77","63.77","63.45","0.50","63.86","63.07","2025-10-28 00:00:00","2025-10-28 00:00:00"
"NEWU11","2025-10-27 00:00:00","98.93","98.93","97.96","0.99","98.93","97.96","2025-10-28 00:00:00","2025-10-28 00:00:00"
"AZPL11","2025-10-27 00:00:00","7.64","7.64","7.69","-0.65","7.69","7.57","2025-10-28 00:00:00","2025-10-28 00:00:00"
"LVBI11","2025-10-27 00:00:00","107.80","107.80","107.98","-0.17","108.37","106.77","2025-10-28 00:00:00","2025-10-28 00:00:00"
"HGBS11","2025-10-27 00:00:00","20.00","20.00","20.00","0.00","20.15","19.96","2025-10-28 00:00:00","2025-10-28 00:00:00"
"ALZC11","2025-10-27 00:00:00","7.54","7.54","7.60","-0.79","7.60","7.51","2025-10-28 00:00:00","2025-10-28 00:00:00"
"VVMR11","2025-10-27 00:00:00","84.98","84.98","84.52","0.54","84.98","84.52","2025-10-28 00:00:00","2025-10-28 00:00:00"
"BTHF11","2025-10-27 00:00:00","8.47","8.47","8.42","0.59","8.47","8.38","2025-10-28 00:00:00","2025-10-28 00:00:00"
"BTHI11","2025-10-27 00:00:00","41.90","41.90","41.99","-0.21","42.00","41.55","2025-10-28 00:00:00","2025-10-28 00:00:00"
"HUCG11","2025-10-27 00:00:00","85.00","85.00","86.98","-2.28","86.98","85.00","2025-10-28 00:00:00","2025-10-28 00:00:00"
"RMAI11","2025-10-27 00:00:00","60.38","60.38","54.52","10.75","60.38","54.51","2025-10-28 00:00:00","2025-10-28 00:00:00"
"RECT11","2025-10-27 00:00:00","34.16","34.16","33.66","1.49","34.19","33.59","2025-10-28 00:00:00","2025-10-28 00:00:00"
"WTSP11","2025-10-27 00:00:00","60.00","60.00","50.00","20.00","60.00","50.00","2025-10-28 00:00:00","2025-10-28 00:00:00"
"HGBL11","2025-10-27 00:00:00","8.87","8.87","8.94","-0.78","8.94","8.78","2025-10-28 00:00:00","2025-10-28 00:00:00"
"BBFI11","2025-10-27 00:00:00","362.70","362.70","363.00","-0.08","365.00","358.00","2025-10-28 00:00:00","2025-10-28 00:00:00"
"VCRI11","2025-10-27 00:00:00","7.12","7.12","7.14","-0.28","7.20","7.10","2025-10-28 00:00:00","2025-10-28 00:00:00"
"RBFF11","2025-10-27 00:00:00","49.10","49.10","49.00","0.20","49.35","48.90","2025-10-28 00:00:00","2025-10-28 00:00:00"
"HOMS11","2025-10-27 00:00:00","118.41","118.41","118.41","0.00","118.41","118.41","2025-10-28 00:00:00","2025-10-28 00:00:00"
"ITIP11","2025-10-27 00:00:00","65.18","65.18","65.87","-1.05","65.87","64.83","2025-10-28 00:00:00","2025-10-28 00:00:00"
"HCTR11","2025-10-27 00:00:00","21.96","21.96","22.00","-0.18","22.05","21.96","2025-10-28 00:00:00","2025-10-28 00:00:00"
"GCRI11","2025-10-27 00:00:00","63.15","63.15","63.18","-0.05","63.18","62.36","2025-10-28 00:00:00","2025-10-28 00:00:00"
"BTYU11","2025-10-27 00:00:00","9.65","9.65","9.67","-0.21","9.67","9.65","2025-10-28 00:00:00","2025-10-28 00:00:00"
"VRTM11","2025-10-27 00:00:00","6.86","6.86","6.89","-0.44","6.90","6.83","2025-10-28 00:00:00","2025-10-28 00:00:00"
"TVRI11","2025-10-27 00:00:00","93.91","93.91","93.81","0.11","95.16","93.51","2025-10-28 00:00:00","2025-10-28 00:00:00"
"OCRE11","2025-10-27 00:00:00","95.90","95.90","94.00","2.02","95.90","93.99","2025-10-28 00:00:00","2025-10-28 00:00:00"
"DPRO11","2025-10-27 00:00:00","6.30","6.30","6.30","0.00","6.30","6.30","2025-10-28 00:00:00","2025-10-28 00:00:00"
"ZAVI11","2025-10-27 00:00:00","91.38","91.38","91.92","-0.59","91.92","89.53","2025-10-28 00:00:00","2025-10-28 00:00:00"
"MCCI11","2025-10-27 00:00:00","88.79","88.79","88.26","0.60","89.38","88.00","2025-10-28 00:00:00","2025-10-28 00:00:00"
"NVHO11","2025-10-27 00:00:00","12.31","12.31","12.31","0.00","12.31","12.31","2025-10-28 00:00:00","2025-10-28 00:00:00"
"RBRD11","2025-10-27 00:00:00","40.21","40.21","40.17","0.10","40.22","40.00","2025-10-28 00:00:00","2025-10-28 00:00:00"
"VILG11","2025-10-27 00:00:00","90.99","90.99","88.70","2.58","91.01","88.50","2025-10-28 00:00:00","2025-10-28 00:00:00"
"SEQR11","2025-10-27 00:00:00","49.98","49.98","49.43","1.11","50.00","48.98","2025-10-28 00:00:00","2025-10-28 00:00:00"
"SNEL11","2025-10-27 00:00:00","8.48","8.48","8.50","-0.24","8.50","8.47","2025-10-28 00:00:00","2025-10-28 00:00:00"
"RBDS11","2025-10-27 00:00:00","1.90","1.90","1.90","0.00","1.90","1.90","2025-10-28 00:00:00","2025-10-28 00:00:00"
"MXRF11","2025-10-27 00:00:00","9.61","9.61","9.66","-0.52","9.66","9.60","2025-10-28 00:00:00","2025-10-28 00:00:00"
"NAVT11","2025-10-27 00:00:00","68.98","68.98","68.76","0.32","69.46","68.10","2025-10-28 00:00:00","2025-10-28 00:00:00"
"XPLG11","2025-10-27 00:00:00","101.30","101.30","101.58","-0.28","101.80","101.30","2025-10-28 00:00:00","2025-10-28 00:00:00"
"PATA11","2025-10-27 00:00:00","9.49","9.49","10.00","-5.10","10.25","8.96","2025-10-28 00:00:00","2025-10-28 00:00:00"
"HGCR11","2025-10-27 00:00:00","94.90","94.90","94.25","0.69","95.19","93.82","2025-10-28 00:00:00","2025-10-28 00:00:00"
"HOSI11","2025-10-27 00:00:00","87.77","87.77","83.86","4.66","87.77","83.86","2025-10-28 00:00:00","2025-10-28 00:00:00"
"JSRE11","2025-10-27 00:00:00","61.67","61.67","61.76","-0.15","61.90","61.52","2025-10-28 00:00:00","2025-10-28 00:00:00"
"BIME11","2025-10-27 00:00:00","6.80","6.80","6.82","-0.29","6.82","6.76","2025-10-28 00:00:00","2025-10-28 00:00:00"
"HLOG11","2025-10-27 00:00:00","9.03","9.03","9.03","0.00","9.03","8.94","2025-10-28 00:00:00","2025-10-28 00:00:00"
"VGRI11","2025-10-27 00:00:00","8.10","8.10","8.00","1.25","8.12","7.86","2025-10-28 00:00:00","2025-10-28 00:00:00"
"ASRF11","2025-10-27 00:00:00","10912.03","10912.03","10912.03","0.00","10912.03","10912.03","2025-10-28 00:00:00","2025-10-28 00:00:00"
"RZZR11","2025-10-27 00:00:00","133.00","133.00","134.81","-1.34","134.96","132.26","2025-10-28 00:00:00","2025-10-28 00:00:00"
"RRCI11","2025-10-27 00:00:00","79.49","79.49","79.99","-0.63","79.99","79.00","2025-10-28 00:00:00","2025-10-28 00:00:00"
"HCRI11","2025-10-27 00:00:00","271.00","271.00","274.29","-1.20","274.30","268.02","2025-10-28 00:00:00","2025-10-28 00:00:00"
"KORE11","2025-10-27 00:00:00","69.20","69.20","69.40","-0.29","70.00","69.02","2025-10-28 00:00:00","2025-10-28 00:00:00"
"GGRC11","2025-10-27 00:00:00","10.00","10.00","9.99","0.10","10.01","9.97","2025-10-28 00:00:00","2025-10-28 00:00:00"
"EQIR11","2025-10-27 00:00:00","7.78","7.78","7.77","0.13","7.81","7.76","2025-10-28 00:00:00","2025-10-28 00:00:00"
"ANCR11","2025-10-27 00:00:00","254.39","254.39","257.35","-1.15","257.35","254.39","2025-10-28 00:00:00","2025-10-28 00:00:00"
"CPTS11","2025-10-27 00:00:00","7.63","7.63","7.64","-0.13","7.68","7.62","2025-10-28 00:00:00","2025-10-28 00:00:00"
"HSLG11","2025-10-27 00:00:00","87.85","87.85","87.92","-0.08","88.37","87.09","2025-10-28 00:00:00","2025-10-28 00:00:00"
"OUJP11","2025-10-27 00:00:00","76.08","76.08","75.07","1.35","76.10","75.07","2025-10-28 00:00:00","2025-10-28 00:00:00"
"AURB11","2025-10-27 00:00:00","81.00","81.00","81.00","0.00","81.00","81.00","2025-10-28 00:00:00","2025-10-28 00:00:00"
"PATC11","2025-10-27 00:00:00","42.00","42.00","41.70","0.72","42.00","41.69","2025-10-28 00:00:00","2025-10-28 00:00:00"
"BLOG11","2025-10-27 00:00:00","10.00","10.00","10.00","0.00","10.00","10.00","2025-10-28 00:00:00","2025-10-28 00:00:00"
"BTLG11","2025-10-27 00:00:00","103.26","103.26","103.99","-0.70","104.10","103.26","2025-10-28 00:00:00","2025-10-28 00:00:00"
"KNSC11","2025-10-27 00:00:00","8.75","8.75","8.79","-0.46","8.79","8.72","2025-10-28 00:00:00","2025-10-28 00:00:00"
"NSLU11","2025-10-27 00:00:00","211.76","211.76","217.05","-2.44","217.05","211.00","2025-10-28 00:00:00","2025-10-28 00:00:00"
"MCLO11","2025-10-27 00:00:00","9.97","9.97","10.00","-0.30","10.14","9.97","2025-10-28 00:00:00","2025-10-28 00:00:00"
"AROA11","2025-10-27 00:00:00","1.02","1.02","1.01","0.99","1.02","1.01","2025-10-28 00:00:00","2025-10-28 00:00:00"
"FATN11","2025-10-27 00:00:00","84.36","84.36","84.40","-0.05","84.40","83.61","2025-10-28 00:00:00","2025-10-28 00:00:00"
"GRUL11","2025-10-27 00:00:00","8.19","8.19","8.26","-0.85","8.29","8.18","2025-10-28 00:00:00","2025-10-28 00:00:00"
"ICRI11","2025-10-27 00:00:00","88.00","88.00","88.41","-0.46","88.41","87.76","2025-10-28 00:00:00","2025-10-28 00:00:00"
"TRXB11","2025-10-27 00:00:00","157.63","157.63","157.23","0.25","157.63","157.16","2025-10-28 00:00:00","2025-10-28 00:00:00"
"RBOP11","2025-10-27 00:00:00","209.98","209.98","209.99","0.00","209.99","205.00","2025-10-28 00:00:00","2025-10-28 00:00:00"
"KNCR11","2025-10-27 00:00:00","105.78","105.78","106.00","-0.21","106.29","105.70","2025-10-28 00:00:00","2025-10-28 00:00:00"
"HSAF11","2025-10-27 00:00:00","76.74","76.74","76.24","0.66","76.74","76.00","2025-10-28 00:00:00","2025-10-28 00:00:00"
"TRXF11","2025-10-27 00:00:00","100.87","100.87","101.11","-0.24","101.31","100.31","2025-10-28 00:00:00","2025-10-28 00:00:00"
"GLOG11","2025-10-27 00:00:00","68.34","68.34","66.28","3.11","68.34","65.16","2025-10-28 00:00:00","2025-10-28 00:00:00"
"KNRE11","2025-10-27 00:00:00","0.31","0.31","0.31","0.00","0.32","0.31","2025-10-28 00:00:00","2025-10-28 00:00:00"
"CXAG11","2025-10-27 00:00:00","72.90","72.90","72.75","0.21","73.84","72.30","2025-10-28 00:00:00","2025-10-28 00:00:00"
"CYCR11","2025-10-27 00:00:00","8.53","8.53","8.50","0.35","8.55","8.43","2025-10-28 00:00:00","2025-10-28 00:00:00"
"BLCA11","2025-10-27 00:00:00","92.50","92.50","91.89","0.66","92.50","91.89","2025-10-28 00:00:00","2025-10-28 00:00:00"
"BNFS11","2025-10-27 00:00:00","73.87","73.87","73.13","1.01","73.88","73.13","2025-10-28 00:00:00","2025-10-28 00:00:00"
"VCJR11","2025-10-27 00:00:00","76.96","76.96","77.08","-0.16","77.09","76.44","2025-10-28 00:00:00","2025-10-28 00:00:00"
"RCRB11","2025-10-27 00:00:00","127.15","127.15","126.00","0.91","127.15","125.40","2025-10-28 00:00:00","2025-10-28 00:00:00"
"KNIP11","2025-10-27 00:00:00","87.50","87.50","87.01","0.56","87.95","87.01","2025-10-28 00:00:00","2025-10-28 00:00:00"
"HFOF11","2025-10-27 00:00:00","6.16","6.16","6.18","-0.32","6.19","6.15","2025-10-28 00:00:00","2025-10-28 00:00:00"
"GZIT11","2025-10-27 00:00:00","45.50","45.50","45.90","-0.87","46.58","45.11","2025-10-28 00:00:00","2025-10-28 00:00:00"
"MFII11","2025-10-27 00:00:00","76.30","76.30","76.40","-0.13","76.40","75.89","2025-10-28 00:00:00","2025-10-28 00:00:00"
"FAMB11","2025-10-27 00:00:00","895.12","895.12","895.12","0.00","895.12","895.12","2025-10-28 00:00:00","2025-10-28 00:00:00"
"NCRI11","2025-10-27 00:00:00","8.45","8.45","8.46","-0.12","8.46","8.35","2025-10-28 00:00:00","2025-10-28 00:00:00"
"DAMA11","2025-10-27 00:00:00","7.36","7.36","7.23","1.80","7.39","7.07","2025-10-28 00:00:00","2025-10-28 00:00:00"
"VVCR11","2025-10-27 00:00:00","8.83","8.83","9.67","-8.69","9.73","8.71","2025-10-28 00:00:00","2025-10-28 00:00:00"
"RBVA11","2025-10-27 00:00:00","9.66","9.66","9.56","1.05","9.73","9.54","2025-10-28 00:00:00","2025-10-28 00:00:00"
"CXCO11","2025-10-27 00:00:00","59.40","59.40","60.00","-1.00","60.34","59.38","2025-10-28 00:00:00","2025-10-28 00:00:00"
"BRCO11","2025-10-27 00:00:00","116.52","116.52","116.35","0.15","116.99","116.13","2025-10-28 00:00:00","2025-10-28 00:00:00"
"ABCP11","2025-10-27 00:00:00","73.76","73.76","73.08","0.93","74.69","73.08","2025-10-28 00:00:00","2025-10-28 00:00:00"
"HGRE11","2025-10-27 00:00:00","116.52","116.52","113.80","2.39","116.52","113.70","2025-10-28 00:00:00","2025-10-28 00:00:00"
"BPML11","2025-10-27 00:00:00","78.20","78.20","78.38","-0.23","78.38","77.80","2025-10-28 00:00:00","2025-10-28 00:00:00"
"BRCR11","2025-10-27 00:00:00","40.23","40.23","39.45","1.98","40.28","39.45","2025-10-28 00:00:00","2025-10-28 00:00:00"
"WPLZ11","2025-10-27 00:00:00","49.90","49.90","49.89","0.02","49.90","49.89","2025-10-28 00:00:00","2025-10-28 00:00:00"
"SJAU11","2025-10-27 00:00:00","3.33","3.33","3.80","-12.37","3.80","3.19","2025-10-28 00:00:00","2025-10-28 00:00:00"
"VISC11","2025-10-27 00:00:00","107.39","107.39","107.77","-0.35","108.27","107.03","2025-10-28 00:00:00","2025-10-28 00:00:00"
"FCFL11","2025-10-27 00:00:00","124.61","124.61","125.20","-0.47","125.20","124.45","2025-10-28 00:00:00","2025-10-28 00:00:00"
"TEPP11","2025-10-27 00:00:00","80.40","80.40","79.62","0.98","80.40","79.62","2025-10-28 00:00:00","2025-10-28 00:00:00"
"CPOF11","2025-10-27 00:00:00","109.50","109.50","109.50","0.00","109.50","109.49","2025-10-28 00:00:00","2025-10-28 00:00:00"
"EGDB11","2025-10-27 00:00:00","1166.21","1166.21","1166.21","0.00","1166.21","1166.21","2025-10-28 00:00:00","2025-10-28 00:00:00"
"BTAL11","2025-10-27 00:00:00","76.37","76.37","76.92","-0.72","77.36","76.32","2025-10-28 00:00:00","2025-10-28 00:00:00"
"URPR11","2025-10-27 00:00:00","33.96","33.96","33.91","0.15","34.00","33.84","2025-10-28 00:00:00","2025-10-28 00:00:00"
"MGHT11","2025-10-27 00:00:00","16.30","16.30","15.89","2.58","16.62","15.89","2025-10-28 00:00:00","2025-10-28 00:00:00"
"HABT11","2025-10-27 00:00:00","71.56","71.56","71.90","-0.47","72.50","71.06","2025-10-28 00:00:00","2025-10-28 00:00:00"
"CARE11","2025-10-27 00:00:00","1.02","1.02","1.02","0.00","1.03","1.01","2025-10-28 00:00:00","2025-10-28 00:00:00"
"JSAF11","2025-10-27 00:00:00","7.29","7.29","7.23","0.83","7.29","7.20","2025-10-28 00:00:00","2025-10-28 00:00:00"
"XPCM11","2025-10-27 00:00:00","8.98","8.98","8.78","2.28","9.00","8.40","2025-10-28 00:00:00","2025-10-28 00:00:00"
"VINO11","2025-10-27 00:00:00","4.96","4.96","4.96","0.00","5.00","4.95","2025-10-28 00:00:00","2025-10-28 00:00:00"
"SCPF11","2025-10-27 00:00:00","2.80","2.80","2.67","4.87","2.81","2.66","2025-10-28 00:00:00","2025-10-28 00:00:00"
"ALMI11","2025-10-27 00:00:00","625.00","625.00","625.00","0.00","625.00","625.00","2025-10-28 00:00:00","2025-10-28 00:00:00"
"TRXY11","2025-10-27 00:00:00","8.80","8.80","9.00","-2.22","9.00","8.75","2025-10-28 00:00:00","2025-10-28 00:00:00"
"PCIP11","2025-10-27 00:00:00","80.61","80.61","79.86","0.94","80.85","79.80","2025-10-28 00:00:00","2025-10-28 00:00:00"
"GGRC11","2025-10-24 00:00:00","9.99","9.99","9.96","0.30","10.01","9.95","2025-10-25 00:00:00","2025-10-25 00:00:00"
"PMLL11","2025-10-24 00:00:00","101.98","101.98","101.04","0.93","101.98","100.46","2025-10-25 00:00:00","2025-10-25 00:00:00"
"INLG11","2025-10-24 00:00:00","74.36","74.36","74.45","-0.12","74.59","74.00","2025-10-25 00:00:00","2025-10-25 00:00:00"
"HSLG11","2025-10-24 00:00:00","87.93","87.93","86.90","1.19","88.05","86.90","2025-10-25 00:00:00","2025-10-25 00:00:00"
"HGRU11","2025-10-24 00:00:00","126.61","126.61","126.46","0.12","126.98","126.34","2025-10-25 00:00:00","2025-10-25 00:00:00"
"FAED11","2025-10-24 00:00:00","146.00","146.00","146.98","-0.67","147.00","145.65","2025-10-25 00:00:00","2025-10-25 00:00:00"
"RZAT11","2025-10-24 00:00:00","87.59","87.59","86.87","0.83","88.04","86.52","2025-10-25 00:00:00","2025-10-25 00:00:00"
"SPXS11","2025-10-24 00:00:00","8.44","8.44","8.43","0.12","8.45","8.37","2025-10-25 00:00:00","2025-10-25 00:00:00"
"XPML11","2025-10-24 00:00:00","104.50","104.50","105.00","-0.48","105.31","104.39","2025-10-25 00:00:00","2025-10-25 00:00:00"
"INRD11","2025-10-24 00:00:00","75.00","75.00","74.40","0.81","79.50","74.38","2025-10-25 00:00:00","2025-10-25 00:00:00"
"RBRX11","2025-10-24 00:00:00","7.67","7.67","7.65","0.26","7.67","7.50","2025-10-25 00:00:00","2025-10-25 00:00:00"
"BBIG11","2025-10-24 00:00:00","6.95","6.95","6.91","0.58","6.96","6.91","2025-10-25 00:00:00","2025-10-25 00:00:00"
"FLMA11","2025-10-24 00:00:00","144.31","144.31","144.53","-0.15","145.75","143.61","2025-10-25 00:00:00","2025-10-25 00:00:00"
"NEWU11","2025-10-24 00:00:00","98.93","98.93","98.94","-0.01","98.94","96.78","2025-10-25 00:00:00","2025-10-25 00:00:00"
"DEVA11","2025-10-24 00:00:00","25.01","25.01","25.00","0.04","25.20","25.00","2025-10-25 00:00:00","2025-10-25 00:00:00"
"LIFE11","2025-10-24 00:00:00","8.19","8.19","8.15","0.49","8.20","8.15","2025-10-25 00:00:00","2025-10-25 00:00:00"
"EGYR11","2025-10-24 00:00:00","3.14","3.14","3.10","1.29","3.14","3.10","2025-10-25 00:00:00","2025-10-25 00:00:00"
"RELG11","2025-10-24 00:00:00","64.51","64.51","64.51","0.00","65.48","64.51","2025-10-25 00:00:00","2025-10-25 00:00:00"
"VVRI11","2025-10-24 00:00:00","90.08","90.08","90.08","0.00","90.08","90.08","2025-10-25 00:00:00","2025-10-25 00:00:00"
"TJKB11","2025-10-24 00:00:00","248.00","248.00","247.01","0.40","249.00","247.01","2025-10-25 00:00:00","2025-10-25 00:00:00"
"GAME11","2025-10-24 00:00:00","8.45","8.45","8.41","0.48","8.45","8.40","2025-10-25 00:00:00","2025-10-25 00:00:00"
"KORE11","2025-10-24 00:00:00","69.30","69.30","69.00","0.43","69.93","68.64","2025-10-25 00:00:00","2025-10-25 00:00:00"
"DVFF11","2025-10-24 00:00:00","5.79","5.79","5.80","-0.17","5.80","5.74","2025-10-25 00:00:00","2025-10-25 00:00:00"
"RBRL11","2025-10-24 00:00:00","86.19","86.19","85.80","0.45","87.66","85.72","2025-10-25 00:00:00","2025-10-25 00:00:00"
"SNEL11","2025-10-24 00:00:00","8.50","8.50","8.50","0.00","8.50","8.48","2025-10-25 00:00:00","2025-10-25 00:00:00"
"KNUQ11","2025-10-24 00:00:00","104.13","104.13","104.21","-0.08","104.23","103.91","2025-10-25 00:00:00","2025-10-25 00:00:00"
"RMAI11","2025-10-24 00:00:00","57.98","57.98","54.53","6.33","57.98","54.52","2025-10-25 00:00:00","2025-10-25 00:00:00"
"WHGR11","2025-10-24 00:00:00","8.89","8.89","8.82","0.79","8.90","8.82","2025-10-25 00:00:00","2025-10-25 00:00:00"
"GSFI11","2025-10-24 00:00:00","9.48","9.48","9.50","-0.21","9.50","9.42","2025-10-25 00:00:00","2025-10-25 00:00:00"
"BSLT11","2025-10-24 00:00:00","98.83","98.83","98.90","-0.07","98.90","98.83","2025-10-25 00:00:00","2025-10-25 00:00:00"
"JCIN11","2025-10-24 00:00:00","148.90","148.90","148.90","0.00","148.90","148.90","2025-10-25 00:00:00","2025-10-25 00:00:00"
"BRIP11","2025-10-24 00:00:00","610.00","610.00","610.00","0.00","610.00","610.00","2025-10-25 00:00:00","2025-10-25 00:00:00"
"CNES11","2025-10-24 00:00:00","1.30","1.30","1.27","2.36","1.45","1.27","2025-10-25 00:00:00","2025-10-25 00:00:00"
"RRCI11","2025-10-24 00:00:00","79.50","79.50","79.57","-0.09","79.57","78.15","2025-10-25 00:00:00","2025-10-25 00:00:00"
"TVRI11","2025-10-24 00:00:00","93.73","93.73","93.14","0.63","93.80","93.01","2025-10-25 00:00:00","2025-10-25 00:00:00"
"CEOC11","2025-10-24 00:00:00","43.67","43.67","44.09","-0.95","44.09","43.50","2025-10-25 00:00:00","2025-10-25 00:00:00"
"KNHF11","2025-10-24 00:00:00","92.99","92.99","92.76","0.25","93.59","92.50","2025-10-25 00:00:00","2025-10-25 00:00:00"
"VIUR11","2025-10-24 00:00:00","5.62","5.62","5.64","-0.35","5.64","5.60","2025-10-25 00:00:00","2025-10-25 00:00:00"
"AFHI11","2025-10-24 00:00:00","94.48","94.48","94.15","0.35","94.50","93.99","2025-10-25 00:00:00","2025-10-25 00:00:00"
"RBRD11","2025-10-24 00:00:00","40.17","40.17","40.36","-0.47","40.36","39.95","2025-10-25 00:00:00","2025-10-25 00:00:00"
"JSRE11","2025-10-24 00:00:00","61.76","61.76","61.90","-0.23","61.90","61.30","2025-10-25 00:00:00","2025-10-25 00:00:00"
"MANA11","2025-10-24 00:00:00","8.91","8.91","8.88","0.34","8.91","8.85","2025-10-25 00:00:00","2025-10-25 00:00:00"
"KISU11","2025-10-24 00:00:00","6.75","6.75","6.77","-0.30","6.79","6.75","2025-10-25 00:00:00","2025-10-25 00:00:00"
"MCRE11","2025-10-24 00:00:00","8.76","8.76","8.73","0.34","8.79","8.70","2025-10-25 00:00:00","2025-10-25 00:00:00"
"CPLG11","2025-10-24 00:00:00","12.39","12.39","12.29","0.81","12.39","11.14","2025-10-25 00:00:00","2025-10-25 00:00:00"
"CBOP11","2025-10-24 00:00:00","32.00","32.00","30.00","6.67","32.00","29.40","2025-10-25 00:00:00","2025-10-25 00:00:00"
"CPTS11","2025-10-24 00:00:00","7.64","7.64","7.59","0.66","7.65","7.57","2025-10-25 00:00:00","2025-10-25 00:00:00"
"RINV11","2025-10-24 00:00:00","102.92","102.92","102.97","-0.05","102.97","102.70","2025-10-25 00:00:00","2025-10-25 00:00:00"
"SHPH11","2025-10-24 00:00:00","900.00","900.00","896.20","0.42","900.00","896.20","2025-10-25 00:00:00","2025-10-25 00:00:00"
"BCIA11","2025-10-24 00:00:00","83.60","83.60","83.82","-0.26","84.00","83.56","2025-10-25 00:00:00","2025-10-25 00:00:00"
"MXRF11","2025-10-24 00:00:00","9.64","9.64","9.63","0.10","9.66","9.62","2025-10-25 00:00:00","2025-10-25 00:00:00"
"HGCR11","2025-10-24 00:00:00","94.09","94.09","93.80","0.31","94.36","93.51","2025-10-25 00:00:00","2025-10-25 00:00:00"
"FMOF11","2025-10-24 00:00:00","42.40","42.40","42.97","-1.33","42.97","41.94","2025-10-25 00:00:00","2025-10-25 00:00:00"
"BIME11","2025-10-24 00:00:00","6.80","6.80","6.84","-0.58","6.84","6.76","2025-10-25 00:00:00","2025-10-25 00:00:00"
"PABY11","2025-10-24 00:00:00","10.42","10.42","10.42","0.00","10.42","10.42","2025-10-25 00:00:00","2025-10-25 00:00:00"
"OULG11","2025-10-24 00:00:00","40.40","40.40","41.02","-1.51","42.59","39.91","2025-10-25 00:00:00","2025-10-25 00:00:00"
"ITIP11","2025-10-24 00:00:00","65.55","65.55","66.00","-0.68","66.00","64.47","2025-10-25 00:00:00","2025-10-25 00:00:00"
"KCRE11","2025-10-24 00:00:00","8.47","8.47","8.50","-0.35","8.50","8.42","2025-10-25 00:00:00","2025-10-25 00:00:00"
"VPPR11","2025-10-24 00:00:00","14.70","14.70","14.65","0.34","14.70","14.03","2025-10-25 00:00:00","2025-10-25 00:00:00"
"EURO11","2025-10-24 00:00:00","266.01","266.01","266.01","0.00","268.00","266.01","2025-10-25 00:00:00","2025-10-25 00:00:00"
"KNRI11","2025-10-24 00:00:00","145.47","145.47","145.35","0.08","145.95","145.04","2025-10-25 00:00:00","2025-10-25 00:00:00"
"BTCI11","2025-10-24 00:00:00","9.32","9.32","9.31","0.11","9.34","9.30","2025-10-25 00:00:00","2025-10-25 00:00:00"
"URHF11","2025-10-24 00:00:00","74.50","74.50","74.45","0.07","75.00","74.45","2025-10-25 00:00:00","2025-10-25 00:00:00"
"RECR11","2025-10-24 00:00:00","77.29","77.29","77.00","0.38","77.48","76.50","2025-10-25 00:00:00","2025-10-25 00:00:00"
"KNIP11","2025-10-24 00:00:00","87.32","87.32","86.70","0.72","87.32","86.25","2025-10-25 00:00:00","2025-10-25 00:00:00"
"NAVT11","2025-10-24 00:00:00","68.74","68.74","68.30","0.64","68.74","67.22","2025-10-25 00:00:00","2025-10-25 00:00:00"
"RBRY11","2025-10-24 00:00:00","95.10","95.10","95.58","-0.50","95.61","94.99","2025-10-25 00:00:00","2025-10-25 00:00:00"
"FISC11","2025-10-24 00:00:00","65.00","65.00","64.49","0.79","65.00","63.49","2025-10-25 00:00:00","2025-10-25 00:00:00"
"XPLG11","2025-10-24 00:00:00","101.57","101.57","101.60","-0.03","101.80","101.20","2025-10-25 00:00:00","2025-10-25 00:00:00"
"SAPI11","2025-10-24 00:00:00","8.80","8.80","8.74","0.69","8.83","8.74","2025-10-25 00:00:00","2025-10-25 00:00:00"
"RBRR11","2025-10-24 00:00:00","84.64","84.64","84.10","0.64","84.73","83.68","2025-10-25 00:00:00","2025-10-25 00:00:00"
"OCRE11","2025-10-24 00:00:00","94.00","94.00","93.99","0.01","94.00","93.99","2025-10-25 00:00:00","2025-10-25 00:00:00"
"IBCR11","2025-10-24 00:00:00","47.64","47.64","47.06","1.23","47.66","47.00","2025-10-25 00:00:00","2025-10-25 00:00:00"
"KFOF11","2025-10-24 00:00:00","81.31","81.31","80.92","0.48","81.31","80.02","2025-10-25 00:00:00","2025-10-25 00:00:00"
"JCCJ11","2025-10-24 00:00:00","170.00","170.00","159.00","6.92","179.97","159.00","2025-10-25 00:00:00","2025-10-25 00:00:00"
"RZTR11","2025-10-24 00:00:00","92.33","92.33","92.37","-0.04","92.62","92.15","2025-10-25 00:00:00","2025-10-25 00:00:00"
"CXRI11","2025-10-24 00:00:00","62.86","62.86","62.31","0.88","63.92","62.27","2025-10-25 00:00:00","2025-10-25 00:00:00"
"FLRP11","2025-10-24 00:00:00","20.32","20.32","20.58","-1.26","20.58","19.93","2025-10-25 00:00:00","2025-10-25 00:00:00"
"PATL11","2025-10-24 00:00:00","60.28","60.28","59.99","0.48","61.02","59.99","2025-10-25 00:00:00","2025-10-25 00:00:00"
"CRFF11","2025-10-24 00:00:00","74.80","74.80","74.43","0.50","74.80","73.70","2025-10-25 00:00:00","2025-10-25 00:00:00"
"HCTR11","2025-10-24 00:00:00","22.04","22.04","22.00","0.18","22.12","21.91","2025-10-25 00:00:00","2025-10-25 00:00:00"
"TMPS11","2025-10-24 00:00:00","80.84","80.84","80.55","0.36","80.89","79.52","2025-10-25 00:00:00","2025-10-25 00:00:00"
"JSCR11","2025-10-24 00:00:00","8.00","8.00","8.00","0.00","8.10","8.00","2025-10-25 00:00:00","2025-10-25 00:00:00"
"HCHG11","2025-10-24 00:00:00","78.72","78.72","78.72","0.00","78.72","78.72","2025-10-25 00:00:00","2025-10-25 00:00:00"
"FIVN11","2025-10-24 00:00:00","4.90","4.90","4.82","1.66","5.04","4.74","2025-10-25 00:00:00","2025-10-25 00:00:00"
"VGIP11","2025-10-24 00:00:00","76.10","76.10","76.00","0.13","76.46","75.85","2025-10-25 00:00:00","2025-10-25 00:00:00"
"WSEC11","2025-10-24 00:00:00","2.33","2.33","2.37","-1.69","3.37","2.30","2025-10-25 00:00:00","2025-10-25 00:00:00"
"BBRC11","2025-10-24 00:00:00","97.80","97.80","97.07","0.75","98.59","97.07","2025-10-25 00:00:00","2025-10-25 00:00:00"
"HAAA11","2025-10-24 00:00:00","48.03","48.03","50.99","-5.81","50.99","48.03","2025-10-25 00:00:00","2025-10-25 00:00:00"
"BBFI11","2025-10-24 00:00:00","362.97","362.97","352.01","3.11","362.99","352.01","2025-10-25 00:00:00","2025-10-25 00:00:00"
"HGLG11","2025-10-24 00:00:00","159.30","159.30","159.05","0.16","159.89","158.62","2025-10-25 00:00:00","2025-10-25 00:00:00"
"HLOG11","2025-10-24 00:00:00","9.01","9.01","8.93","0.90","9.01","8.61","2025-10-25 00:00:00","2025-10-25 00:00:00"
"RNGO11","2025-10-24 00:00:00","51.64","51.64","51.63","0.02","51.64","51.15","2025-10-25 00:00:00","2025-10-25 00:00:00"
"FIIB11","2025-10-24 00:00:00","496.00","496.00","496.00","0.00","496.00","495.17","2025-10-25 00:00:00","2025-10-25 00:00:00"
"HGBS11","2025-10-24 00:00:00","20.09","20.09","20.10","-0.05","20.10","19.95","2025-10-25 00:00:00","2025-10-25 00:00:00"
"PATA11","2025-10-24 00:00:00","10.00","10.00","10.00","0.00","10.00","10.00","2025-10-25 00:00:00","2025-10-25 00:00:00"
"RENV11","2025-10-24 00:00:00","5.79","5.79","5.80","-0.17","5.80","5.70","2025-10-25 00:00:00","2025-10-25 00:00:00"
"VGII11","2025-10-24 00:00:00","101.41","101.41","101.41","0.00","101.41","101.41","2025-10-25 00:00:00","2025-10-25 00:00:00"
"BTYU11","2025-10-24 00:00:00","9.64","9.64","9.70","-0.62","9.70","9.64","2025-10-25 00:00:00","2025-10-25 00:00:00"
"VCRR11","2025-10-24 00:00:00","67.03","67.03","66.60","0.65","67.50","66.60","2025-10-25 00:00:00","2025-10-25 00:00:00"
"VOTS11","2025-10-24 00:00:00","77.15","77.15","77.47","-0.41","78.00","77.15","2025-10-25 00:00:00","2025-10-25 00:00:00"
"BTRA11","2025-10-24 00:00:00","56.15","56.15","59.41","-5.49","59.62","56.05","2025-10-25 00:00:00","2025-10-25 00:00:00"
"RBRP11","2025-10-24 00:00:00","51.30","51.30","50.67","1.24","51.30","50.64","2025-10-25 00:00:00","2025-10-25 00:00:00"
"KEVE11","2025-10-24 00:00:00","846.01","846.01","846.01","0.00","846.01","846.01","2025-10-25 00:00:00","2025-10-25 00:00:00"
"CXCE11","2025-10-24 00:00:00","40.75","40.75","40.85","-0.24","40.94","40.43","2025-10-25 00:00:00","2025-10-25 00:00:00"
"GCRI11","2025-10-24 00:00:00","63.13","63.13","63.27","-0.22","63.50","62.99","2025-10-25 00:00:00","2025-10-25 00:00:00"
"ZAVI11","2025-10-24 00:00:00","89.50","89.50","89.66","-0.18","90.75","89.10","2025-10-25 00:00:00","2025-10-25 00:00:00"
"HCRI11","2025-10-24 00:00:00","269.99","269.99","268.50","0.55","274.30","266.10","2025-10-25 00:00:00","2025-10-25 00:00:00"
"HUCG11","2025-10-24 00:00:00","86.00","86.00","84.65","1.59","86.00","81.11","2025-10-25 00:00:00","2025-10-25 00:00:00"
"WTSP11","2025-10-24 00:00:00","50.00","50.00","50.00","0.00","50.00","50.00","2025-10-25 00:00:00","2025-10-25 00:00:00"
"DAYM11","2025-10-24 00:00:00","3.96","3.96","3.93","0.76","3.97","3.90","2025-10-25 00:00:00","2025-10-25 00:00:00"
"FPAB11","2025-10-24 00:00:00","209.94","209.94","203.99","2.92","215.50","200.02","2025-10-25 00:00:00","2025-10-25 00:00:00"
"APXM11","2025-10-24 00:00:00","74.95","74.95","73.49","1.99","75.49","73.00","2025-10-25 00:00:00","2025-10-25 00:00:00"
"BTHI11","2025-10-24 00:00:00","41.75","41.75","42.00","-0.60","42.00","41.61","2025-10-25 00:00:00","2025-10-25 00:00:00"
"IBBP11","2025-10-24 00:00:00","8.05","8.05","8.05","0.00","8.05","8.05","2025-10-25 00:00:00","2025-10-25 00:00:00"
"XPSF11","2025-10-24 00:00:00","6.21","6.21","6.17","0.65","6.30","6.17","2025-10-25 00:00:00","2025-10-25 00:00:00"
"FLCR11","2025-10-24 00:00:00","94.63","94.63","95.00","-0.39","95.00","94.22","2025-10-25 00:00:00","2025-10-25 00:00:00"
"HGIC11","2025-10-24 00:00:00","62.01","62.01","65.00","-4.60","65.00","62.01","2025-10-25 00:00:00","2025-10-25 00:00:00"
"IRIM11","2025-10-24 00:00:00","70.81","70.81","69.71","1.58","71.49","69.02","2025-10-25 00:00:00","2025-10-25 00:00:00"
"ZAVC11","2025-10-24 00:00:00","9.15","9.15","8.96","2.12","9.15","8.96","2025-10-25 00:00:00","2025-10-25 00:00:00"
"VCRI11","2025-10-24 00:00:00","7.17","7.17","7.12","0.70","7.17","7.11","2025-10-25 00:00:00","2025-10-25 00:00:00"
"RZZR11","2025-10-24 00:00:00","135.00","135.00","135.00","0.00","135.00","134.80","2025-10-25 00:00:00","2025-10-25 00:00:00"
"RECT11","2025-10-24 00:00:00","33.67","33.67","33.75","-0.24","34.48","33.66","2025-10-25 00:00:00","2025-10-25 00:00:00"
"EDGA11","2025-10-24 00:00:00","14.88","14.88","14.87","0.07","14.88","14.87","2025-10-25 00:00:00","2025-10-25 00:00:00"
"RBIR11","2025-10-24 00:00:00","93.95","93.95","94.02","-0.07","94.02","92.70","2025-10-25 00:00:00","2025-10-25 00:00:00"
"KNCR11","2025-10-24 00:00:00","105.70","105.70","105.10","0.57","105.70","104.88","2025-10-25 00:00:00","2025-10-25 00:00:00"
"LVBI11","2025-10-24 00:00:00","107.98","107.98","107.15","0.77","107.98","106.57","2025-10-25 00:00:00","2025-10-25 00:00:00"
"AZPL11","2025-10-24 00:00:00","7.64","7.64","7.69","-0.65","7.69","7.56","2025-10-25 00:00:00","2025-10-25 00:00:00"
"CTXT11","2025-10-24 00:00:00","4.97","4.97","4.71","5.52","4.97","4.70","2025-10-25 00:00:00","2025-10-25 00:00:00"
"ANCR11","2025-10-24 00:00:00","254.80","254.80","254.80","0.00","254.80","254.80","2025-10-25 00:00:00","2025-10-25 00:00:00"
"ARRI11","2025-10-24 00:00:00","6.50","6.50","6.54","-0.61","6.56","6.50","2025-10-25 00:00:00","2025-10-25 00:00:00"
"MCCI11","2025-10-24 00:00:00","87.89","87.89","87.55","0.39","88.43","87.54","2025-10-25 00:00:00","2025-10-25 00:00:00"
"ITRI11","2025-10-24 00:00:00","78.68","78.68","78.85","-0.22","79.29","78.33","2025-10-25 00:00:00","2025-10-25 00:00:00"
"RECM11","2025-10-24 00:00:00","8.39","8.39","8.39","0.00","8.40","8.35","2025-10-25 00:00:00","2025-10-25 00:00:00"
"JPPA11","2025-10-24 00:00:00","78.16","78.16","78.06","0.13","78.49","78.05","2025-10-25 00:00:00","2025-10-25 00:00:00"
"SPTW11","2025-10-24 00:00:00","35.66","35.66","35.45","0.59","35.66","35.01","2025-10-25 00:00:00","2025-10-25 00:00:00"
"AIEC11","2025-10-24 00:00:00","52.22","52.22","52.69","-0.89","52.70","51.70","2025-10-25 00:00:00","2025-10-25 00:00:00"
"EXES11","2025-10-24 00:00:00","9.70","9.70","9.70","0.00","9.70","9.66","2025-10-25 00:00:00","2025-10-25 00:00:00"
"ALZC11","2025-10-24 00:00:00","7.52","7.52","7.55","-0.40","7.60","7.51","2025-10-25 00:00:00","2025-10-25 00:00:00"
"VRTM11","2025-10-24 00:00:00","6.86","6.86","6.87","-0.15","6.88","6.84","2025-10-25 00:00:00","2025-10-25 00:00:00"
"VVMR11","2025-10-24 00:00:00","84.94","84.94","84.94","0.00","84.94","84.94","2025-10-25 00:00:00","2025-10-25 00:00:00"
"RZAK11","2025-10-24 00:00:00","81.57","81.57","81.17","0.49","81.58","81.15","2025-10-25 00:00:00","2025-10-25 00:00:00"
"HGBL11","2025-10-24 00:00:00","8.94","8.94","8.87","0.79","9.03","8.80","2025-10-25 00:00:00","2025-10-25 00:00:00"
"SNME11","2025-10-24 00:00:00","9.33","9.33","9.35","-0.21","9.35","9.27","2025-10-25 00:00:00","2025-10-25 00:00:00"
"DPRO11","2025-10-24 00:00:00","6.30","6.30","6.06","3.96","6.30","5.89","2025-10-25 00:00:00","2025-10-25 00:00:00"
"EQIR11","2025-10-24 00:00:00","7.77","7.77","7.81","-0.51","7.83","7.77","2025-10-25 00:00:00","2025-10-25 00:00:00"
"GLPF11","2025-10-24 00:00:00","105.61","105.61","105.61","0.00","105.61","105.61","2025-10-25 00:00:00","2025-10-25 00:00:00"
"JFLL11","2025-10-24 00:00:00","68.95","68.95","69.23","-0.40","69.24","68.65","2025-10-25 00:00:00","2025-10-25 00:00:00"
"CACR11","2025-10-24 00:00:00","76.50","76.50","75.40","1.46","77.08","74.95","2025-10-25 00:00:00","2025-10-25 00:00:00"
"CXCI11","2025-10-24 00:00:00","66.19","66.19","66.00","0.29","66.23","66.00","2025-10-25 00:00:00","2025-10-25 00:00:00"
"VILG11","2025-10-24 00:00:00","88.75","88.75","88.60","0.17","88.87","88.23","2025-10-25 00:00:00","2025-10-25 00:00:00"
"VSLH11","2025-10-24 00:00:00","2.52","2.52","2.53","-0.40","2.53","2.49","2025-10-25 00:00:00","2025-10-25 00:00:00"
"CCME11","2025-10-24 00:00:00","8.66","8.66","8.74","-0.92","8.78","8.66","2025-10-25 00:00:00","2025-10-25 00:00:00"
"VVCO11","2025-10-24 00:00:00","14.79","14.79","14.79","0.00","14.79","14.79","2025-10-25 00:00:00","2025-10-25 00:00:00"
"HTMX11","2025-10-24 00:00:00","138.55","138.55","138.63","-0.06","138.63","137.00","2025-10-25 00:00:00","2025-10-25 00:00:00"
"BLUE11","2025-10-24 00:00:00","219.00","219.00","220.00","-0.45","220.00","219.00","2025-10-25 00:00:00","2025-10-25 00:00:00"
"BTHF11","2025-10-24 00:00:00","8.41","8.41","8.41","0.00","8.44","8.38","2025-10-25 00:00:00","2025-10-25 00:00:00"
"XPCI11","2025-10-24 00:00:00","83.77","83.77","84.22","-0.53","84.56","83.77","2025-10-25 00:00:00","2025-10-25 00:00:00"
"TORD11","2025-10-24 00:00:00","3.06","3.06","3.10","-1.29","3.10","3.06","2025-10-25 00:00:00","2025-10-25 00:00:00"
"SEQR11","2025-10-24 00:00:00","49.52","49.52","49.53","-0.02","49.53","49.09","2025-10-25 00:00:00","2025-10-25 00:00:00"
"TRNT11","2025-10-24 00:00:00","94.50","94.50","95.00","-0.53","95.00","94.50","2025-10-25 00:00:00","2025-10-25 00:00:00"
"TRBL11","2025-10-24 00:00:00","63.10","63.10","62.33","1.24","63.10","62.11","2025-10-25 00:00:00","2025-10-25 00:00:00"
"PLAG11","2025-10-24 00:00:00","48.69","48.69","48.70","-0.02","48.98","48.06","2025-10-25 00:00:00","2025-10-25 00:00:00"
"CLIN11","2025-10-24 00:00:00","87.14","87.14","87.74","-0.68","87.74","87.11","2025-10-25 00:00:00","2025-10-25 00:00:00"
"JSAF11","2025-10-24 00:00:00","7.23","7.23","7.25","-0.28","7.25","7.18","2025-10-25 00:00:00","2025-10-25 00:00:00"
"ARXD11","2025-10-24 00:00:00","7.51","7.51","7.48","0.40","7.63","7.46","2025-10-25 00:00:00","2025-10-25 00:00:00"
"CXTL11","2025-10-24 00:00:00","302.04","302.04","296.96","1.71","302.04","294.01","2025-10-25 00:00:00","2025-10-25 00:00:00"
"RBRS11","2025-10-24 00:00:00","43.63","43.63","43.64","-0.02","43.64","43.63","2025-10-25 00:00:00","2025-10-25 00:00:00"
"VTLT11","2025-10-24 00:00:00","87.20","87.20","87.17","0.03","87.20","86.50","2025-10-25 00:00:00","2025-10-25 00:00:00"
"RBOP11","2025-10-24 00:00:00","205.00","205.00","204.99","0.00","205.00","200.53","2025-10-25 00:00:00","2025-10-25 00:00:00"
"PRSV11","2025-10-24 00:00:00","33.10","33.10","33.10","0.00","33.10","33.10","2025-10-25 00:00:00","2025-10-25 00:00:00"
"VGIR11","2025-10-24 00:00:00","9.37","9.37","9.34","0.32","9.39","9.32","2025-10-25 00:00:00","2025-10-25 00:00:00"
"PATC11","2025-10-24 00:00:00","41.90","41.90","41.95","-0.12","42.00","40.84","2025-10-25 00:00:00","2025-10-25 00:00:00"
"RBVA11","2025-10-24 00:00:00","9.56","9.56","9.48","0.84","9.57","9.46","2025-10-25 00:00:00","2025-10-25 00:00:00"
"RPRI11","2025-10-24 00:00:00","84.35","84.35","84.90","-0.65","84.98","84.29","2025-10-25 00:00:00","2025-10-25 00:00:00"
"VGRI11","2025-10-24 00:00:00","7.92","7.92","7.83","1.15","7.95","7.78","2025-10-25 00:00:00","2025-10-25 00:00:00"
"SJAU11","2025-10-24 00:00:00","3.78","3.78","3.87","-2.33","3.87","3.78","2025-10-25 00:00:00","2025-10-25 00:00:00"
"FVPQ11","2025-10-24 00:00:00","65.59","65.59","65.58","0.02","65.60","65.30","2025-10-25 00:00:00","2025-10-25 00:00:00"
"PORD11","2025-10-24 00:00:00","8.06","8.06","8.08","-0.25","8.08","8.01","2025-10-25 00:00:00","2025-10-25 00:00:00"
"VVCR11","2025-10-24 00:00:00","9.57","9.57","9.79","-2.25","10.25","9.57","2025-10-25 00:00:00","2025-10-25 00:00:00"
"SNCI11","2025-10-24 00:00:00","80.91","80.91","80.45","0.57","81.20","80.30","2025-10-25 00:00:00","2025-10-25 00:00:00"
"HPDP11","2025-10-24 00:00:00","92.14","92.14","92.10","0.04","92.15","89.48","2025-10-25 00:00:00","2025-10-25 00:00:00"
"HUSC11","2025-10-24 00:00:00","93.03","93.03","93.47","-0.47","97.99","91.99","2025-10-25 00:00:00","2025-10-25 00:00:00"
"ITIT11","2025-10-24 00:00:00","69.29","69.29","69.05","0.35","69.29","68.50","2025-10-25 00:00:00","2025-10-25 00:00:00"
"GARE11","2025-10-24 00:00:00","8.94","8.94","8.95","-0.11","8.96","8.92","2025-10-25 00:00:00","2025-10-25 00:00:00"
"CPSH11","2025-10-24 00:00:00","10.09","10.09","9.96","1.31","10.14","9.93","2025-10-25 00:00:00","2025-10-25 00:00:00"
"HOFC11","2025-10-24 00:00:00","28.90","28.90","28.99","-0.31","28.99","27.09","2025-10-25 00:00:00","2025-10-25 00:00:00"
"BCRI11","2025-10-24 00:00:00","63.82","63.82","63.76","0.09","63.96","63.13","2025-10-25 00:00:00","2025-10-25 00:00:00"
"BLMG11","2025-10-24 00:00:00","33.40","33.40","34.00","-1.76","34.00","33.24","2025-10-25 00:00:00","2025-10-25 00:00:00"
"RCRB11","2025-10-24 00:00:00","126.00","126.00","127.30","-1.02","127.30","126.00","2025-10-25 00:00:00","2025-10-25 00:00:00"
"KNSC11","2025-10-24 00:00:00","8.77","8.77","8.74","0.34","8.78","8.72","2025-10-25 00:00:00","2025-10-25 00:00:00"
"KNHY11","2025-10-24 00:00:00","100.18","100.18","99.73","0.45","100.36","99.58","2025-10-25 00:00:00","2025-10-25 00:00:00"
"VGHF11","2025-10-24 00:00:00","7.57","7.57","7.56","0.13","7.60","7.54","2025-10-25 00:00:00","2025-10-25 00:00:00"
"BLMO11","2025-10-24 00:00:00","88.99","88.99","89.00","-0.01","89.00","85.01","2025-10-25 00:00:00","2025-10-25 00:00:00"
"SNLG11","2025-10-24 00:00:00","0.92","0.92","0.89","3.37","1.09","0.88","2025-10-25 00:00:00","2025-10-25 00:00:00"
"HREC11","2025-10-24 00:00:00","8.49","8.49","8.48","0.12","8.49","8.32","2025-10-25 00:00:00","2025-10-25 00:00:00"
"NSLU11","2025-10-24 00:00:00","217.08","217.08","209.50","3.62","217.13","209.50","2025-10-25 00:00:00","2025-10-25 00:00:00"
"GCDL11","2025-10-24 00:00:00","114.48","114.48","114.48","0.00","114.48","114.48","2025-10-25 00:00:00","2025-10-25 00:00:00"
"SCPF11","2025-10-24 00:00:00","2.73","2.73","2.73","0.00","2.75","2.66","2025-10-25 00:00:00","2025-10-25 00:00:00"
"APTO11","2025-10-24 00:00:00","8.43","8.43","8.41","0.24","8.45","8.36","2025-10-25 00:00:00","2025-10-25 00:00:00"
"BBFO11","2025-10-24 00:00:00","62.44","62.44","62.20","0.39","62.65","62.20","2025-10-25 00:00:00","2025-10-25 00:00:00"
"NEWL11","2025-10-24 00:00:00","103.05","103.05","103.00","0.05","103.62","102.08","2025-10-25 00:00:00","2025-10-25 00:00:00"
"TGAR11","2025-10-24 00:00:00","86.13","86.13","86.19","-0.07","86.94","85.75","2025-10-25 00:00:00","2025-10-25 00:00:00"
"ABCP11","2025-10-24 00:00:00","73.08","73.08","73.82","-1.00","73.83","72.33","2025-10-25 00:00:00","2025-10-25 00:00:00"
"BMLC11","2025-10-24 00:00:00","93.50","93.50","92.94","0.60","94.54","92.90","2025-10-25 00:00:00","2025-10-25 00:00:00"
"TRXY11","2025-10-24 00:00:00","9.00","9.00","9.08","-0.88","9.08","9.00","2025-10-25 00:00:00","2025-10-25 00:00:00"
"ALZR11","2025-10-24 00:00:00","10.56","10.56","10.54","0.19","10.59","10.50","2025-10-25 00:00:00","2025-10-25 00:00:00"
"GLOG11","2025-10-24 00:00:00","68.00","68.00","66.00","3.03","68.00","65.90","2025-10-25 00:00:00","2025-10-25 00:00:00"
"RCFA11","2025-10-24 00:00:00","0.55","0.55","0.55","0.00","0.55","0.55","2025-10-25 00:00:00","2025-10-25 00:00:00"
"BRIM11","2025-10-24 00:00:00","328.99","328.99","306.73","7.26","329.96","282.00","2025-10-25 00:00:00","2025-10-25 00:00:00"
"CPUR11","2025-10-24 00:00:00","10.45","10.45","10.45","0.00","10.45","10.34","2025-10-25 00:00:00","2025-10-25 00:00:00"
"FAMB11","2025-10-24 00:00:00","949.99","949.99","969.93","-2.06","969.93","896.10","2025-10-25 00:00:00","2025-10-25 00:00:00"
"CARE11","2025-10-24 00:00:00","1.02","1.02","1.04","-1.92","1.04","1.00","2025-10-25 00:00:00","2025-10-25 00:00:00"
"HGPO11","2025-10-24 00:00:00","141.73","141.73","141.43","0.21","142.50","140.99","2025-10-25 00:00:00","2025-10-25 00:00:00"
"ATSA11","2025-10-24 00:00:00","50.89","50.89","51.00","-0.22","51.00","50.89","2025-10-25 00:00:00","2025-10-25 00:00:00"
"TRXB11","2025-10-24 00:00:00","157.23","157.23","157.23","0.00","157.23","156.30","2025-10-25 00:00:00","2025-10-25 00:00:00"
"SNFF11","2025-10-24 00:00:00","70.20","70.20","69.00","1.74","70.20","68.78","2025-10-25 00:00:00","2025-10-25 00:00:00"
"HFOF11","2025-10-24 00:00:00","6.18","6.18","6.16","0.32","6.18","6.13","2025-10-25 00:00:00","2025-10-25 00:00:00"
"PQDP11","2025-10-24 00:00:00","2325.00","2325.00","2325.04","0.00","2346.98","2325.00","2025-10-25 00:00:00","2025-10-25 00:00:00"
"ICRI11","2025-10-24 00:00:00","88.40","88.40","88.31","0.10","88.66","88.15","2025-10-25 00:00:00","2025-10-25 00:00:00"
"VCJR11","2025-10-24 00:00:00","77.09","77.09","76.71","0.50","77.28","76.43","2025-10-25 00:00:00","2025-10-25 00:00:00"
"BNFS11","2025-10-24 00:00:00","73.88","73.88","74.15","-0.36","74.15","73.64","2025-10-25 00:00:00","2025-10-25 00:00:00"
"FCFL11","2025-10-24 00:00:00","124.51","124.51","125.17","-0.53","126.97","124.51","2025-10-25 00:00:00","2025-10-25 00:00:00"
"CXCO11","2025-10-24 00:00:00","59.98","59.98","59.00","1.66","59.98","58.99","2025-10-25 00:00:00","2025-10-25 00:00:00"
"AROA11","2025-10-24 00:00:00","1.01","1.01","1.00","1.00","1.01","1.00","2025-10-25 00:00:00","2025-10-25 00:00:00"
"MCEM11","2025-10-24 00:00:00","65.77","65.77","65.76","0.02","65.77","65.76","2025-10-25 00:00:00","2025-10-25 00:00:00"
"DAMT11","2025-10-24 00:00:00","9.00","9.00","9.00","0.00","9.00","9.00","2025-10-25 00:00:00","2025-10-25 00:00:00"
"BROF11","2025-10-24 00:00:00","52.70","52.70","52.45","0.48","52.98","52.18","2025-10-25 00:00:00","2025-10-25 00:00:00"
"FIGS11","2025-10-24 00:00:00","47.95","47.95","47.96","-0.02","48.20","47.90","2025-10-25 00:00:00","2025-10-25 00:00:00"
"MFII11","2025-10-24 00:00:00","76.40","76.40","76.39","0.01","76.76","76.10","2025-10-25 00:00:00","2025-10-25 00:00:00"
"PCIP11","2025-10-24 00:00:00","80.04","80.04","78.25","2.29","80.20","77.91","2025-10-25 00:00:00","2025-10-25 00:00:00"
"MCLO11","2025-10-24 00:00:00","10.00","10.00","10.00","0.00","10.19","9.99","2025-10-25 00:00:00","2025-10-25 00:00:00"
"FYTO11","2025-10-24 00:00:00","7.97","7.97","7.92","0.63","7.99","7.91","2025-10-25 00:00:00","2025-10-25 00:00:00"
"AJFI11","2025-10-24 00:00:00","7.67","7.67","7.62","0.66","7.67","7.59","2025-10-25 00:00:00","2025-10-25 00:00:00"
"DAMA11","2025-10-24 00:00:00","7.38","7.38","7.40","-0.27","7.40","7.08","2025-10-25 00:00:00","2025-10-25 00:00:00"
"CYCR11","2025-10-24 00:00:00","8.50","8.50","8.51","-0.12","8.51","8.45","2025-10-25 00:00:00","2025-10-25 00:00:00"
"WPLZ11","2025-10-24 00:00:00","49.43","49.43","49.45","-0.04","49.45","47.50","2025-10-25 00:00:00","2025-10-25 00:00:00"
"GZIT11","2025-10-24 00:00:00","46.68","46.68","46.21","1.02","46.92","46.21","2025-10-25 00:00:00","2025-10-25 00:00:00"
"CPOF11","2025-10-24 00:00:00","109.50","109.50","108.50","0.92","109.50","108.50","2025-10-25 00:00:00","2025-10-25 00:00:00"
"CXAG11","2025-10-24 00:00:00","72.71","72.71","73.29","-0.79","73.29","72.64","2025-10-25 00:00:00","2025-10-25 00:00:00"
"BRCO11","2025-10-24 00:00:00","115.95","115.95","115.57","0.33","116.35","115.57","2025-10-25 00:00:00","2025-10-25 00:00:00"
"MAXR11","2025-10-24 00:00:00","64.44","64.44","64.30","0.22","64.48","64.05","2025-10-25 00:00:00","2025-10-25 00:00:00"
"HGRE11","2025-10-24 00:00:00","113.70","113.70","115.10","-1.22","115.15","112.99","2025-10-25 00:00:00","2025-10-25 00:00:00"
"BRCR11","2025-10-24 00:00:00","39.42","39.42","40.54","-2.76","40.54","38.93","2025-10-25 00:00:00","2025-10-25 00:00:00"
"VRTA11","2025-10-24 00:00:00","76.96","76.96","76.40","0.73","76.97","76.27","2025-10-25 00:00:00","2025-10-25 00:00:00"
"FATN11","2025-10-24 00:00:00","84.40","84.40","84.79","-0.46","84.79","83.90","2025-10-25 00:00:00","2025-10-25 00:00:00"
"BTAL11","2025-10-24 00:00:00","76.85","76.85","76.80","0.07","77.71","76.80","2025-10-25 00:00:00","2025-10-25 00:00:00"
"SMRE11","2025-10-24 00:00:00","78.50","78.50","78.70","-0.25","78.80","78.50","2025-10-25 00:00:00","2025-10-25 00:00:00"
"VISC11","2025-10-24 00:00:00","107.44","107.44","107.30","0.13","107.97","107.07","2025-10-25 00:00:00","2025-10-25 00:00:00"
"RBHY11","2025-10-24 00:00:00","75.80","75.80","75.87","-0.09","76.16","75.62","2025-10-25 00:00:00","2025-10-25 00:00:00"
"TOPP11","2025-10-24 00:00:00","68.90","68.90","68.72","0.26","68.95","68.35","2025-10-25 00:00:00","2025-10-25 00:00:00"
"PVBI11","2025-10-24 00:00:00","75.00","75.00","74.90","0.13","75.39","74.26","2025-10-25 00:00:00","2025-10-25 00:00:00"
"TRXF11","2025-10-24 00:00:00","101.11","101.11","100.86","0.25","101.21","100.70","2025-10-25 00:00:00","2025-10-25 00:00:00"
"XPIN11","2025-10-24 00:00:00","74.60","74.60","73.33","1.73","74.75","73.33","2025-10-25 00:00:00","2025-10-25 00:00:00"
"BPML11","2025-10-24 00:00:00","78.40","78.40","77.57","1.07","78.40","77.57","2025-10-25 00:00:00","2025-10-25 00:00:00"
"RBHG11","2025-10-24 00:00:00","63.39","63.39","63.19","0.32","64.10","62.52","2025-10-25 00:00:00","2025-10-25 00:00:00"
"XPCM11","2025-10-24 00:00:00","8.73","8.73","8.75","-0.23","8.80","8.70","2025-10-25 00:00:00","2025-10-25 00:00:00"
"HABT11","2025-10-24 00:00:00","72.01","72.01","72.56","-0.76","72.69","71.87","2025-10-25 00:00:00","2025-10-25 00:00:00"
"VINO11","2025-10-24 00:00:00","4.98","4.98","4.96","0.40","4.98","4.96","2025-10-25 00:00:00","2025-10-25 00:00:00"
"FIIP11","2025-10-24 00:00:00","152.32","152.32","155.80","-2.23","155.80","151.27","2025-10-25 00:00:00","2025-10-25 00:00:00"
"KNRE11","2025-10-24 00:00:00","0.31","0.31","0.32","-3.13","0.32","0.31","2025-10-25 00:00:00","2025-10-25 00:00:00"
"NCRI11","2025-10-24 00:00:00","8.46","8.46","8.54","-0.94","8.54","8.28","2025-10-25 00:00:00","2025-10-25 00:00:00"
"URPR11","2025-10-24 00:00:00","34.06","34.06","33.90","0.47","34.12","33.88","2025-10-25 00:00:00","2025-10-25 00:00:00"
"PMIS11","2025-10-24 00:00:00","7.83","7.83","7.82","0.13","7.87","7.80","2025-10-25 00:00:00","2025-10-25 00:00:00"
"VSHO11","2025-10-24 00:00:00","73.10","73.10","73.00","0.14","73.40","73.00","2025-10-25 00:00:00","2025-10-25 00:00:00"
"RBFF11","2025-10-24 00:00:00","49.43","49.43","48.76","1.37","49.44","48.76","2025-10-25 00:00:00","2025-10-25 00:00:00"
"HSAF11","2025-10-24 00:00:00","76.46","76.46","77.08","-0.80","77.59","76.20","2025-10-25 00:00:00","2025-10-25 00:00:00"
"BTLG11","2025-10-24 00:00:00","103.90","103.90","103.75","0.14","104.25","103.70","2025-10-25 00:00:00","2025-10-25 00:00:00"
"KIVO11","2025-10-24 00:00:00","62.16","62.16","62.39","-0.37","62.51","61.54","2025-10-25 00:00:00","2025-10-25 00:00:00"
"GTWR11","2025-10-24 00:00:00","76.15","76.15","76.40","-0.33","76.62","75.92","2025-10-25 00:00:00","2025-10-25 00:00:00"
"GRUL11","2025-10-24 00:00:00","8.26","8.26","8.35","-1.08","8.35","8.17","2025-10-25 00:00:00","2025-10-25 00:00:00"
"MGHT11","2025-10-24 00:00:00","16.22","16.22","15.99","1.44","16.22","15.94","2025-10-25 00:00:00","2025-10-25 00:00:00"
"TEPP11","2025-10-24 00:00:00","79.60","79.60","78.66","1.20","79.80","78.60","2025-10-25 00:00:00","2025-10-25 00:00:00"
"EDFO11","2025-10-24 00:00:00","130.00","130.00","130.00","0.00","130.00","130.00","2025-10-25 00:00:00","2025-10-25 00:00:00"
"OUJP11","2025-10-24 00:00:00","75.56","75.56","74.98","0.77","75.88","74.92","2025-10-25 00:00:00","2025-10-25 00:00:00"
"HSML11","2025-10-24 00:00:00","85.42","85.42","84.70","0.85","85.90","84.64","2025-10-25 00:00:00","2025-10-25 00:00:00"
"LASC11","2025-10-24 00:00:00","100.00","100.00","100.99","-0.98","101.00","99.40","2025-10-25 00:00:00","2025-10-25 00:00:00"
"BLCA11","2025-10-24 00:00:00","94.08","94.08","94.08","0.00","94.08","94.08","2025-10-25 00:00:00","2025-10-25 00:00:00"
"VGIP11","2025-10-23 00:00:00","76.00","76.00","76.23","-0.30","76.99","75.74","2025-10-24 00:00:00","2025-10-24 00:00:00"
"TOPP11","2025-10-23 00:00:00","68.95","68.95","68.87","0.12","69.00","67.97","2025-10-24 00:00:00","2025-10-24 00:00:00"
"KNHF11","2025-10-23 00:00:00","92.88","92.88","92.79","0.10","93.25","92.15","2025-10-24 00:00:00","2025-10-24 00:00:00"
"KNSC11","2025-10-23 00:00:00","8.72","8.72","8.75","-0.34","8.76","8.71","2025-10-24 00:00:00","2025-10-24 00:00:00"
"SMRE11","2025-10-23 00:00:00","78.50","78.50","78.60","-0.13","78.76","78.50","2025-10-24 00:00:00","2025-10-24 00:00:00"
"MCLO11","2025-10-23 00:00:00","10.29","10.29","10.03","2.59","10.29","10.03","2025-10-24 00:00:00","2025-10-24 00:00:00"
"ERPA11","2025-10-23 00:00:00","125.00","125.00","125.00","0.00","125.00","125.00","2025-10-24 00:00:00","2025-10-24 00:00:00"
"FATN11","2025-10-23 00:00:00","84.29","84.29","84.01","0.33","84.75","83.85","2025-10-24 00:00:00","2025-10-24 00:00:00"
"DAMA11","2025-10-23 00:00:00","7.30","7.30","7.37","-0.95","7.40","7.07","2025-10-24 00:00:00","2025-10-24 00:00:00"
"GZIT11","2025-10-23 00:00:00","46.77","46.77","46.16","1.32","46.77","46.06","2025-10-24 00:00:00","2025-10-24 00:00:00"
"MFII11","2025-10-23 00:00:00","76.85","76.85","76.83","0.03","77.04","76.29","2025-10-24 00:00:00","2025-10-24 00:00:00"
"VILG11","2025-10-23 00:00:00","88.68","88.68","88.26","0.48","88.69","88.26","2025-10-24 00:00:00","2025-10-24 00:00:00"
"BRCR11","2025-10-23 00:00:00","40.54","40.54","40.37","0.42","40.86","40.22","2025-10-24 00:00:00","2025-10-24 00:00:00"
"RBHY11","2025-10-23 00:00:00","75.87","75.87","76.15","-0.37","76.15","75.69","2025-10-24 00:00:00","2025-10-24 00:00:00"
"SHPH11","2025-10-23 00:00:00","895.00","895.00","900.01","-0.56","908.33","895.00","2025-10-24 00:00:00","2025-10-24 00:00:00"
"WPLZ11","2025-10-23 00:00:00","47.26","47.26","47.52","-0.55","47.77","47.26","2025-10-24 00:00:00","2025-10-24 00:00:00"
"BLCA11","2025-10-23 00:00:00","90.62","90.62","91.99","-1.49","94.48","90.50","2025-10-24 00:00:00","2025-10-24 00:00:00"
"AFHI11","2025-10-23 00:00:00","94.15","94.15","94.25","-0.11","94.25","93.81","2025-10-24 00:00:00","2025-10-24 00:00:00"
"HUSC11","2025-10-23 00:00:00","92.77","92.77","92.91","-0.15","92.91","92.00","2025-10-24 00:00:00","2025-10-24 00:00:00"
"RMAI11","2025-10-23 00:00:00","55.00","55.00","58.87","-6.57","58.87","55.00","2025-10-24 00:00:00","2025-10-24 00:00:00"
"SHPP11","2025-10-23 00:00:00","10.51","10.51","10.51","0.00","10.51","10.51","2025-10-24 00:00:00","2025-10-24 00:00:00"
"BLOG11","2025-10-23 00:00:00","10.00","10.00","10.00","0.00","10.00","10.00","2025-10-24 00:00:00","2025-10-24 00:00:00"
"LIFE11","2025-10-23 00:00:00","8.15","8.15","8.34","-2.28","8.34","8.14","2025-10-24 00:00:00","2025-10-24 00:00:00"
"TRXY11","2025-10-23 00:00:00","9.00","9.00","9.08","-0.88","9.08","9.00","2025-10-24 00:00:00","2025-10-24 00:00:00"
"MXRF11","2025-10-23 00:00:00","9.62","9.62","9.64","-0.21","9.65","9.60","2025-10-24 00:00:00","2025-10-24 00:00:00"
"NVHO11","2025-10-23 00:00:00","12.50","12.50","12.50","0.00","12.50","12.50","2025-10-24 00:00:00","2025-10-24 00:00:00"
"PABY11","2025-10-23 00:00:00","10.43","10.43","10.43","0.00","10.43","10.43","2025-10-24 00:00:00","2025-10-24 00:00:00"
"VVCR11","2025-10-23 00:00:00","9.89","9.89","9.70","1.96","9.89","9.70","2025-10-24 00:00:00","2025-10-24 00:00:00"
"SPXS11","2025-10-23 00:00:00","8.43","8.43","8.44","-0.12","8.45","8.37","2025-10-24 00:00:00","2025-10-24 00:00:00"
"BRCO11","2025-10-23 00:00:00","115.57","115.57","115.83","-0.22","115.83","115.29","2025-10-24 00:00:00","2025-10-24 00:00:00"
"VPPR11","2025-10-23 00:00:00","14.65","14.65","14.61","0.27","14.65","14.61","2025-10-24 00:00:00","2025-10-24 00:00:00"
"NSLU11","2025-10-23 00:00:00","210.65","210.65","210.75","-0.05","210.75","209.67","2025-10-24 00:00:00","2025-10-24 00:00:00"
"RINV11","2025-10-23 00:00:00","102.98","102.98","102.90","0.08","102.98","101.81","2025-10-24 00:00:00","2025-10-24 00:00:00"
"CXCO11","2025-10-23 00:00:00","58.99","58.99","59.00","-0.02","59.00","58.70","2025-10-24 00:00:00","2025-10-24 00:00:00"
"GLOG11","2025-10-23 00:00:00","67.80","67.80","64.74","4.73","67.80","64.74","2025-10-24 00:00:00","2025-10-24 00:00:00"
"FLMA11","2025-10-23 00:00:00","145.75","145.75","144.88","0.60","146.72","144.53","2025-10-24 00:00:00","2025-10-24 00:00:00"
"GRUL11","2025-10-23 00:00:00","8.27","8.27","8.36","-1.08","8.36","8.19","2025-10-24 00:00:00","2025-10-24 00:00:00"
"HGCR11","2025-10-23 00:00:00","93.75","93.75","93.66","0.10","93.87","93.45","2025-10-24 00:00:00","2025-10-24 00:00:00"
"HOMS11","2025-10-23 00:00:00","118.29","118.29","118.29","0.00","118.29","118.29","2025-10-24 00:00:00","2025-10-24 00:00:00"
"HSAF11","2025-10-23 00:00:00","77.08","77.08","77.78","-0.90","77.78","76.91","2025-10-24 00:00:00","2025-10-24 00:00:00"
"DVFF11","2025-10-23 00:00:00","5.71","5.71","5.82","-1.89","5.83","5.68","2025-10-24 00:00:00","2025-10-24 00:00:00"
"TGAR11","2025-10-23 00:00:00","86.20","86.20","85.26","1.10","86.54","85.16","2025-10-24 00:00:00","2025-10-24 00:00:00"
"FAED11","2025-10-23 00:00:00","145.60","145.60","146.70","-0.75","147.00","145.51","2025-10-24 00:00:00","2025-10-24 00:00:00"
"RRCI11","2025-10-23 00:00:00","79.50","79.50","78.21","1.65","79.51","78.00","2025-10-24 00:00:00","2025-10-24 00:00:00"
"VGRI11","2025-10-23 00:00:00","7.83","7.83","7.83","0.00","7.86","7.73","2025-10-24 00:00:00","2025-10-24 00:00:00"
"BTLG11","2025-10-23 00:00:00","103.72","103.72","103.74","-0.02","103.87","103.50","2025-10-24 00:00:00","2025-10-24 00:00:00"
"SNEL11","2025-10-23 00:00:00","8.49","8.49","8.49","0.00","8.50","8.47","2025-10-24 00:00:00","2025-10-24 00:00:00"
"AROA11","2025-10-23 00:00:00","1.00","1.00","1.00","0.00","1.01","1.00","2025-10-24 00:00:00","2025-10-24 00:00:00"
"XPML11","2025-10-23 00:00:00","104.95","104.95","104.80","0.14","104.95","104.38","2025-10-24 00:00:00","2025-10-24 00:00:00"
"HFOF11","2025-10-23 00:00:00","6.14","6.14","6.15","-0.16","6.17","6.11","2025-10-24 00:00:00","2025-10-24 00:00:00"
"ITIP11","2025-10-23 00:00:00","65.39","65.39","64.99","0.62","65.39","64.44","2025-10-24 00:00:00","2025-10-24 00:00:00"
"TVRI11","2025-10-23 00:00:00","93.15","93.15","93.03","0.13","93.25","92.94","2025-10-24 00:00:00","2025-10-24 00:00:00"
"SJAU11","2025-10-23 00:00:00","3.99","3.99","3.99","0.00","3.99","3.87","2025-10-24 00:00:00","2025-10-24 00:00:00"
"MGHT11","2025-10-23 00:00:00","15.96","15.96","15.71","1.59","16.10","15.71","2025-10-24 00:00:00","2025-10-24 00:00:00"
"PMIS11","2025-10-23 00:00:00","7.82","7.82","7.82","0.00","7.87","7.77","2025-10-24 00:00:00","2025-10-24 00:00:00"
"MANA11","2025-10-23 00:00:00","8.87","8.87","8.85","0.23","8.90","8.83","2025-10-24 00:00:00","2025-10-24 00:00:00"
"RBRL11","2025-10-23 00:00:00","86.98","86.98","87.33","-0.40","87.55","85.20","2025-10-24 00:00:00","2025-10-24 00:00:00"
"SNCI11","2025-10-23 00:00:00","80.42","80.42","81.00","-0.72","81.00","80.12","2025-10-24 00:00:00","2025-10-24 00:00:00"
"RVBI11","2025-10-23 00:00:00","59.90","59.90","59.95","-0.08","60.43","59.57","2025-10-24 00:00:00","2025-10-24 00:00:00"
"HGBS11","2025-10-23 00:00:00","20.05","20.05","20.05","0.00","20.10","19.96","2025-10-24 00:00:00","2025-10-24 00:00:00"
"JSAF11","2025-10-23 00:00:00","7.25","7.25","7.20","0.69","7.25","7.15","2025-10-24 00:00:00","2025-10-24 00:00:00"
"EIRA11","2025-10-23 00:00:00","103.49","103.49","103.49","0.00","103.49","103.49","2025-10-24 00:00:00","2025-10-24 00:00:00"
"VGHF11","2025-10-23 00:00:00","7.56","7.56","7.55","0.13","7.63","7.51","2025-10-24 00:00:00","2025-10-24 00:00:00"
"PORD11","2025-10-23 00:00:00","8.08","8.08","8.05","0.37","8.08","7.98","2025-10-24 00:00:00","2025-10-24 00:00:00"
"VRTM11","2025-10-23 00:00:00","6.87","6.87","6.85","0.29","6.87","6.84","2025-10-24 00:00:00","2025-10-24 00:00:00"
"TEPP11","2025-10-23 00:00:00","78.63","78.63","78.70","-0.09","78.89","78.59","2025-10-24 00:00:00","2025-10-24 00:00:00"
"ITIT11","2025-10-23 00:00:00","68.55","68.55","68.40","0.22","68.85","68.20","2025-10-24 00:00:00","2025-10-24 00:00:00"
"RCFA11","2025-10-23 00:00:00","0.55","0.55","0.55","0.00","0.55","0.55","2025-10-24 00:00:00","2025-10-24 00:00:00"
"RBVA11","2025-10-23 00:00:00","9.46","9.46","9.50","-0.42","9.50","9.43","2025-10-24 00:00:00","2025-10-24 00:00:00"
"GSFI11","2025-10-23 00:00:00","9.50","9.50","9.42","0.85","9.57","9.42","2025-10-24 00:00:00","2025-10-24 00:00:00"
"GAME11","2025-10-23 00:00:00","8.38","8.38","8.42","-0.48","8.42","8.37","2025-10-24 00:00:00","2025-10-24 00:00:00"
"KISU11","2025-10-23 00:00:00","6.74","6.74","6.80","-0.88","6.80","6.72","2025-10-24 00:00:00","2025-10-24 00:00:00"
"BPML11","2025-10-23 00:00:00","78.48","78.48","77.88","0.77","78.50","77.30","2025-10-24 00:00:00","2025-10-24 00:00:00"
"RBRX11","2025-10-23 00:00:00","7.66","7.66","7.59","0.92","7.67","7.57","2025-10-24 00:00:00","2025-10-24 00:00:00"
"VRTA11","2025-10-23 00:00:00","76.20","76.20","76.00","0.26","76.35","76.00","2025-10-24 00:00:00","2025-10-24 00:00:00"
"BNFS11","2025-10-23 00:00:00","74.00","74.00","74.00","0.00","74.10","73.79","2025-10-24 00:00:00","2025-10-24 00:00:00"
"BTAL11","2025-10-23 00:00:00","77.00","77.00","76.99","0.01","77.03","75.35","2025-10-24 00:00:00","2025-10-24 00:00:00"
"DEVA11","2025-10-23 00:00:00","25.00","25.00","25.01","-0.04","25.17","25.00","2025-10-24 00:00:00","2025-10-24 00:00:00"
"VIUR11","2025-10-23 00:00:00","5.59","5.59","5.61","-0.36","5.65","5.58","2025-10-24 00:00:00","2025-10-24 00:00:00"
"ABCP11","2025-10-23 00:00:00","73.84","73.84","73.87","-0.04","74.95","72.70","2025-10-24 00:00:00","2025-10-24 00:00:00"
"FCFL11","2025-10-23 00:00:00","125.15","125.15","126.00","-0.67","126.00","124.08","2025-10-24 00:00:00","2025-10-24 00:00:00"
"ALMI11","2025-10-23 00:00:00","625.02","625.02","629.89","-0.77","629.99","625.02","2025-10-24 00:00:00","2025-10-24 00:00:00"
"RZAT11","2025-10-23 00:00:00","87.48","87.48","86.68","0.92","87.49","86.50","2025-10-24 00:00:00","2025-10-24 00:00:00"
"BCIA11","2025-10-23 00:00:00","83.69","83.69","84.02","-0.39","84.43","83.69","2025-10-24 00:00:00","2025-10-24 00:00:00"
"ICRI11","2025-10-23 00:00:00","88.26","88.26","89.68","-1.58","89.68","88.14","2025-10-24 00:00:00","2025-10-24 00:00:00"
"RBOP11","2025-10-23 00:00:00","202.00","202.00","207.99","-2.88","207.99","202.00","2025-10-24 00:00:00","2025-10-24 00:00:00"
"HGRE11","2025-10-23 00:00:00","115.15","115.15","114.51","0.56","115.15","114.18","2025-10-24 00:00:00","2025-10-24 00:00:00"
"NEWU11","2025-10-23 00:00:00","98.94","98.94","96.96","2.04","98.94","96.96","2025-10-24 00:00:00","2025-10-24 00:00:00"
"GGRC11","2025-10-23 00:00:00","9.94","9.94","9.97","-0.30","9.97","9.93","2025-10-24 00:00:00","2025-10-24 00:00:00"
"HABT11","2025-10-23 00:00:00","72.56","72.56","72.91","-0.48","73.17","72.36","2025-10-24 00:00:00","2025-10-24 00:00:00"
"OULG11","2025-10-23 00:00:00","40.40","40.40","39.00","3.59","41.66","39.00","2025-10-24 00:00:00","2025-10-24 00:00:00"
"RBRD11","2025-10-23 00:00:00","39.96","39.96","40.00","-0.10","40.35","39.72","2025-10-24 00:00:00","2025-10-24 00:00:00"
"PMLL11","2025-10-23 00:00:00","101.00","101.00","100.73","0.27","101.00","100.04","2025-10-24 00:00:00","2025-10-24 00:00:00"
"TORD11","2025-10-23 00:00:00","3.10","3.10","3.09","0.32","3.10","3.09","2025-10-24 00:00:00","2025-10-24 00:00:00"
"BRIP11","2025-10-23 00:00:00","600.52","600.52","601.01","-0.08","601.01","600.52","2025-10-24 00:00:00","2025-10-24 00:00:00"
"KCRE11","2025-10-23 00:00:00","8.51","8.51","8.54","-0.35","8.55","8.41","2025-10-24 00:00:00","2025-10-24 00:00:00"
"BBIG11","2025-10-23 00:00:00","6.91","6.91","6.94","-0.43","6.95","6.90","2025-10-24 00:00:00","2025-10-24 00:00:00"
"CPLG11","2025-10-23 00:00:00","12.29","12.29","12.18","0.90","12.30","11.44","2025-10-24 00:00:00","2025-10-24 00:00:00"
"TJKB11","2025-10-23 00:00:00","249.08","249.08","249.10","-0.01","249.10","249.07","2025-10-24 00:00:00","2025-10-24 00:00:00"
"SCPF11","2025-10-23 00:00:00","2.70","2.70","2.62","3.05","2.70","2.62","2025-10-24 00:00:00","2025-10-24 00:00:00"
"RELG11","2025-10-23 00:00:00","64.98","64.98","65.43","-0.69","65.48","64.95","2025-10-24 00:00:00","2025-10-24 00:00:00"
"KORE11","2025-10-23 00:00:00","68.50","68.50","69.18","-0.98","69.45","68.50","2025-10-24 00:00:00","2025-10-24 00:00:00"
"CXAG11","2025-10-23 00:00:00","72.56","72.56","72.52","0.06","73.18","72.52","2025-10-24 00:00:00","2025-10-24 00:00:00"
"XPCM11","2025-10-23 00:00:00","8.77","8.77","8.80","-0.34","8.86","8.77","2025-10-24 00:00:00","2025-10-24 00:00:00"
"BTRA11","2025-10-23 00:00:00","58.82","58.82","59.11","-0.49","59.67","57.83","2025-10-24 00:00:00","2025-10-24 00:00:00"
"SNFF11","2025-10-23 00:00:00","68.75","68.75","69.00","-0.36","69.00","68.52","2025-10-24 00:00:00","2025-10-24 00:00:00"
"BTYU11","2025-10-23 00:00:00","9.65","9.65","9.70","-0.52","9.70","9.25","2025-10-24 00:00:00","2025-10-24 00:00:00"
"SNLG11","2025-10-23 00:00:00","0.87","0.87","1.42","-38.73","1.43","0.85","2025-10-24 00:00:00","2025-10-24 00:00:00"
"VTLT11","2025-10-23 00:00:00","87.17","87.17","87.29","-0.14","87.29","86.41","2025-10-24 00:00:00","2025-10-24 00:00:00"
"INLG11","2025-10-23 00:00:00","74.63","74.63","73.30","1.81","74.68","73.30","2025-10-24 00:00:00","2025-10-24 00:00:00"
"VGIR11","2025-10-23 00:00:00","9.33","9.33","9.35","-0.21","9.36","9.27","2025-10-24 00:00:00","2025-10-24 00:00:00"
"ZAGH11","2025-10-23 00:00:00","10.36","10.36","10.36","0.00","10.36","10.36","2025-10-24 00:00:00","2025-10-24 00:00:00"
"PLAG11","2025-10-23 00:00:00","48.55","48.55","48.69","-0.29","48.69","47.87","2025-10-24 00:00:00","2025-10-24 00:00:00"
"VINO11","2025-10-23 00:00:00","4.94","4.94","5.01","-1.40","5.01","4.94","2025-10-24 00:00:00","2025-10-24 00:00:00"
"PLRI11","2025-10-23 00:00:00","8.31","8.31","8.31","0.00","8.31","8.31","2025-10-24 00:00:00","2025-10-24 00:00:00"
"INRD11","2025-10-23 00:00:00","75.88","75.88","73.83","2.78","77.47","73.82","2025-10-24 00:00:00","2025-10-24 00:00:00"
"PQDP11","2025-10-23 00:00:00","2325.00","2325.00","2325.07","0.00","2333.00","2325.00","2025-10-24 00:00:00","2025-10-24 00:00:00"
"KNUQ11","2025-10-23 00:00:00","104.17","104.17","104.00","0.16","104.22","103.92","2025-10-24 00:00:00","2025-10-24 00:00:00"
"OUJP11","2025-10-23 00:00:00","74.60","74.60","76.04","-1.89","76.04","74.02","2025-10-24 00:00:00","2025-10-24 00:00:00"
"CYCR11","2025-10-23 00:00:00","8.47","8.47","8.50","-0.35","8.53","8.46","2025-10-24 00:00:00","2025-10-24 00:00:00"
"XPIN11","2025-10-23 00:00:00","73.40","73.40","73.95","-0.74","74.04","73.00","2025-10-24 00:00:00","2025-10-24 00:00:00"
"KNIP11","2025-10-23 00:00:00","86.62","86.62","87.00","-0.44","87.19","86.47","2025-10-24 00:00:00","2025-10-24 00:00:00"
"HREC11","2025-10-23 00:00:00","8.49","8.49","8.41","0.95","8.49","8.32","2025-10-24 00:00:00","2025-10-24 00:00:00"
"AJFI11","2025-10-23 00:00:00","7.65","7.65","7.60","0.66","7.65","7.59","2025-10-24 00:00:00","2025-10-24 00:00:00"
"PCIP11","2025-10-23 00:00:00","78.32","78.32","78.85","-0.67","79.06","77.54","2025-10-24 00:00:00","2025-10-24 00:00:00"
"HSRE11","2025-10-23 00:00:00","100.66","100.66","100.66","0.00","100.66","100.66","2025-10-24 00:00:00","2025-10-24 00:00:00"
"JSRE11","2025-10-23 00:00:00","61.80","61.80","61.86","-0.10","61.90","61.71","2025-10-24 00:00:00","2025-10-24 00:00:00"
"ANCR11","2025-10-23 00:00:00","260.00","260.00","254.79","2.04","260.00","254.79","2025-10-24 00:00:00","2025-10-24 00:00:00"
"PATC11","2025-10-23 00:00:00","41.93","41.93","41.78","0.36","42.00","40.51","2025-10-24 00:00:00","2025-10-24 00:00:00"
"BSLT11","2025-10-23 00:00:00","98.28","98.28","98.55","-0.27","98.55","98.28","2025-10-24 00:00:00","2025-10-24 00:00:00"
"RZLC11","2025-10-23 00:00:00","1010.17","1010.17","1010.17","0.00","1010.17","1010.17","2025-10-24 00:00:00","2025-10-24 00:00:00"
"ARRI11","2025-10-23 00:00:00","6.55","6.55","6.54","0.15","6.56","6.50","2025-10-24 00:00:00","2025-10-24 00:00:00"
"SARE11","2025-10-23 00:00:00","4.75","4.75","4.76","-0.21","4.80","4.69","2025-10-24 00:00:00","2025-10-24 00:00:00"
"CARE11","2025-10-23 00:00:00","1.02","1.02","1.04","-1.92","1.04","1.02","2025-10-24 00:00:00","2025-10-24 00:00:00"
"VSHO11","2025-10-23 00:00:00","73.00","73.00","73.08","-0.11","73.30","73.00","2025-10-24 00:00:00","2025-10-24 00:00:00"
"RBLG11","2025-10-23 00:00:00","54.99","54.99","40.00","37.48","54.99","40.00","2025-10-24 00:00:00","2025-10-24 00:00:00"
"RBRS11","2025-10-23 00:00:00","43.63","43.63","43.63","0.00","43.63","43.63","2025-10-24 00:00:00","2025-10-24 00:00:00"
"RPRI11","2025-10-23 00:00:00","84.71","84.71","84.24","0.56","85.00","84.24","2025-10-24 00:00:00","2025-10-24 00:00:00"
"KNCR11","2025-10-23 00:00:00","105.00","105.00","104.96","0.04","105.00","104.61","2025-10-24 00:00:00","2025-10-24 00:00:00"
"KNRE11","2025-10-23 00:00:00","0.31","0.31","0.32","-3.13","0.32","0.30","2025-10-24 00:00:00","2025-10-24 00:00:00"
"BMLC11","2025-10-23 00:00:00","93.50","93.50","93.52","-0.02","93.52","93.00","2025-10-24 00:00:00","2025-10-24 00:00:00"
"PRSV11","2025-10-23 00:00:00","33.07","33.07","33.04","0.09","33.07","33.04","2025-10-24 00:00:00","2025-10-24 00:00:00"
"MCEM11","2025-10-23 00:00:00","65.77","65.77","65.76","0.02","65.77","65.76","2025-10-24 00:00:00","2025-10-24 00:00:00"
"NCRI11","2025-10-23 00:00:00","8.49","8.49","8.50","-0.12","8.54","8.30","2025-10-24 00:00:00","2025-10-24 00:00:00"
"VISC11","2025-10-23 00:00:00","107.36","107.36","107.30","0.06","107.99","107.05","2025-10-24 00:00:00","2025-10-24 00:00:00"
"HGPO11","2025-10-23 00:00:00","141.43","141.43","142.00","-0.40","142.00","141.37","2025-10-24 00:00:00","2025-10-24 00:00:00"
"NEWL11","2025-10-23 00:00:00","103.00","103.00","103.82","-0.79","103.82","103.00","2025-10-24 00:00:00","2025-10-24 00:00:00"
"VPSI11","2025-10-23 00:00:00","22.59","22.59","22.59","0.00","22.59","22.59","2025-10-24 00:00:00","2025-10-24 00:00:00"
"JFLL11","2025-10-23 00:00:00","68.99","68.99","68.73","0.38","68.99","68.27","2025-10-24 00:00:00","2025-10-24 00:00:00"
"WHGR11","2025-10-23 00:00:00","8.86","8.86","8.82","0.45","8.88","8.78","2025-10-24 00:00:00","2025-10-24 00:00:00"
"GARE11","2025-10-23 00:00:00","8.94","8.94","8.94","0.00","8.96","8.92","2025-10-24 00:00:00","2025-10-24 00:00:00"
"FIGS11","2025-10-23 00:00:00","47.98","47.98","48.09","-0.23","48.09","47.81","2025-10-24 00:00:00","2025-10-24 00:00:00"
"KNHY11","2025-10-23 00:00:00","99.72","99.72","100.00","-0.28","100.14","99.72","2025-10-24 00:00:00","2025-10-24 00:00:00"
"FYTO11","2025-10-23 00:00:00","7.92","7.92","7.98","-0.75","8.00","7.90","2025-10-24 00:00:00","2025-10-24 00:00:00"
"DAMT11","2025-10-23 00:00:00","8.11","8.11","8.11","0.00","8.11","8.11","2025-10-24 00:00:00","2025-10-24 00:00:00"
"EMET11","2025-10-23 00:00:00","9.80","9.80","10.00","-2.00","10.00","9.80","2025-10-24 00:00:00","2025-10-24 00:00:00"
"TRXF11","2025-10-23 00:00:00","100.90","100.90","100.64","0.26","100.90","100.33","2025-10-24 00:00:00","2025-10-24 00:00:00"
"FMOF11","2025-10-23 00:00:00","42.96","42.96","42.00","2.29","43.00","42.00","2025-10-24 00:00:00","2025-10-24 00:00:00"
"BTWR11","2025-10-23 00:00:00","105.49","105.49","105.49","0.00","105.49","105.49","2025-10-24 00:00:00","2025-10-24 00:00:00"
"URPR11","2025-10-23 00:00:00","33.98","33.98","33.95","0.09","34.15","33.71","2025-10-24 00:00:00","2025-10-24 00:00:00"
"HOFC11","2025-10-23 00:00:00","28.99","28.99","28.37","2.19","29.00","26.46","2025-10-24 00:00:00","2025-10-24 00:00:00"
"CPSH11","2025-10-23 00:00:00","9.97","9.97","9.84","1.32","9.97","9.80","2025-10-24 00:00:00","2025-10-24 00:00:00"
"SOFF11","2025-10-23 00:00:00","126.00","126.00","126.00","0.00","126.00","126.00","2025-10-24 00:00:00","2025-10-24 00:00:00"
"ATSA11","2025-10-23 00:00:00","50.99","50.99","51.00","-0.02","51.00","50.99","2025-10-24 00:00:00","2025-10-24 00:00:00"
"RCRB11","2025-10-23 00:00:00","127.00","127.00","125.00","1.60","127.01","125.00","2025-10-24 00:00:00","2025-10-24 00:00:00"
"ALZR11","2025-10-23 00:00:00","10.49","10.49","10.54","-0.47","10.54","10.45","2025-10-24 00:00:00","2025-10-24 00:00:00"
"BRIM11","2025-10-23 00:00:00","307.00","307.00","323.40","-5.07","349.97","306.06","2025-10-24 00:00:00","2025-10-24 00:00:00"
"APTO11","2025-10-23 00:00:00","8.41","8.41","8.37","0.48","8.41","8.37","2025-10-24 00:00:00","2025-10-24 00:00:00"
"EGDB11","2025-10-23 00:00:00","1164.51","1164.51","1164.51","0.00","1164.51","1164.51","2025-10-24 00:00:00","2025-10-24 00:00:00"
"ZAVI11","2025-10-23 00:00:00","89.66","89.66","91.48","-1.99","91.97","89.00","2025-10-24 00:00:00","2025-10-24 00:00:00"
"BROF11","2025-10-23 00:00:00","51.97","51.97","51.53","0.85","52.49","51.53","2025-10-24 00:00:00","2025-10-24 00:00:00"
"HPDP11","2025-10-23 00:00:00","89.45","89.45","92.11","-2.89","92.11","89.45","2025-10-24 00:00:00","2025-10-24 00:00:00"
"MCRE11","2025-10-23 00:00:00","8.72","8.72","8.71","0.11","8.73","8.68","2025-10-24 00:00:00","2025-10-24 00:00:00"
"CEOC11","2025-10-23 00:00:00","43.78","43.78","43.50","0.64","43.92","43.50","2025-10-24 00:00:00","2025-10-24 00:00:00"
"JSCR11","2025-10-23 00:00:00","8.00","8.00","8.03","-0.37","8.05","7.97","2025-10-24 00:00:00","2025-10-24 00:00:00"
"PRSN11","2025-10-23 00:00:00","0.98","0.98","0.98","0.00","0.98","0.98","2025-10-24 00:00:00","2025-10-24 00:00:00"
"ZAVC11","2025-10-23 00:00:00","9.15","9.15","9.15","0.00","9.15","9.15","2025-10-24 00:00:00","2025-10-24 00:00:00"
"VVCO11","2025-10-23 00:00:00","14.79","14.79","14.65","0.96","14.80","14.65","2025-10-24 00:00:00","2025-10-24 00:00:00"
"ARXD11","2025-10-23 00:00:00","7.45","7.45","7.48","-0.40","7.59","7.45","2025-10-24 00:00:00","2025-10-24 00:00:00"
"VCRR11","2025-10-23 00:00:00","67.12","67.12","68.00","-1.29","68.00","66.43","2025-10-24 00:00:00","2025-10-24 00:00:00"
"RENV11","2025-10-23 00:00:00","5.78","5.78","5.60","3.21","5.80","5.43","2025-10-24 00:00:00","2025-10-24 00:00:00"
"XPLG11","2025-10-23 00:00:00","101.50","101.50","101.50","0.00","101.79","101.28","2025-10-24 00:00:00","2025-10-24 00:00:00"
"CTXT11","2025-10-23 00:00:00","4.98","4.98","5.04","-1.19","5.04","4.98","2025-10-24 00:00:00","2025-10-24 00:00:00"
"IBCR11","2025-10-23 00:00:00","47.07","47.07","48.18","-2.30","48.18","47.04","2025-10-24 00:00:00","2025-10-24 00:00:00"
"RNGO11","2025-10-23 00:00:00","50.82","50.82","51.79","-1.87","51.80","50.82","2025-10-24 00:00:00","2025-10-24 00:00:00"
"HSLG11","2025-10-23 00:00:00","87.60","87.60","87.77","-0.19","88.00","87.12","2025-10-24 00:00:00","2025-10-24 00:00:00"
"CCME11","2025-10-23 00:00:00","8.66","8.66","8.71","-0.57","8.76","8.66","2025-10-24 00:00:00","2025-10-24 00:00:00"
"HCTR11","2025-10-23 00:00:00","22.00","22.00","21.91","0.41","22.06","21.86","2025-10-24 00:00:00","2025-10-24 00:00:00"
"RECD11","2025-10-23 00:00:00","8.02","8.02","8.27","-3.02","8.27","8.02","2025-10-24 00:00:00","2025-10-24 00:00:00"
"BLUE11","2025-10-23 00:00:00","220.00","220.00","219.96","0.02","225.00","219.96","2025-10-24 00:00:00","2025-10-24 00:00:00"
"BBFI11","2025-10-23 00:00:00","360.01","360.01","352.00","2.28","360.25","352.00","2025-10-24 00:00:00","2025-10-24 00:00:00"
"ITRI11","2025-10-23 00:00:00","78.85","78.85","79.00","-0.19","79.30","78.51","2025-10-24 00:00:00","2025-10-24 00:00:00"
"RECR11","2025-10-23 00:00:00","76.75","76.75","77.10","-0.45","77.32","76.68","2025-10-24 00:00:00","2025-10-24 00:00:00"
"HUCG11","2025-10-23 00:00:00","85.98","85.98","85.97","0.01","86.00","85.79","2025-10-24 00:00:00","2025-10-24 00:00:00"
"EGYR11","2025-10-23 00:00:00","3.10","3.10","3.10","0.00","3.10","3.10","2025-10-24 00:00:00","2025-10-24 00:00:00"
"FIIB11","2025-10-23 00:00:00","495.50","495.50","496.00","-0.10","496.00","494.50","2025-10-24 00:00:00","2025-10-24 00:00:00"
"CRFF11","2025-10-23 00:00:00","74.80","74.80","74.79","0.01","74.80","74.79","2025-10-24 00:00:00","2025-10-24 00:00:00"
"XPCI11","2025-10-23 00:00:00","84.22","84.22","84.50","-0.33","84.70","84.00","2025-10-24 00:00:00","2025-10-24 00:00:00"
"IBBP11","2025-10-23 00:00:00","8.05","8.05","7.80","3.21","9.35","7.80","2025-10-24 00:00:00","2025-10-24 00:00:00"
"WSEC11","2025-10-23 00:00:00","2.50","2.50","2.30","8.70","2.60","2.30","2025-10-24 00:00:00","2025-10-24 00:00:00"
"APXM11","2025-10-23 00:00:00","75.00","75.00","75.00","0.00","75.99","72.75","2025-10-24 00:00:00","2025-10-24 00:00:00"
"RBIR11","2025-10-23 00:00:00","93.56","93.56","93.90","-0.36","93.90","92.80","2025-10-24 00:00:00","2025-10-24 00:00:00"
"AZPL11","2025-10-23 00:00:00","7.64","7.64","7.65","-0.13","7.70","7.56","2025-10-24 00:00:00","2025-10-24 00:00:00"
"HAAA11","2025-10-23 00:00:00","49.49","49.49","49.00","1.00","49.49","48.42","2025-10-24 00:00:00","2025-10-24 00:00:00"
"KNRI11","2025-10-23 00:00:00","145.00","145.00","146.00","-0.68","146.25","145.00","2025-10-24 00:00:00","2025-10-24 00:00:00"
"KFOF11","2025-10-23 00:00:00","80.02","80.02","80.71","-0.85","81.00","79.47","2025-10-24 00:00:00","2025-10-24 00:00:00"
"EDGA11","2025-10-23 00:00:00","15.06","15.06","15.64","-3.71","15.70","15.01","2025-10-24 00:00:00","2025-10-24 00:00:00"
"CPTS11","2025-10-23 00:00:00","7.61","7.61","7.57","0.53","7.61","7.55","2025-10-24 00:00:00","2025-10-24 00:00:00"
"XPSF11","2025-10-23 00:00:00","6.17","6.17","6.21","-0.64","6.26","6.17","2025-10-24 00:00:00","2025-10-24 00:00:00"
"RECT11","2025-10-23 00:00:00","33.96","33.96","33.78","0.53","34.20","33.77","2025-10-24 00:00:00","2025-10-24 00:00:00"
"BIME11","2025-10-23 00:00:00","6.80","6.80","6.82","-0.29","6.82","6.71","2025-10-24 00:00:00","2025-10-24 00:00:00"
"SNME11","2025-10-23 00:00:00","9.35","9.35","9.47","-1.27","9.47","9.27","2025-10-24 00:00:00","2025-10-24 00:00:00"
"LVBI11","2025-10-23 00:00:00","107.40","107.40","106.90","0.47","107.98","106.37","2025-10-24 00:00:00","2025-10-24 00:00:00"
"HTMX11","2025-10-23 00:00:00","138.68","138.68","137.96","0.52","138.68","137.71","2025-10-24 00:00:00","2025-10-24 00:00:00"
"BICE11","2025-10-23 00:00:00","888.25","888.25","888.25","0.00","888.25","888.25","2025-10-24 00:00:00","2025-10-24 00:00:00"
"SPTW11","2025-10-23 00:00:00","35.30","35.30","34.81","1.41","35.30","34.81","2025-10-24 00:00:00","2025-10-24 00:00:00"
"VCRI11","2025-10-23 00:00:00","7.13","7.13","7.11","0.28","7.19","7.10","2025-10-24 00:00:00","2025-10-24 00:00:00"
"FIVN11","2025-10-23 00:00:00","4.77","4.77","4.85","-1.65","4.95","4.52","2025-10-24 00:00:00","2025-10-24 00:00:00"
"NAVT11","2025-10-23 00:00:00","68.53","68.53","68.30","0.34","68.97","68.30","2025-10-24 00:00:00","2025-10-24 00:00:00"
"ALZC11","2025-10-23 00:00:00","7.51","7.51","7.50","0.13","7.54","7.48","2025-10-24 00:00:00","2025-10-24 00:00:00"
"TRBL11","2025-10-23 00:00:00","62.33","62.33","62.00","0.53","62.72","62.00","2025-10-24 00:00:00","2025-10-24 00:00:00"
"RZZR11","2025-10-23 00:00:00","135.00","135.00","135.00","0.00","135.00","135.00","2025-10-24 00:00:00","2025-10-24 00:00:00"
"HGRU11","2025-10-23 00:00:00","126.28","126.28","126.56","-0.22","126.70","126.00","2025-10-24 00:00:00","2025-10-24 00:00:00"
"BTHF11","2025-10-23 00:00:00","8.39","8.39","8.41","-0.24","8.46","8.37","2025-10-24 00:00:00","2025-10-24 00:00:00"
"FPAB11","2025-10-23 00:00:00","201.99","201.99","201.98","0.00","201.99","198.31","2025-10-24 00:00:00","2025-10-24 00:00:00"
"EURO11","2025-10-23 00:00:00","266.01","266.01","266.01","0.00","268.99","266.00","2025-10-24 00:00:00","2025-10-24 00:00:00"
"HGBL11","2025-10-23 00:00:00","8.95","8.95","8.89","0.67","8.95","8.89","2025-10-24 00:00:00","2025-10-24 00:00:00"
"HLOG11","2025-10-23 00:00:00","9.02","9.02","9.01","0.11","9.03","8.52","2025-10-24 00:00:00","2025-10-24 00:00:00"
"FLCR11","2025-10-23 00:00:00","95.00","95.00","94.34","0.70","95.00","94.34","2025-10-24 00:00:00","2025-10-24 00:00:00"
"CNES11","2025-10-23 00:00:00","1.27","1.27","1.39","-8.63","1.51","1.27","2025-10-24 00:00:00","2025-10-24 00:00:00"
"MCCI11","2025-10-23 00:00:00","87.55","87.55","87.89","-0.39","87.89","86.97","2025-10-24 00:00:00","2025-10-24 00:00:00"
"HRDF11","2025-10-23 00:00:00","4.00","4.00","4.00","0.00","4.00","4.00","2025-10-24 00:00:00","2025-10-24 00:00:00"
"RZTR11","2025-10-23 00:00:00","92.20","92.20","91.95","0.27","92.44","91.95","2025-10-24 00:00:00","2025-10-24 00:00:00"
