"ticker","volatility_ratio","sharpe_ratio","treynor_ratio","jensen_alpha","beta_index","created_at","updated_at"
"BTML11","0.0000","0.0000","0.0000","0.000","0.000","2024-05-22 00:00:00","2025-10-05 00:00:00"
"ERCR11","0.0000","0.0000","0.0000","0.000","0.000","2024-05-22 00:00:00","2025-09-21 00:00:00"
"ONEF11","0.0000","0.0000","0.0000","0.000","0.000","2024-05-22 00:00:00","2025-09-21 00:00:00"
"SOLR11","0.0000","0.0000","0.0000","0.000","0.000","2024-05-22 00:00:00","2025-09-21 00:00:00"
"TSER11","0.0000","0.0000",NULL,NULL,"0.000","2024-05-22 00:00:00","2025-09-21 00:00:00"
"ABCP11","26.3274","0.2026","-0.1767","5.333","0.005","2024-05-22 00:00:00","2025-09-21 00:00:00"
"RBRF11","17.0060","0.1423","-2.4453","2.417","0.001","2024-05-22 00:00:00","2025-11-07 00:00:00"
"RBRD11","20.8722","0.4528","-0.1444","9.492","0.004","2024-05-22 00:00:00","2025-09-21 00:00:00"
"RBOP11","50.2199","-0.0186","0.0353","-0.941","-0.045","2024-05-22 00:00:00","2025-09-21 00:00:00"
"RBLG11","103.6153","-0.1123","-0.3725","-11.786","0.007","2024-05-22 00:00:00","2025-11-07 00:00:00"
"RBIR11","15.0600","0.6537","-0.0408","9.846","0.012","2024-05-22 00:00:00","2025-11-07 00:00:00"
"RBHY11","18.3594","0.4708","-0.8458","8.640","0.001","2024-05-22 00:00:00","2025-11-07 00:00:00"
"RBHG11","20.7111","0.4295","-0.2943","8.900","0.002","2024-05-22 00:00:00","2025-11-07 00:00:00"
"RBFF11","24.7786","0.7418","0.3855","18.393","0.001","2024-05-22 00:00:00","2025-11-07 00:00:00"
"RBDS11","90.5537","0.1423","-0.3887","12.849","0.001","2024-05-22 00:00:00","2025-11-07 00:00:00"
"PVBI11","19.8370","0.4401","-0.0808","8.737","0.008","2024-05-22 00:00:00","2025-09-28 00:00:00"
"PULV11","54.7804","0.3106","0.2811","16.978","0.001","2024-05-22 00:00:00","2025-11-07 00:00:00"
"PSEC11","6.3790","1.4507","0.8242","8.761","-0.001","2025-10-30 00:00:00","2025-11-07 00:00:00"
"PRSV11","78.1181","-0.2212","0.3073","-17.240","-0.010","2024-05-22 00:00:00","2025-09-21 00:00:00"
"PRSN11","120.6153","-0.1400","7.5136","-16.843","0.000","2024-06-10 00:00:00","2025-11-07 00:00:00"
"PQDP11","23.2115","0.1797","-0.0065","4.194","0.164","2024-05-22 00:00:00","2025-09-21 00:00:00"
"PQAG11","19.7979","0.1795","2.4759","3.554","0.000","2024-05-22 00:00:00","2025-11-07 00:00:00"
"PORD11","17.5063","0.4908","-0.8414","8.591","0.001","2024-05-22 00:00:00","2025-11-07 00:00:00"
"PNRC11","0.0000","0.0000","0.0000","0.000","0.000","2024-05-22 00:00:00","2025-11-07 00:00:00"
"PNPR11","3.2465","-8.3702","-2.8996","-27.174","0.001","2024-05-22 00:00:00","2025-11-07 00:00:00"
"PNDL11","20.0798","-0.0126","-0.0283","-0.247","0.053","2025-07-02 00:00:00","2025-11-07 00:00:00"
"PNCR11","0.0000","0.0000",NULL,NULL,"0.000","2024-05-22 00:00:00","2025-11-07 00:00:00"
"PMLL11","11.7487","0.8408","-0.0590","9.856","0.008","2025-08-17 00:00:00","2025-09-21 00:00:00"
"PMIS11","25.6981","0.4724","-0.6303","12.141","0.000","2024-05-29 00:00:00","2025-11-07 00:00:00"
"PMFO11","0.0000","0.0000","0.0083","15.599","0.009","2024-05-22 00:00:00","2025-11-07 00:00:00"
"PLRI11","80.4252","-0.2108","15.1022","-16.911","0.000","2024-05-22 00:00:00","2025-11-07 00:00:00"
"PLCR11","22.6480","0.0308","-1.5558","0.696","0.001","2024-05-22 00:00:00","2025-11-07 00:00:00"
"PLAG11","10.3883","1.3385","-0.0934","13.969","0.001","2025-07-02 00:00:00","2025-11-07 00:00:00"
"PEMA11","33.4102","-0.0011","0.2451","-0.038","-0.006","2024-05-22 00:00:00","2025-11-07 00:00:00"
"PCIP11","17.9195","0.6886","-0.0180","12.337","0.014","2025-10-10 00:00:00","2025-11-07 00:00:00"
"PATL11","23.6831","0.2544","-0.1511","6.030","0.006","2024-05-22 00:00:00","2025-11-07 00:00:00"
"PATC11","15.5681","0.1179","-0.3287","1.832","0.004","2024-05-22 00:00:00","2025-11-07 00:00:00"
"PATA11","51.5602","0.2075","-0.8667","10.767","0.000","2025-07-02 00:00:00","2025-11-07 00:00:00"
"PABY11","44.9278","0.3329","0.0410","15.066","0.001","2024-05-22 00:00:00","2025-11-07 00:00:00"
"OULG11","30.9237","-0.6753","0.7899","-20.893","-0.005","2024-05-22 00:00:00","2025-11-07 00:00:00"
"OUJP11","16.8726","0.7099","-0.0831","11.978","0.003","2024-05-22 00:00:00","2025-11-07 00:00:00"
"OPTM11","0.0000","0.0000","0.0000","0.000","0.000","2024-05-22 00:00:00","2025-11-07 00:00:00"
"OCRE11","64.0404","1.2014","-3.7000","76.854","-0.002","2024-05-22 00:00:00","2025-11-07 00:00:00"
"OBAL11","0.0000","0.0000",NULL,NULL,"0.000","2025-07-02 00:00:00","2025-11-07 00:00:00"
"NVHO11","77.2571","0.0632","2.9049","4.896","0.000","2024-05-22 00:00:00","2025-11-07 00:00:00"
"NSLU11","22.5968","0.3852","-0.0778","8.708","0.008","2024-05-22 00:00:00","2025-11-07 00:00:00"
"NEWU11","62.3496","0.1471","-0.0458","9.205","0.012","2024-05-22 00:00:00","2025-09-21 00:00:00"
"NEWL11","15.4402","4.0203","0.3479","62.088","0.014","2024-05-22 00:00:00","2025-11-07 00:00:00"
"NCRI11","42.7725","0.0344","-0.7657","1.474","0.002","2024-05-22 00:00:00","2025-11-07 00:00:00"
"NAVT11","33.5735","0.7425","0.1635","24.938","0.006","2024-05-22 00:00:00","2025-11-07 00:00:00"
"NAUI11","0.0000","0.0000",NULL,NULL,"0.000","2025-07-02 00:00:00","2025-11-07 00:00:00"
"MXRF11","10.4176","1.3027","-0.1970","13.574","0.001","2024-05-22 00:00:00","2025-11-07 00:00:00"
"MMVE11","137.2041","0.7219","-4.4455","99.045","-0.002","2024-05-22 00:00:00","2025-11-07 00:00:00"
"MMPD11","0.0000","0.0000","0.0000","0.000","0.000","2025-07-02 00:00:00","2025-11-07 00:00:00"
"MGHT11","51.8856","-2.7965","-7.2730","-145.129","0.002","2024-05-22 00:00:00","2025-11-07 00:00:00"
"MGCR11","0.0000","0.0000","0.0000","0.000","0.000","2024-05-22 00:00:00","2025-11-07 00:00:00"
"MFII11","22.1595","0.3263","0.6129","7.227","-0.001","2024-05-22 00:00:00","2025-11-07 00:00:00"
"MCRE11","13.9944","0.7133","-8.9288","10.003","0.000","2025-01-23 00:00:00","2025-11-07 00:00:00"
"MCLO11","42.0180","1.9375","12.6604","81.856","0.001","2025-07-02 00:00:00","2025-11-07 00:00:00"
"MCEM11","25.3946","2.0512","1.0648","51.446","0.003","2024-05-29 00:00:00","2025-09-21 00:00:00"
"MCCI11","16.1814","0.7472","-0.0270","12.138","0.010","2024-05-22 00:00:00","2025-11-07 00:00:00"
"MAXR11","22.3671","-0.0005","-0.2777","-0.010","0.005","2024-05-22 00:00:00","2025-10-19 00:00:00"
"MANA11","14.0138","0.9992","-0.0836","14.002","0.001","2024-05-22 00:00:00","2025-11-07 00:00:00"
"LVBI11","16.9810","0.1025","-0.7306","1.740","0.002","2024-05-22 00:00:00","2025-11-07 00:00:00"
"LTMT11","0.0000","0.0000","0.0000","0.000","0.000","2025-07-02 00:00:00","2025-11-07 00:00:00"
"LRDI11","65.3241","0.0995","-0.0181","7.124","0.043","2025-07-02 00:00:00","2025-11-07 00:00:00"
"LPLP11","0.0100","3648.8813","-0.0271","36.625","-0.080","2025-07-02 00:00:00","2025-11-07 00:00:00"
"LLAO11","0.0000","0.0000","0.0000","0.000","0.000","2025-07-02 00:00:00","2025-11-07 00:00:00"
"LKDV11","0.0000","0.0000",NULL,NULL,"0.000","2024-05-22 00:00:00","2025-11-07 00:00:00"
"LIFE11","24.7262","0.4449","-0.6523","11.000","0.001","2024-06-10 00:00:00","2025-09-21 00:00:00"
"LFTT11","169.1268","0.0034","0.9184","0.567","-0.002","2024-05-22 00:00:00","2025-11-07 00:00:00"
"LASC11","28.0119","-0.0275","-0.4513","-0.771","0.003","2024-05-22 00:00:00","2025-09-21 00:00:00"
"KORE11","21.8749","0.4690","-0.1356","10.363","0.003","2024-05-22 00:00:00","2025-09-28 00:00:00"
"KNUQ11","10.7159","1.0806","-0.1127","11.570","0.003","2024-05-22 00:00:00","2025-11-07 00:00:00"
"KNSC11","14.1206","0.7680","-0.4858","10.870","0.001","2024-05-22 00:00:00","2025-11-07 00:00:00"
"KNRI11","14.5219","0.4761","-0.0714","6.915","0.011","2024-05-22 00:00:00","2025-11-07 00:00:00"
"KNRE11","113.0770","-0.0547","477.8042","-6.187","0.000","2024-05-22 00:00:00","2025-11-07 00:00:00"
"JSCR11","13.5764","0.6435","0.0175","9.200","-0.032","2025-07-02 00:00:00","2025-11-07 00:00:00"
"KNIP11","10.7892","0.9267","0.1250","9.981","-0.004","2024-05-22 00:00:00","2025-11-07 00:00:00"
"KNHY11","11.6099","0.9670","1.1112","11.222","0.000","2024-05-22 00:00:00","2025-11-07 00:00:00"
"KNHF11","17.2571","0.7250","-0.0430","12.509","0.005","2024-05-22 00:00:00","2025-11-07 00:00:00"
"KNCR11","9.4889","1.1458","-0.0523","10.881","0.008","2024-05-22 00:00:00","2025-11-07 00:00:00"
"KIVO11","22.9500","0.5470","-0.1885","12.549","0.001","2024-05-22 00:00:00","2025-11-07 00:00:00"
"KISU11","17.1500","0.8786","0.1397","15.199","0.000","2024-05-22 00:00:00","2025-11-07 00:00:00"
"KFOF11","16.2545","1.0959","0.0426","17.909","0.007","2024-05-22 00:00:00","2025-11-07 00:00:00"
"KFEN11","0.0000","0.0000","0.0000","0.000","0.000","2025-07-02 00:00:00","2025-11-07 00:00:00"
"KEVE11","25.9347","0.8185","0.0982","21.227","0.006","2024-05-22 00:00:00","2025-11-07 00:00:00"
"KCRE11","16.4887","0.6896","-131.1972","11.372","0.000","2024-05-22 00:00:00","2025-11-07 00:00:00"
"JSRE11","17.8048","0.2488","-0.3868","4.430","0.003","2024-05-22 00:00:00","2025-11-07 00:00:00"
"JSAF11","21.8804","0.7961","-0.0133","17.445","-0.020","2024-05-22 00:00:00","2025-11-07 00:00:00"
"JPPC11","110.4697","0.2801","0.0309","30.952","0.052","2024-05-22 00:00:00","2025-11-07 00:00:00"
"JPPA11","17.4654","0.7800","-0.0458","13.596","0.003","2024-05-22 00:00:00","2025-11-07 00:00:00"
"JFLL11","22.0138","0.1008","-3.6467","2.223","0.000","2024-05-22 00:00:00","2025-11-07 00:00:00"
"JCIN11","0.0000","0.0000","-1.3630","-0.150","0.001","2025-07-02 00:00:00","2025-11-07 00:00:00"
"JCCJ11","54.9877","0.1434","-0.2551","7.840","0.003","2024-05-22 00:00:00","2025-11-07 00:00:00"
"JBFO11","0.0000","0.0000","0.0000","0.000","0.000","2024-05-22 00:00:00","2025-11-07 00:00:00"
"JASC11","21.4738","0.2982","0.0704","6.401","-0.012","2024-05-22 00:00:00","2025-09-21 00:00:00"
"ITRI11","16.8163","1.1717","0.0565","19.715","0.009","2024-05-29 00:00:00","2025-10-05 00:00:00"
"ITIT11","13.7070","1.1564","0.0147","15.860","0.007","2024-05-22 00:00:00","2025-11-07 00:00:00"
"ITIP11","14.0745","0.9042","-0.0439","12.733","0.005","2024-05-22 00:00:00","2025-11-07 00:00:00"
"ISCJ11","127.8531","-0.1530","0.2336","-19.563","-0.015","2024-05-22 00:00:00","2025-11-07 00:00:00"
"IRIM11","19.0746","0.0564","-0.1446","1.077","0.010","2024-05-22 00:00:00","2025-11-07 00:00:00"
"IRDM11","13.7514","0.0834","-0.1216","1.145","0.011","2024-05-22 00:00:00","2025-11-07 00:00:00"
"INRD11","27.2781","0.2199","-0.3155","6.031","0.003","2025-07-02 00:00:00","2025-11-07 00:00:00"
"INLG11","14.5375","0.4851","-0.1448","7.066","0.005","2024-12-02 00:00:00","2025-11-07 00:00:00"
"ICRI11","17.6191","0.6289","0.4827","11.080","-0.001","2024-05-29 00:00:00","2025-11-07 00:00:00"
"ICNE11","0.0000","0.0000","0.0000","0.000","0.000","2024-05-22 00:00:00","2025-11-07 00:00:00"
"IBFF11","0.0000","0.0000","0.0000","0.000","0.000","2024-05-22 00:00:00","2025-11-07 00:00:00"
"IBCR11","19.4043","-0.1602","-1.4326","-3.109","0.001","2024-05-22 00:00:00","2025-11-07 00:00:00"
"IBBP11","154.6194","0.0776","-0.2497","12.058","0.001","2025-07-02 00:00:00","2025-11-07 00:00:00"
"HYPI11","0.0000","0.0000","0.0000","0.000","0.000","2025-07-02 00:00:00","2025-11-07 00:00:00"
"HUSI11","97.1634","0.0517","0.0074","5.010","-0.133","2024-05-22 00:00:00","2025-11-07 00:00:00"
"HUSC11","39.8572","0.0448","1.1640","1.777","-0.001","2024-05-22 00:00:00","2025-11-07 00:00:00"
"HUCG11","61.8788","0.0388","-0.0994","2.390","0.013","2024-05-22 00:00:00","2025-11-07 00:00:00"
"HTMX11","12.8945","0.3522","0.2118","4.572","-0.005","2024-05-22 00:00:00","2025-11-07 00:00:00"
"HSRE11","16.2233","0.5611","0.1643","8.995","-0.004","2024-05-22 00:00:00","2025-11-07 00:00:00"
"HSML11","16.1913","0.0360","-0.2937","0.583","0.005","2024-05-22 00:00:00","2025-10-19 00:00:00"
"HSLG11","17.0437","0.7339","-0.0313","12.537","0.007","2024-05-22 00:00:00","2025-11-07 00:00:00"
"HSAF11","23.2625","0.4071","0.7055","9.469","-0.001","2024-05-22 00:00:00","2025-11-07 00:00:00"
"HRES11","0.0000","0.0000",NULL,NULL,"0.000","2025-07-02 00:00:00","2025-11-07 00:00:00"
"HREC11","21.7549","0.4943","-0.9278","10.754","0.000","2024-05-22 00:00:00","2025-11-07 00:00:00"
"HRDF11","128.9863","-0.0732","-0.8274","-9.469","0.003","2024-05-22 00:00:00","2025-11-07 00:00:00"
"HPDP11","34.6726","0.1199","0.2927","4.070","-0.004","2024-05-22 00:00:00","2025-09-28 00:00:00"
"HOSI11","34.5119","0.1481","-0.5625","5.116","0.002","2024-05-22 00:00:00","2025-11-07 00:00:00"
"HOMS11","0.0000","0.0000","-16.3037","267.111","-0.002","2025-07-02 00:00:00","2025-11-07 00:00:00"
"HOFC11","50.6336","-0.2390","-0.7160","-12.093","0.004","2024-05-22 00:00:00","2025-09-21 00:00:00"
"HLOG11","17.4241","-4.9103","1.0696","-85.480","-0.009","2024-05-22 00:00:00","2025-11-07 00:00:00"
"HILG11","0.0000","0.0000","0.0000","0.000","0.000","2024-05-22 00:00:00","2025-11-07 00:00:00"
"HGRU11","12.1233","0.6697","-0.0796","8.130","0.008","2024-05-22 00:00:00","2025-11-07 00:00:00"
"HGRE11","21.2602","0.3194","-0.0388","6.795","0.021","2024-05-22 00:00:00","2025-09-21 00:00:00"
"HGPO11","14.9642","0.5369","-0.0610","7.974","0.011","2024-05-22 00:00:00","2025-09-21 00:00:00"
"HGLG11","12.1068","0.4617","-0.1678","5.590","0.006","2024-05-22 00:00:00","2025-11-07 00:00:00"
"HGIC11","52.9038","0.1664","0.3586","8.819","-0.002","2024-05-22 00:00:00","2025-11-07 00:00:00"
"HGFF11","18.5019","0.0267","-0.2976","0.501","0.005","2024-05-22 00:00:00","2025-11-07 00:00:00"
"HGCR11","13.1320","0.8354","-0.0783","10.972","0.005","2024-05-22 00:00:00","2025-11-07 00:00:00"
"HGBS11","14.3870","-5.7893","0.4067","-83.428","-0.024","2024-05-22 00:00:00","2025-09-21 00:00:00"
"HGBL11","18.0078","0.8539","0.2654","15.370","0.000","2024-05-29 00:00:00","2025-11-07 00:00:00"
"HFOF11","13.2948","-5.6321","1.6036","-74.891","-0.006","2024-05-22 00:00:00","2025-11-07 00:00:00"
"HDOF11","0.3016","-4.8427","0.9138","-1.492","-0.002","2024-05-22 00:00:00","2025-11-07 00:00:00"
"HDEL11","139.0190","2.5238","11.9962","350.856","0.003","2024-06-10 00:00:00","2025-11-07 00:00:00"
"HCTR11","27.3769","-0.0252","-0.2714","-0.688","0.006","2024-05-22 00:00:00","2025-11-07 00:00:00"
"HCST11","77.7437","-0.1365","-1.2564","-10.613","0.002","2024-05-22 00:00:00","2025-11-07 00:00:00"
"HCRI11","36.1404","0.2539","-0.1112","9.165","0.005","2024-05-22 00:00:00","2025-11-07 00:00:00"
"HCHG11","33.3737","0.2107","-0.0949","7.035","0.008","2024-05-22 00:00:00","2025-11-07 00:00:00"
"HBCR11","33.2106","0.2820","0.2183","9.365","-0.003","2024-05-22 00:00:00","2025-10-19 00:00:00"
"HABT11","17.0909","0.6560","-0.0354","11.214","0.010","2024-05-22 00:00:00","2025-11-07 00:00:00"
"HAAA11","77.7001","-0.1202","-0.2034","-9.369","0.012","2024-05-22 00:00:00","2025-09-28 00:00:00"
"GZIT11","29.3960","0.1100","1.3409","3.239","-0.001","2024-06-10 00:00:00","2025-11-07 00:00:00"
"GTWR11","12.7487","0.4243","-0.3870","5.410","0.002","2024-05-22 00:00:00","2025-09-21 00:00:00"
"GTLG11","0.0000","0.0000","0.0000","0.000","0.000","2024-05-22 00:00:00","2025-11-07 00:00:00"
"GSFI11","17.1277","0.1448","-1.0846","2.494","0.001","2024-05-22 00:00:00","2025-09-21 00:00:00"
"GRUL11","22.1752","0.4155","-2.0034","9.240","0.000","2025-04-01 00:00:00","2025-11-07 00:00:00"
"GLPF11","0.0000","0.0000","-0.3978","9.157","0.001","2025-07-02 00:00:00","2025-11-07 00:00:00"
"GLOG11","30.9082","0.0818","-0.2041","2.530","0.006","2024-05-22 00:00:00","2025-11-07 00:00:00"
"GLCR11","0.0000","0.0000","4.1135","4.780","0.000","2025-07-02 00:00:00","2025-11-07 00:00:00"
"GGRC11","12.6681","0.6433","-0.6738","8.154","0.001","2024-05-22 00:00:00","2025-11-07 00:00:00"
"GFDL11","0.0000","0.0000","2.1552","-11.750","-0.001","2025-07-02 00:00:00","2025-11-07 00:00:00"
"GCRI11","19.7336","0.6996","-0.0325","13.778","0.003","2024-05-22 00:00:00","2025-11-07 00:00:00"
"GCOI11","0.0000","0.0000",NULL,NULL,"0.000","2024-05-22 00:00:00","2025-11-07 00:00:00"
"GCDL11","0.0000","0.0000","-1.2066","20.415","0.000","2025-07-02 00:00:00","2025-11-07 00:00:00"
"GARE11","13.5522","0.1584","-4.1908","2.147","0.000","2024-05-22 00:00:00","2025-11-07 00:00:00"
"GAME11","14.9928","0.5683","-0.9616","8.522","0.001","2024-05-22 00:00:00","2025-11-07 00:00:00"
"FYTO11","11.8720","-0.0126","-3.5610","-0.150","0.000","2025-06-12 00:00:00","2025-10-19 00:00:00"
"FVPQ11","30.3953","-0.2232","-0.2213","-6.779","0.010","2024-05-22 00:00:00","2025-09-21 00:00:00"
"FTCE11","0.0000","0.0000",NULL,NULL,"0.000","2025-07-02 00:00:00","2025-11-07 00:00:00"
"FPNG11","13.3579","3.6108","-0.0522","48.225","-0.064","2024-05-22 00:00:00","2025-11-07 00:00:00"
"FPAB11","60.8741","0.0980","-0.0150","5.989","0.059","2024-05-22 00:00:00","2025-09-21 00:00:00"
"FMOF11","81.6569","0.0437","-0.2020","3.566","0.006","2024-05-22 00:00:00","2025-09-21 00:00:00"
"FLRP11","29.0802","-3.2030","0.0303","-93.189","-0.356","2024-05-22 00:00:00","2025-09-21 00:00:00"
"FLMA11","22.1295","0.1898","-0.0993","4.203","0.011","2024-05-22 00:00:00","2025-09-21 00:00:00"
"FLCR11","9.6587","1.2501","-0.0657","12.092","0.004","2024-05-22 00:00:00","2025-11-07 00:00:00"
"FIVN11","90.3568","-0.0108","-5.8072","-0.979","0.000","2024-05-22 00:00:00","2025-11-07 00:00:00"
"FISC11","71.1298","0.0508","0.1754","3.612","-0.006","2024-05-22 00:00:00","2025-09-21 00:00:00"
"FIIP11","27.9320","0.3542","0.0832","9.426","-0.007","2025-07-02 00:00:00","2025-11-07 00:00:00"
"FIIB11","13.9478","0.5080","-0.0386","7.089","0.020","2024-05-22 00:00:00","2025-11-07 00:00:00"
"FIGS11","19.2221","0.2643","-0.2545","5.075","0.004","2024-05-22 00:00:00","2025-09-21 00:00:00"
"FCFL11","18.5321","0.4303","-0.1008","7.968","0.007","2024-05-22 00:00:00","2025-10-19 00:00:00"
"FATN11","11.3594","1.1051","-0.0323","12.558","0.007","2024-05-22 00:00:00","2025-09-21 00:00:00"
"FAMB11","46.0826","-0.0710","0.0077","-3.300","-0.236","2024-06-10 00:00:00","2025-11-07 00:00:00"
"FAED11","20.5572","0.3942","-0.1833","8.130","0.004","2024-05-22 00:00:00","2025-09-21 00:00:00"
"EXES11","16.8396","0.9948","0.5292","16.748","0.000","2024-05-22 00:00:00","2025-11-07 00:00:00"
"EURO11","31.8629","0.1606","-0.0158","5.122","0.062","2024-05-22 00:00:00","2025-11-07 00:00:00"
"ERPA11","22.0611","0.1018","0.1660","2.246","-0.008","2024-05-22 00:00:00","2025-10-19 00:00:00"
"EQIR11","14.3476","0.2429","-1.8778","3.482","0.001","2024-05-22 00:00:00","2025-11-07 00:00:00"
"EMET11","76.3947","0.2203","1.5960","16.923","0.000","2025-07-02 00:00:00","2025-11-07 00:00:00"
"ELDO11","0.0000","0.0000","0.0000","0.000","0.000","2025-07-02 00:00:00","2025-11-07 00:00:00"
"EIRA11","0.0000","0.0000","0.4317","1.955","-0.003","2025-07-02 00:00:00","2025-11-07 00:00:00"
"EGYR11","59.2844","0.6470","-12.9527","38.588","0.000","2024-05-22 00:00:00","2025-11-07 00:00:00"
"EGDB11","0.0764","375.8257","0.0212","28.729","0.065","2025-07-02 00:00:00","2025-11-07 00:00:00"
"EDGE11","0.0000","0.0000","0.0000","0.000","0.000","2025-07-02 00:00:00","2025-11-07 00:00:00"
"EDGA11","31.2729","0.0402","0.5974","1.258","-0.002","2024-05-22 00:00:00","2025-10-19 00:00:00"
"EDFO11","56.7064","0.0640","-0.5565","3.588","0.002","2024-06-10 00:00:00","2025-11-07 00:00:00"
"EAGL11","0.0000","0.0000","0.0000","0.000","0.000","2025-07-02 00:00:00","2025-11-07 00:00:00"
"DVLT11","0.0000","0.0000","0.0000","0.000","0.000","2025-07-02 00:00:00","2025-11-07 00:00:00"
"DVLP11","0.0000","0.0000","0.0000","0.000","0.000","2025-07-02 00:00:00","2025-11-07 00:00:00"
"DVFF11","33.9882","0.1901","-3.1246","6.456","0.000","2024-05-22 00:00:00","2025-11-07 00:00:00"
"DPRO11","55.8334","0.0111","3.9223","0.623","0.000","2024-05-22 00:00:00","2025-11-07 00:00:00"
"DOVL11","0.0000","0.0000","0.0000","0.000","0.000","2024-06-10 00:00:00","2025-11-07 00:00:00"
"DEVA11","23.8397","0.2694","-0.1163","6.422","0.007","2024-05-22 00:00:00","2025-11-07 00:00:00"
"DAYM11","44.1542","-1.3484","-40.1787","-59.749","0.000","2025-07-02 00:00:00","2025-11-07 00:00:00"
"DAMT11","275.7719","0.0328","0.1679","9.047","-0.003","2025-07-02 00:00:00","2025-11-07 00:00:00"
"DAMA11","45.3365","-0.0033","1.6473","-0.150","-0.001","2024-05-29 00:00:00","2025-11-07 00:00:00"
"CYLD11","50.0519","-0.0045","0.0895","-0.229","-0.017","2025-07-02 00:00:00","2025-11-07 00:00:00"
"CYCR11","16.2811","0.7802","5.2231","12.685","0.000","2024-05-22 00:00:00","2025-11-07 00:00:00"
"CXTL11","57.7784","0.0563","-0.0172","3.260","0.067","2024-05-22 00:00:00","2025-11-07 00:00:00"
"CXRI11","39.2624","0.3636","-0.1967","13.943","0.000","2024-05-22 00:00:00","2025-11-07 00:00:00"
"CXCO11","26.4971","0.2668","-0.0699","7.069","0.011","2024-05-22 00:00:00","2025-09-21 00:00:00"
"CXCI11","18.0190","0.5609","-0.1427","10.142","0.003","2024-05-22 00:00:00","2025-11-07 00:00:00"
"CXCE11","21.1388","0.3084","-1.0101","6.518","0.001","2024-06-10 00:00:00","2025-11-07 00:00:00"
"CXAG11","15.9860","0.3425","-0.1672","5.479","0.006","2024-05-22 00:00:00","2025-11-07 00:00:00"
"CVBI11","0.0000","0.0000","0.0000","0.000","0.000","2025-10-14 00:00:00","2025-11-07 00:00:00"
"CTXT11","67.6318","-0.2390","4.7394","-16.077","-0.001","2024-05-22 00:00:00","2025-09-21 00:00:00"
"CSMC11","0.0000","0.0000","0.0000","0.000","0.000","2024-05-22 00:00:00","2025-11-07 00:00:00"
"CRFF11","41.1512","0.6047","0.1411","25.107","0.007","2024-05-22 00:00:00","2025-11-07 00:00:00"
"CPUR11","18.2881","0.7854","-20.4256","14.413","0.000","2025-06-12 00:00:00","2025-11-07 00:00:00"
"CPTS11","14.4691","0.9236","-0.1787","13.403","0.001","2024-05-22 00:00:00","2025-11-07 00:00:00"
"CPSH11","16.0577","0.6700","-0.6793","10.766","0.001","2024-05-22 00:00:00","2025-09-21 00:00:00"
"CPOF11","42.7728","-0.0421","-1.1623","-1.795","0.001","2024-05-22 00:00:00","2025-11-07 00:00:00"
"CPLG11","19.4308","1.1091","1.2210","21.601","0.001","2025-07-02 00:00:00","2025-11-07 00:00:00"
"CNES11","48.6072","0.0131","-4.7858","0.632","0.000","2024-05-22 00:00:00","2025-09-21 00:00:00"
"CLIN11","18.3445","0.0951","-0.1645","1.747","0.008","2024-05-22 00:00:00","2025-11-07 00:00:00"
"CJCT11","31.2947","0.0656","-0.0844","2.073","0.015","2024-05-22 00:00:00","2025-09-21 00:00:00"
"CIXM11","0.0000","0.0000","0.0000","0.000","0.000","2024-05-22 00:00:00","2025-11-07 00:00:00"
"CIXF11","0.2611","-300.2122","4.0426","-78.381","-0.002","2025-07-02 00:00:00","2025-11-07 00:00:00"
"CFII11","169.1659","-0.1660",NULL,NULL,"0.000","2025-07-02 00:00:00","2025-11-07 00:00:00"
"CFHI11","0.3778","12.6552",NULL,NULL,"0.000","2025-07-02 00:00:00","2025-11-07 00:00:00"
"CEOC11","23.9188","0.2556","-0.1693","6.111","0.005","2024-05-22 00:00:00","2025-09-21 00:00:00"
"CENU11","0.0000","0.0000","0.0000","0.000","0.000","2024-06-10 00:00:00","2025-11-07 00:00:00"
"CCVA11","0.0000","0.0000","0.0000","0.000","0.000","2025-07-02 00:00:00","2025-11-07 00:00:00"
"CCME11","29.1603","0.4854","-0.2901","14.138","0.000","2024-06-10 00:00:00","2025-11-07 00:00:00"
"CBOP11","56.9724","0.0294","-0.2623","1.678","0.005","2024-05-22 00:00:00","2025-09-21 00:00:00"
"CARE11","44.7079","-0.0156","-36.0502","-0.690","0.000","2024-05-22 00:00:00","2025-11-07 00:00:00"
"CACR11","29.4440","-0.2308","-0.5685","-6.803","0.004","2024-05-22 00:00:00","2025-11-07 00:00:00"
"BVAR11","0.0000","0.0000",NULL,NULL,"0.000","2024-05-22 00:00:00","2025-11-07 00:00:00"
"BTYU11","58.4653","0.2107","-0.4178","12.228","0.001","2024-05-29 00:00:00","2025-10-19 00:00:00"
"BTWR11","2.2048","4.2168",NULL,NULL,"0.000","2024-05-22 00:00:00","2025-11-07 00:00:00"
"BTSI11","0.0000","0.0000",NULL,NULL,"0.000","2025-07-02 00:00:00","2025-11-07 00:00:00"
"BTSG11","0.0000","0.0000","-82.9212","6.265","0.000","2024-05-22 00:00:00","2025-11-07 00:00:00"
"BTRA11","29.0915","0.1470","-0.0787","4.311","0.013","2024-05-22 00:00:00","2025-11-07 00:00:00"
"BTLG11","13.0735","0.6402","-0.1488","8.373","0.004","2024-05-22 00:00:00","2025-11-07 00:00:00"
"BTHI11","34.5839","0.1672","-0.1161","5.795","0.008","2024-05-22 00:00:00","2025-11-07 00:00:00"
"BTHF11","24.9293","0.4645","-0.3490","11.605","0.001","2024-12-20 00:00:00","2025-11-07 00:00:00"
"BTCI11","14.9124","0.0578","-1.0669","0.865","0.001","2024-05-22 00:00:00","2025-11-07 00:00:00"
"BTAL11","16.3576","2.8082","1.6574","45.962","0.002","2024-05-22 00:00:00","2025-11-07 00:00:00"
"BSLT11","59.5924","0.0571","-0.3143","3.435","0.004","2025-07-02 00:00:00","2025-11-07 00:00:00"
"APXM11","64.3852","0.1390","-0.0194","8.971","0.030","2024-05-22 00:00:00","2025-09-21 00:00:00"
"BROF11","26.0567","0.2613","-0.2250","6.816","0.004","2024-05-22 00:00:00","2025-09-28 00:00:00"
"BRIP11","50.9744","-0.3277","0.0438","-16.650","-0.072","2024-05-22 00:00:00","2025-11-07 00:00:00"
"BRIM11","79.7401","-0.8838","0.0439","-70.503","-0.194","2024-05-22 00:00:00","2025-11-07 00:00:00"
"BRCR11","14.5460","0.4735","-0.2944","6.962","0.003","2024-05-22 00:00:00","2025-09-21 00:00:00"
"BRCO11","13.8203","0.4250","-0.0760","5.872","0.012","2024-05-22 00:00:00","2025-11-07 00:00:00"
"BPML11","17.7164","0.2915","-0.4303","5.164","0.002","2024-05-22 00:00:00","2025-09-28 00:00:00"
"BPFF11","20.1655","0.1150","-0.5661","2.312","0.002","2024-05-22 00:00:00","2025-11-07 00:00:00"
"BNFS11","20.4030","0.5974","-0.1201","12.180","0.002","2024-05-22 00:00:00","2025-11-07 00:00:00"
"BMLT11","18.4434","0.1074","1.6482","1.980","-0.001","2025-07-02 00:00:00","2025-11-07 00:00:00"
"BMLC11","21.9456","0.2038","-0.2364","4.579","0.004","2024-05-22 00:00:00","2025-09-21 00:00:00"
"BLUR11","69.9693","-0.0513","-0.4230","-3.558","0.004","2024-05-22 00:00:00","2025-11-07 00:00:00"
"BLUE11","164.6455","-0.4973","-0.0612","-83.982","0.162","2025-07-02 00:00:00","2025-11-07 00:00:00"
"BLOG11","24.9873","0.1258","-3.5311","3.177","0.000","2025-07-02 00:00:00","2025-11-07 00:00:00"
"BLMO11","54.8886","0.0707","-0.5892","3.885","0.002","2024-05-22 00:00:00","2025-09-21 00:00:00"
"BLMG11","33.3947","0.1316","-0.1859","4.396","0.006","2024-05-22 00:00:00","2025-11-07 00:00:00"
"BLCA11","69.7390","-0.0149","-0.0700","-1.036","0.023","2024-05-22 00:00:00","2025-09-21 00:00:00"
"BIPE11","0.0000","0.0000","0.0000","0.000","0.000","2025-07-02 00:00:00","2025-11-07 00:00:00"
"BIPD11","0.0000","0.0000","0.0000","0.000","0.000","2025-07-02 00:00:00","2025-11-07 00:00:00"
"BIME11","18.6661","0.6419","-0.2460","11.980","0.001","2024-05-22 00:00:00","2025-11-07 00:00:00"
"BICE11","30.5166","0.3189","-0.0875","9.733","0.006","2024-05-22 00:00:00","2025-11-07 00:00:00"
"BGRB11","37.8826","0.9068","0.2336","34.354","0.008","2025-07-02 00:00:00","2025-11-07 00:00:00"
"BCRI11","16.5648","0.4990","-0.1184","8.294","0.006","2024-05-22 00:00:00","2025-11-07 00:00:00"
"BCIA11","16.7430","0.8505","-0.0113","14.240","0.005","2024-05-22 00:00:00","2025-11-07 00:00:00"
"BBRC11","21.6119","0.3315","0.8786","7.162","-0.001","2024-05-22 00:00:00","2025-11-07 00:00:00"
"BBIG11","21.9907","-0.0446","-1.6978","-0.989","0.001","2024-05-29 00:00:00","2025-10-05 00:00:00"
"BBFO11","17.2002","0.7930","-0.0369","13.639","0.003","2024-05-22 00:00:00","2025-11-07 00:00:00"
"BBFI11","44.6172","-0.1932","-0.0303","-8.595","0.078","2024-06-10 00:00:00","2025-11-07 00:00:00"
"BARI11","21.8451","-0.2414","-0.2355","-5.261","0.009","2024-05-22 00:00:00","2025-11-07 00:00:00"
"AZPL11","13.6969","-0.3911","37.9876","-5.375","0.000","2025-07-02 00:00:00","2025-11-07 00:00:00"
"AURB11","0.0000","0.0000","0.0726","3.404","-0.016","2025-07-02 00:00:00","2025-11-07 00:00:00"
"ATSA11","27.0999","0.0960","-0.3305","2.602","0.004","2024-05-22 00:00:00","2025-09-21 00:00:00"
"ASRF11","0.0276","0.0000","0.1095","-2.661","-0.016","2024-05-22 00:00:00","2025-11-07 00:00:00"
"ARXD11","33.4073","0.1581","2.1000","5.282","0.000","2024-05-22 00:00:00","2025-11-07 00:00:00"
"ARRI11","16.5456","0.5579","29.3665","9.234","0.000","2024-05-22 00:00:00","2025-11-07 00:00:00"
"AROA11","28.5572","0.1095","15.5963","3.127","0.000","2024-05-22 00:00:00","2025-11-07 00:00:00"
"APXR11","0.0000","0.0000","-2.5080","-1.591","0.001","2025-07-02 00:00:00","2025-11-07 00:00:00"
"APTO11","19.4534","0.4330","-7.8454","8.427","0.000","2024-05-22 00:00:00","2025-11-07 00:00:00"
"ANCR11","128.5598","0.2388","-0.2166","30.838","-0.007","2025-07-02 00:00:00","2025-11-07 00:00:00"
"ALZR11","10.6218","-7.4010","2.6828","-78.355","-0.003","2024-05-22 00:00:00","2025-11-07 00:00:00"
"ALZC11","27.7365","-2.9662","0.1993","-82.256","-0.049","2024-06-10 00:00:00","2025-11-07 00:00:00"
"ALMI11","39.9176","0.0520","0.0565","2.069","-0.023","2024-05-22 00:00:00","2025-09-21 00:00:00"
"AJFI11","14.8031","0.2852","-1.2568","4.266","0.001","2024-05-22 00:00:00","2025-09-21 00:00:00"
"AIEC11","19.3689","0.4337","-0.0758","8.418","0.008","2024-05-22 00:00:00","2025-09-21 00:00:00"
"RBRI11","47.6478","0.1501","-0.0039","7.176","0.195","2024-05-22 00:00:00","2025-11-07 00:00:00"
"AFHI11","11.1605","0.3568","-0.1940","3.984","0.006","2024-05-22 00:00:00","2025-11-07 00:00:00"
"RBRK11","0.0000","0.0000",NULL,NULL,"0.000","2025-07-02 00:00:00","2025-11-07 00:00:00"
"RBRL11","21.8540","0.3048","-0.0398","6.664","0.021","2024-05-22 00:00:00","2025-11-07 00:00:00"
"RBRP11","21.3572","0.3536","-0.1372","7.545","0.005","2024-05-22 00:00:00","2025-09-21 00:00:00"
"RBRR11","14.0359","0.1980","-0.2148","2.789","0.006","2024-05-22 00:00:00","2025-11-07 00:00:00"
"RBRS11","54.9457","0.0555","-0.3929","3.051","0.003","2024-05-22 00:00:00","2025-11-07 00:00:00"
"RBRX11","19.9278","0.6439","-0.8870","12.854","0.000","2024-05-22 00:00:00","2025-11-07 00:00:00"
"RBRY11","15.2800","0.1476","-0.1126","2.254","0.011","2024-05-22 00:00:00","2025-11-07 00:00:00"
"RBTS11","74.3554","-0.1037","-0.0295","-7.670","0.076","2024-05-22 00:00:00","2025-11-07 00:00:00"
"RBVA11","15.6203","0.3626","-0.1636","5.661","0.006","2024-05-22 00:00:00","2025-09-21 00:00:00"
"RCFA11","182.4979","-0.0161","4.5356","-2.926","0.000","2024-05-22 00:00:00","2025-11-07 00:00:00"
"RCFF11","68.5809","0.0943","308.7852","6.466","0.000","2024-05-22 00:00:00","2025-11-07 00:00:00"
"RCRB11","27.7129","0.0642","-0.0328","1.784","0.040","2024-05-22 00:00:00","2025-09-21 00:00:00"
"RDLI11","61.3871","-0.0541","0.9036","-3.319","-0.002","2025-07-02 00:00:00","2025-11-07 00:00:00"
"RECD11","52.6722","-0.1293","6.4880","-6.853","0.000","2025-07-02 00:00:00","2025-11-07 00:00:00"
"RECM11","21.2416","0.5091","-1.8663","10.859","0.000","2025-07-02 00:00:00","2025-11-07 00:00:00"
"RECR11","16.7234","0.5275","-0.0344","8.826","0.018","2024-05-22 00:00:00","2025-11-07 00:00:00"
"RECT11","26.0908","0.1249","-0.1337","3.262","0.009","2024-05-22 00:00:00","2025-09-21 00:00:00"
"REIT11","24.1639","0.2411","-0.0982","5.828","0.009","2024-05-22 00:00:00","2025-11-07 00:00:00"
"RELG11","35.4522","-0.8518","-0.5464","-30.560","0.008","2024-05-22 00:00:00","2025-11-07 00:00:00"
"RENV11","97.2872","0.0088","0.7356","0.855","-0.002","2025-07-02 00:00:00","2025-11-07 00:00:00"
"RFOF11","26.1043","0.4997","-0.0162","13.044","0.011","2024-05-22 00:00:00","2025-11-07 00:00:00"
"RINV11","13.1973","1.4837","0.0798","19.596","0.006","2024-05-22 00:00:00","2025-11-07 00:00:00"
"RMAI11","50.3895","0.0595","0.1283","2.998","-0.009","2024-05-22 00:00:00","2025-10-12 00:00:00"
"RNGO11","23.5851","0.1651","-0.4607","3.894","0.002","2024-05-22 00:00:00","2025-09-21 00:00:00"
"ROOF11","0.0000","0.0000","-0.0820","-1.629","0.020","2024-05-22 00:00:00","2025-11-07 00:00:00"
"RPRI11","15.7524","0.6880","-0.0787","10.840","0.005","2024-05-22 00:00:00","2025-11-07 00:00:00"
"RRCI11","20.1675","0.4644","-0.1319","9.353","0.004","2024-05-22 00:00:00","2025-11-07 00:00:00"
"RSPD11","89.4368","0.0841","-0.0073","7.537","0.100","2024-05-22 00:00:00","2025-11-07 00:00:00"
"RVBI11","18.5372","0.4723","-0.0488","8.762","0.012","2024-05-22 00:00:00","2025-11-07 00:00:00"
"RZAK11","10.9963","1.3139","-0.0071","14.453","0.006","2024-05-22 00:00:00","2025-11-07 00:00:00"
"RZAT11","15.7909","0.7136","2.3481","11.298","0.000","2024-05-22 00:00:00","2025-11-07 00:00:00"
"RZLC11","13.6417","0.9252","-0.0110","12.730","0.019","2025-07-02 00:00:00","2025-11-07 00:00:00"
"RZTR11","12.5003","0.8102","-0.0706","10.129","0.007","2024-05-22 00:00:00","2025-11-07 00:00:00"
"RZZR11","33.5136","0.4107","-0.0242","13.766","0.004","2025-07-02 00:00:00","2025-11-07 00:00:00"
"RZZV11","0.0000","0.0000","0.0000","0.000","0.000","2025-07-02 00:00:00","2025-11-07 00:00:00"
"SADI11","12.7431","0.8527","-1.1936","10.857","0.000","2024-05-22 00:00:00","2025-11-07 00:00:00"
"SAIC11","0.0000","0.0000","0.0000","0.000","0.000","2025-07-02 00:00:00","2025-11-07 00:00:00"
"SAPI11","20.4369","0.5885","-0.3184","12.022","0.001","2024-05-22 00:00:00","2025-11-07 00:00:00"
"SARE11","23.2213","0.0703","22.7786","1.628","0.000","2024-05-22 00:00:00","2025-11-07 00:00:00"
"SCPF11","70.5817","0.0025","-17.6634","0.174","0.000","2024-05-22 00:00:00","2025-09-21 00:00:00"
"SEED11","0.0000","0.0000",NULL,NULL,"0.000","2024-05-22 00:00:00","2025-11-07 00:00:00"
"SEQR11","19.2375","0.2415","-0.1185","4.636","0.009","2024-05-22 00:00:00","2025-11-07 00:00:00"
"SHDP11","0.0000","0.0000","0.0000","0.000","0.000","2025-07-02 00:00:00","2025-11-07 00:00:00"
"SHOP11","359.1705","-0.0291","0.1547","-10.412","-0.016","2024-06-10 00:00:00","2025-10-19 00:00:00"
"SHPH11","39.3869","0.1571","0.0107","6.179","-0.081","2024-05-22 00:00:00","2025-09-21 00:00:00"
"SHPP11","21.7978","0.3175","-1.5236","6.920","0.001","2025-07-02 00:00:00","2025-11-07 00:00:00"
"SJAU11","127.4089","0.0766","0.0249","9.783","-0.020","2024-05-22 00:00:00","2025-11-07 00:00:00"
"SMRE11","49.0188","-0.0715","-0.3376","-3.498","0.005","2024-05-29 00:00:00","2025-10-05 00:00:00"
"SNCI11","18.0968","-0.0083","-0.3444","-0.149","0.004","2024-05-22 00:00:00","2025-11-07 00:00:00"
"SNEL11","11.9930","0.2258","74.0530","2.704","0.000","2024-05-22 00:00:00","2025-11-07 00:00:00"
"SNFF11","15.3362","-0.0098","0.5087","-0.150","-0.003","2024-05-22 00:00:00","2025-11-07 00:00:00"
"SNLG11","146.4431","2.1612","-5.0368","316.285","-0.006","2024-05-22 00:00:00","2025-11-07 00:00:00"
"SNME11","20.4517","1.0146","1.3577","20.731","0.000","2024-05-22 00:00:00","2025-11-07 00:00:00"
"SOFF11","2.8018","10.2872","-0.6440","29.255","-0.002","2025-07-02 00:00:00","2025-11-07 00:00:00"
"SPDE11","0.0000","0.0000","0.0000","0.000","0.000","2025-07-02 00:00:00","2025-11-07 00:00:00"
"SPG211","22.6017","-1.2760","-60.1749","-28.840","0.000","2025-07-02 00:00:00","2025-11-07 00:00:00"
"SPGM11","0.0000","0.0000","0.0000","0.000","0.000","2025-07-02 00:00:00","2025-11-07 00:00:00"
"SPMO11","0.0000","0.0000","0.0000","0.000","0.000","2024-05-22 00:00:00","2025-11-07 00:00:00"
"SPTW11","27.0503","0.2821","-0.1883","7.632","0.004","2024-05-22 00:00:00","2025-09-21 00:00:00"
"SPXS11","20.5569","0.1149","-0.7383","2.364","0.002","2024-05-22 00:00:00","2025-11-07 00:00:00"
"SRVD11","0.0000","0.0000","0.0000","0.000","0.000","2024-05-22 00:00:00","2025-11-07 00:00:00"
"STRX11","0.0000","0.0000","0.0000","0.000","0.000","2025-07-02 00:00:00","2025-11-07 00:00:00"
"TCIN11","0.0000","0.0000",NULL,NULL,"0.000","2024-05-22 00:00:00","2025-11-07 00:00:00"
"TELM11","4.6197","2.1831","1.9719","10.085","0.000","2025-07-02 00:00:00","2025-11-07 00:00:00"
"TEPP11","15.3353","1.6199","0.0951","24.845","0.011","2024-05-22 00:00:00","2025-10-19 00:00:00"
"TGAR11","20.6336","0.1598","0.5365","3.298","-0.002","2024-05-22 00:00:00","2025-11-07 00:00:00"
"TJKB11","32.2265","0.2320","0.3805","7.480","-0.002","2024-05-22 00:00:00","2025-11-07 00:00:00"
"TMPS11","18.4955","0.7077","-0.0882","13.094","0.002","2024-05-22 00:00:00","2025-11-07 00:00:00"
"TOPP11","24.7961","1.0142","0.1519","25.199","0.007","2024-11-21 00:00:00","2025-09-21 00:00:00"
"TORD11","30.1863","-2.8013","-118.7959","-84.554","0.000","2024-05-22 00:00:00","2025-11-07 00:00:00"
"TRBL11","30.8806","-0.1832","-0.2909","-5.657","0.007","2024-05-22 00:00:00","2025-11-07 00:00:00"
"TRNT11","40.7834","0.0996","-0.4685","4.063","0.002","2024-05-22 00:00:00","2025-09-21 00:00:00"
"TRXB11","68.9970","0.1076","-0.4861","7.403","0.002","2024-05-22 00:00:00","2025-11-07 00:00:00"
"TRXF11","12.0486","0.8019","-0.0697","9.661","0.007","2024-05-22 00:00:00","2025-09-21 00:00:00"
"TRXY11","18.7710","0.4616","-4.7481","8.691","0.000","2025-07-02 00:00:00","2025-11-07 00:00:00"
"TSNC11","14.7036","0.0698","-0.2799","1.027","0.005","2024-05-22 00:00:00","2025-11-07 00:00:00"
"TVRI11","15.0500","0.6449","-0.0712","9.706","0.007","2024-05-22 00:00:00","2025-11-07 00:00:00"
"URHF11","28.3561","0.4341","0.0184","12.311","-0.014","2025-07-02 00:00:00","2025-11-07 00:00:00"
"URPR11","25.4258","0.3259","1.7352","8.287","0.000","2024-05-22 00:00:00","2025-11-07 00:00:00"
"VCJR11","17.6980","0.6004","-0.5718","10.624","0.001","2024-05-22 00:00:00","2025-11-07 00:00:00"
"VCRI11","20.8338","0.4740","-1.0197","9.879","0.000","2024-05-22 00:00:00","2025-11-07 00:00:00"
"VCRR11","27.3266","0.0890","-0.2414","2.427","0.005","2024-05-22 00:00:00","2025-11-07 00:00:00"
"VERE11","0.0000","0.0000","0.0000","0.000","0.000","2025-07-02 00:00:00","2025-11-07 00:00:00"
"VGHF11","16.0129","0.8582","-0.3347","13.746","0.000","2024-05-22 00:00:00","2025-11-07 00:00:00"
"VGII11","0.0000","0.0000",NULL,NULL,"0.000","2025-07-02 00:00:00","2025-11-07 00:00:00"
"VGIP11","20.9795","0.0267","-0.2711","0.561","0.005","2024-05-22 00:00:00","2025-11-07 00:00:00"
"VGIR11","11.7666","0.0815","-1.6291","0.959","0.001","2024-05-22 00:00:00","2025-11-07 00:00:00"
"VGRI11","20.9926","0.5514","-0.4751","11.652","0.001","2024-05-22 00:00:00","2025-11-07 00:00:00"
"VILG11","17.6996","0.2843","-0.0816","5.025","0.012","2024-05-22 00:00:00","2025-11-07 00:00:00"
"VINO11","22.6671","0.0789","-4.3711","1.786","0.000","2024-05-22 00:00:00","2025-09-21 00:00:00"
"VISC11","16.6116","0.2675","-0.1600","4.447","0.007","2024-05-22 00:00:00","2025-09-21 00:00:00"
"VIUR11","22.5969","0.1690","-2.0378","3.822","0.001","2024-05-22 00:00:00","2025-11-07 00:00:00"
"VJFD11","0.0000","0.0000","0.0000","0.000","0.000","2025-07-02 00:00:00","2025-11-07 00:00:00"
"VOTS11","43.4143","0.1045","0.2477","4.552","-0.004","2024-05-22 00:00:00","2025-11-07 00:00:00"
"VPPR11","18.9760","-1.5907","-16.2492","-30.332","0.000","2025-07-02 00:00:00","2025-11-07 00:00:00"
"VPSI11","0.0000","0.0000",NULL,NULL,"0.000","2025-07-02 00:00:00","2025-11-07 00:00:00"
"VRTA11","15.2559","0.3694","-0.1088","5.638","0.008","2024-05-22 00:00:00","2025-11-07 00:00:00"
"VRTM11","17.6778","0.5205","-0.9508","9.202","0.001","2024-05-29 00:00:00","2025-11-07 00:00:00"
"VSHO11","20.5376","0.7881","0.0207","16.187","0.006","2024-05-22 00:00:00","2025-10-05 00:00:00"
"VSLH11","18.0182","0.3923","-3.0475","7.075","0.000","2024-05-22 00:00:00","2025-11-07 00:00:00"
"VTLT11","17.6553","0.3743","-0.2024","6.602","0.004","2024-05-22 00:00:00","2025-11-07 00:00:00"
"VTPL11","0.0000","0.0000","0.1546","3.629","-0.007","2025-07-02 00:00:00","2025-11-07 00:00:00"
"VVCO11","23.6904","0.2360","-1.6231","5.588","0.001","2024-05-22 00:00:00","2025-09-21 00:00:00"
"VVCR11","29.3127","0.0958","2.0576","2.808","-0.001","2024-05-22 00:00:00","2025-11-07 00:00:00"
"VVMR11","45.5785","-0.0989","-0.6796","-4.518","0.003","2024-05-22 00:00:00","2025-09-21 00:00:00"
"VVPR11","0.0000","0.0000","0.0000","0.000","0.000","2024-05-22 00:00:00","2025-11-07 00:00:00"
"VVRI11","89.6021","0.1129","-0.0496","10.120","0.010","2024-05-22 00:00:00","2025-11-07 00:00:00"
"VXXV11","2.4454","-25.4285","1.2506","-62.184","-0.006","2024-05-22 00:00:00","2025-11-07 00:00:00"
"WHGR11","16.2815","0.7885","-1.2745","12.856","0.000","2024-05-22 00:00:00","2025-11-07 00:00:00"
"WPLZ11","38.6594","0.1452","0.0791","5.596","-0.012","2024-05-22 00:00:00","2025-09-21 00:00:00"
"WSEC11","79.0043","0.1430","0.3139","11.255","-0.001","2024-05-22 00:00:00","2025-11-07 00:00:00"
"WTSP11","65.1396","-0.0008","0.5520","-0.055","-0.003","2024-06-10 00:00:00","2025-11-07 00:00:00"
"XPCI11","18.0241","0.6057","-0.0675","10.917","0.006","2024-05-22 00:00:00","2025-11-07 00:00:00"
"XPCM11","41.7961","0.1367","-5.9600","5.695","0.000","2024-05-22 00:00:00","2025-09-21 00:00:00"
"XPIN11","15.7579","0.3523","-0.1269","5.554","0.007","2024-05-22 00:00:00","2025-11-07 00:00:00"
"XPLG11","14.8976","0.2746","-0.2726","4.099","0.004","2024-05-22 00:00:00","2025-11-07 00:00:00"
"XPML11","14.0650","0.2179","-0.1760","3.065","0.007","2024-05-22 00:00:00","2025-10-26 00:00:00"
"XPSF11","18.1038","0.8812","0.2573","15.906","0.000","2024-05-22 00:00:00","2025-11-07 00:00:00"
"YEES11","0.0000","0.0000",NULL,NULL,"0.000","2025-07-02 00:00:00","2025-11-07 00:00:00"
"YUFI11","7.7769","-0.3748","-0.2139","-2.914","0.008","2024-05-22 00:00:00","2025-11-07 00:00:00"
"ZAGH11","69.3198","0.0662","-1.4279","4.584","0.001","2024-06-10 00:00:00","2025-09-28 00:00:00"
"ZAVC11","50.3227","0.2117","-1.4838","10.633","0.000","2024-06-10 00:00:00","2025-11-07 00:00:00"
"ZAVI11","31.3945","0.4894","0.0120","15.402","0.005","2024-05-22 00:00:00","2025-11-07 00:00:00"
"ZIFI11","63.9020","-0.0145","0.0204","-0.935","-0.078","2024-05-22 00:00:00","2025-11-07 00:00:00"
